"project","organism","file_source","project_home","project_type","n_samples"
"SRP170963","mouse","sra","data_sources/sra","data_sources",368
"SRP045763","mouse","sra","data_sources/sra","data_sources",22
"DRP005463","mouse","sra","data_sources/sra","data_sources",12
"SRP172863","mouse","sra","data_sources/sra","data_sources",8
"SRP186363","mouse","sra","data_sources/sra","data_sources",13
"SRP101363","mouse","sra","data_sources/sra","data_sources",22
"SRP211763","mouse","sra","data_sources/sra","data_sources",12
"SRP151463","mouse","sra","data_sources/sra","data_sources",28
"SRP073063","mouse","sra","data_sources/sra","data_sources",12
"SRP116963","mouse","sra","data_sources/sra","data_sources",2
"SRP094963","mouse","sra","data_sources/sra","data_sources",12
"SRP078563","mouse","sra","data_sources/sra","data_sources",54
"SRP057563","mouse","sra","data_sources/sra","data_sources",31
"SRP124663","mouse","sra","data_sources/sra","data_sources",9
"SRP109763","mouse","sra","data_sources/sra","data_sources",24
"SRP034663","mouse","sra","data_sources/sra","data_sources",14
"SRP058363","mouse","sra","data_sources/sra","data_sources",8
"SRP096963","mouse","sra","data_sources/sra","data_sources",18
"SRP145463","mouse","sra","data_sources/sra","data_sources",4
"SRP214463","mouse","sra","data_sources/sra","data_sources",8
"SRP173963","mouse","sra","data_sources/sra","data_sources",12
"SRP115363","mouse","sra","data_sources/sra","data_sources",16
"SRP120563","mouse","sra","data_sources/sra","data_sources",24
"SRP200563","mouse","sra","data_sources/sra","data_sources",30
"SRP096363","mouse","sra","data_sources/sra","data_sources",8
"SRP136563","mouse","sra","data_sources/sra","data_sources",6
"SRP182063","mouse","sra","data_sources/sra","data_sources",13
"SRP102963","mouse","sra","data_sources/sra","data_sources",1
"SRP175263","mouse","sra","data_sources/sra","data_sources",6
"SRP119763","mouse","sra","data_sources/sra","data_sources",4
"SRP132563","mouse","sra","data_sources/sra","data_sources",1
"SRP091863","mouse","sra","data_sources/sra","data_sources",16
"SRP066863","mouse","sra","data_sources/sra","data_sources",4
"SRP063063","mouse","sra","data_sources/sra","data_sources",252
"SRP194263","mouse","sra","data_sources/sra","data_sources",18
"SRP214663","mouse","sra","data_sources/sra","data_sources",10
"SRP093363","mouse","sra","data_sources/sra","data_sources",12
"SRP049363","mouse","sra","data_sources/sra","data_sources",6
"SRP058063","mouse","sra","data_sources/sra","data_sources",7
"SRP070963","mouse","sra","data_sources/sra","data_sources",29
"SRP057763","mouse","sra","data_sources/sra","data_sources",8
"SRP093263","mouse","sra","data_sources/sra","data_sources",3
"SRP124463","mouse","sra","data_sources/sra","data_sources",12
"SRP098763","mouse","sra","data_sources/sra","data_sources",2
"SRP226863","mouse","sra","data_sources/sra","data_sources",9
"SRP051463","mouse","sra","data_sources/sra","data_sources",14
"SRP066963","mouse","sra","data_sources/sra","data_sources",425
"SRP132463","mouse","sra","data_sources/sra","data_sources",6
"SRP106863","mouse","sra","data_sources/sra","data_sources",18
"ERP018163","mouse","sra","data_sources/sra","data_sources",16
"SRP071963","mouse","sra","data_sources/sra","data_sources",60
"SRP128663","mouse","sra","data_sources/sra","data_sources",16
"SRP201863","mouse","sra","data_sources/sra","data_sources",6
"SRP067763","mouse","sra","data_sources/sra","data_sources",16
"SRP216863","mouse","sra","data_sources/sra","data_sources",1533
"SRP063563","mouse","sra","data_sources/sra","data_sources",8
"SRP041363","mouse","sra","data_sources/sra","data_sources",6
"SRP141163","mouse","sra","data_sources/sra","data_sources",3
"SRP056963","mouse","sra","data_sources/sra","data_sources",4
"SRP113763","mouse","sra","data_sources/sra","data_sources",99
"SRP176663","mouse","sra","data_sources/sra","data_sources",190
"SRP049763","mouse","sra","data_sources/sra","data_sources",36
"SRP082563","mouse","sra","data_sources/sra","data_sources",9
"SRP091663","mouse","sra","data_sources/sra","data_sources",4
"SRP077563","mouse","sra","data_sources/sra","data_sources",14
"SRP078263","mouse","sra","data_sources/sra","data_sources",3
"SRP071663","mouse","sra","data_sources/sra","data_sources",1
"SRP221463","mouse","sra","data_sources/sra","data_sources",6
"SRP100463","mouse","sra","data_sources/sra","data_sources",631
"SRP133163","mouse","sra","data_sources/sra","data_sources",11
"SRP215863","mouse","sra","data_sources/sra","data_sources",48
"ERP003263","mouse","sra","data_sources/sra","data_sources",55
"SRP052063","mouse","sra","data_sources/sra","data_sources",2
"SRP118963","mouse","sra","data_sources/sra","data_sources",9
"SRP076563","mouse","sra","data_sources/sra","data_sources",3
"SRP215263","mouse","sra","data_sources/sra","data_sources",8
"SRP032963","mouse","sra","data_sources/sra","data_sources",8
"SRP158763","mouse","sra","data_sources/sra","data_sources",20
"SRP074463","mouse","sra","data_sources/sra","data_sources",40
"SRP035263","mouse","sra","data_sources/sra","data_sources",8
"DRP002863","mouse","sra","data_sources/sra","data_sources",150
"SRP237663","mouse","sra","data_sources/sra","data_sources",2
"SRP045263","mouse","sra","data_sources/sra","data_sources",6
"SRP213363","mouse","sra","data_sources/sra","data_sources",12
"ERP110063","mouse","sra","data_sources/sra","data_sources",8
"SRP121163","mouse","sra","data_sources/sra","data_sources",1
"SRP103763","mouse","sra","data_sources/sra","data_sources",4
"SRP189163","mouse","sra","data_sources/sra","data_sources",4
"SRP070463","mouse","sra","data_sources/sra","data_sources",6
"SRP032163","mouse","sra","data_sources/sra","data_sources",6
"SRP035863","mouse","sra","data_sources/sra","data_sources",2
"SRP125963","mouse","sra","data_sources/sra","data_sources",6
"SRP131263","mouse","sra","data_sources/sra","data_sources",30
"SRP132963","mouse","sra","data_sources/sra","data_sources",12
"SRP225463","mouse","sra","data_sources/sra","data_sources",12
"DRP003863","mouse","sra","data_sources/sra","data_sources",4
"SRP159463","mouse","sra","data_sources/sra","data_sources",12
"SRP130963","mouse","sra","data_sources/sra","data_sources",45
"ERP014163","mouse","sra","data_sources/sra","data_sources",6
"SRP053363","mouse","sra","data_sources/sra","data_sources",12
"ERP010363","mouse","sra","data_sources/sra","data_sources",12
"SRP045963","mouse","sra","data_sources/sra","data_sources",37
"DRP001263","mouse","sra","data_sources/sra","data_sources",4
"SRP036863","mouse","sra","data_sources/sra","data_sources",10
"SRP153163","mouse","sra","data_sources/sra","data_sources",8
"SRP045363","mouse","sra","data_sources/sra","data_sources",8
"SRP128463","mouse","sra","data_sources/sra","data_sources",1
"SRP074763","mouse","sra","data_sources/sra","data_sources",9
"SRP146063","mouse","sra","data_sources/sra","data_sources",27
"SRP059663","mouse","sra","data_sources/sra","data_sources",3
"SRP183514","mouse","sra","data_sources/sra","data_sources",5
"SRP049514","mouse","sra","data_sources/sra","data_sources",6
"SRP052914","mouse","sra","data_sources/sra","data_sources",6
"SRP130914","mouse","sra","data_sources/sra","data_sources",18
"SRP214114","mouse","sra","data_sources/sra","data_sources",91
"SRP126314","mouse","sra","data_sources/sra","data_sources",40
"SRP137014","mouse","sra","data_sources/sra","data_sources",100
"ERP023614","mouse","sra","data_sources/sra","data_sources",11
"SRP221714","mouse","sra","data_sources/sra","data_sources",7
"SRP131314","mouse","sra","data_sources/sra","data_sources",6
"ERP113014","mouse","sra","data_sources/sra","data_sources",54
"SRP151014","mouse","sra","data_sources/sra","data_sources",44
"SRP121014","mouse","sra","data_sources/sra","data_sources",6
"ERP012814","mouse","sra","data_sources/sra","data_sources",20
"SRP051814","mouse","sra","data_sources/sra","data_sources",8
"SRP056114","mouse","sra","data_sources/sra","data_sources",12
"SRP218614","mouse","sra","data_sources/sra","data_sources",39
"SRP089914","mouse","sra","data_sources/sra","data_sources",12
"DRP003214","mouse","sra","data_sources/sra","data_sources",40
"DRP001314","mouse","sra","data_sources/sra","data_sources",3
"SRP201114","mouse","sra","data_sources/sra","data_sources",108
"SRP030014","mouse","sra","data_sources/sra","data_sources",9
"SRP170614","mouse","sra","data_sources/sra","data_sources",2
"SRP077714","mouse","sra","data_sources/sra","data_sources",8
"SRP219614","mouse","sra","data_sources/sra","data_sources",24
"SRP124314","mouse","sra","data_sources/sra","data_sources",16
"SRP099814","mouse","sra","data_sources/sra","data_sources",2
"SRP216314","mouse","sra","data_sources/sra","data_sources",7
"SRP153814","mouse","sra","data_sources/sra","data_sources",54
"SRP046114","mouse","sra","data_sources/sra","data_sources",2
"SRP154114","mouse","sra","data_sources/sra","data_sources",60
"SRP223514","mouse","sra","data_sources/sra","data_sources",60
"SRP140014","mouse","sra","data_sources/sra","data_sources",6
"SRP110714","mouse","sra","data_sources/sra","data_sources",6
"SRP063414","mouse","sra","data_sources/sra","data_sources",6
"SRP050114","mouse","sra","data_sources/sra","data_sources",4
"SRP118914","mouse","sra","data_sources/sra","data_sources",10
"SRP052014","mouse","sra","data_sources/sra","data_sources",9
"SRP057814","mouse","sra","data_sources/sra","data_sources",12
"SRP026214","mouse","sra","data_sources/sra","data_sources",26
"DRP005314","mouse","sra","data_sources/sra","data_sources",3
"SRP158614","mouse","sra","data_sources/sra","data_sources",4
"SRP092614","mouse","sra","data_sources/sra","data_sources",6
"ERP020514","mouse","sra","data_sources/sra","data_sources",12
"SRP136814","mouse","sra","data_sources/sra","data_sources",8
"SRP201214","mouse","sra","data_sources/sra","data_sources",8
"SRP144914","mouse","sra","data_sources/sra","data_sources",6
"SRP060414","mouse","sra","data_sources/sra","data_sources",5
"SRP221514","mouse","sra","data_sources/sra","data_sources",54
"SRP075114","mouse","sra","data_sources/sra","data_sources",12
"SRP110814","mouse","sra","data_sources/sra","data_sources",8
"SRP066314","mouse","sra","data_sources/sra","data_sources",166
"SRP227814","mouse","sra","data_sources/sra","data_sources",4
"SRP011014","mouse","sra","data_sources/sra","data_sources",12
"SRP106814","mouse","sra","data_sources/sra","data_sources",8
"SRP155414","mouse","sra","data_sources/sra","data_sources",8
"SRP226214","mouse","sra","data_sources/sra","data_sources",6
"SRP107214","mouse","sra","data_sources/sra","data_sources",8
"SRP193114","mouse","sra","data_sources/sra","data_sources",6
"SRP136714","mouse","sra","data_sources/sra","data_sources",24
"SRP106914","mouse","sra","data_sources/sra","data_sources",22
"SRP043714","mouse","sra","data_sources/sra","data_sources",6
"SRP051514","mouse","sra","data_sources/sra","data_sources",12
"SRP062014","mouse","sra","data_sources/sra","data_sources",9
"ERP111614","mouse","sra","data_sources/sra","data_sources",12
"SRP071214","mouse","sra","data_sources/sra","data_sources",20
"SRP070814","mouse","sra","data_sources/sra","data_sources",29
"SRP117214","mouse","sra","data_sources/sra","data_sources",8
"SRP179614","mouse","sra","data_sources/sra","data_sources",10
"ERP016514","mouse","sra","data_sources/sra","data_sources",68
"SRP113014","mouse","sra","data_sources/sra","data_sources",303
"SRP188514","mouse","sra","data_sources/sra","data_sources",6
"SRP071014","mouse","sra","data_sources/sra","data_sources",12
"SRP163014","mouse","sra","data_sources/sra","data_sources",6
"SRP072114","mouse","sra","data_sources/sra","data_sources",40
"SRP115914","mouse","sra","data_sources/sra","data_sources",2
"SRP041414","mouse","sra","data_sources/sra","data_sources",4
"SRP075814","mouse","sra","data_sources/sra","data_sources",58
"SRP121514","mouse","sra","data_sources/sra","data_sources",8
"SRP099414","mouse","sra","data_sources/sra","data_sources",12
"SRP186214","mouse","sra","data_sources/sra","data_sources",16
"SRP081314","mouse","sra","data_sources/sra","data_sources",4
"SRP095814","mouse","sra","data_sources/sra","data_sources",2
"SRP029314","mouse","sra","data_sources/sra","data_sources",4
"SRP155714","mouse","sra","data_sources/sra","data_sources",26
"SRP056414","mouse","sra","data_sources/sra","data_sources",4
"SRP119514","mouse","sra","data_sources/sra","data_sources",19
"SRP164314","mouse","sra","data_sources/sra","data_sources",12
"SRP092014","mouse","sra","data_sources/sra","data_sources",5
"SRP095914","mouse","sra","data_sources/sra","data_sources",6
"SRP103214","mouse","sra","data_sources/sra","data_sources",108
"SRP151414","mouse","sra","data_sources/sra","data_sources",12
"SRP150414","mouse","sra","data_sources/sra","data_sources",4
"SRP102214","mouse","sra","data_sources/sra","data_sources",23
"SRP083914","mouse","sra","data_sources/sra","data_sources",56
"SRP077214","mouse","sra","data_sources/sra","data_sources",34
"SRP106014","mouse","sra","data_sources/sra","data_sources",2
"SRP009469","mouse","sra","data_sources/sra","data_sources",3
"ERP006669","mouse","sra","data_sources/sra","data_sources",2
"SRP215469","mouse","sra","data_sources/sra","data_sources",16
"DRP003669","mouse","sra","data_sources/sra","data_sources",2
"SRP063269","mouse","sra","data_sources/sra","data_sources",78
"SRP200569","mouse","sra","data_sources/sra","data_sources",16
"DRP002669","mouse","sra","data_sources/sra","data_sources",8
"SRP102369","mouse","sra","data_sources/sra","data_sources",8
"ERP016569","mouse","sra","data_sources/sra","data_sources",14
"SRP036769","mouse","sra","data_sources/sra","data_sources",8
"SRP118469","mouse","sra","data_sources/sra","data_sources",18
"SRP156769","mouse","sra","data_sources/sra","data_sources",135
"SRP082369","mouse","sra","data_sources/sra","data_sources",6
"SRP106069","mouse","sra","data_sources/sra","data_sources",6
"SRP061869","mouse","sra","data_sources/sra","data_sources",12
"SRP126769","mouse","sra","data_sources/sra","data_sources",72
"SRP115269","mouse","sra","data_sources/sra","data_sources",18
"DRP004469","mouse","sra","data_sources/sra","data_sources",2
"SRP116969","mouse","sra","data_sources/sra","data_sources",96
"SRP114869","mouse","sra","data_sources/sra","data_sources",40
"DRP000669","mouse","sra","data_sources/sra","data_sources",1
"SRP165869","mouse","sra","data_sources/sra","data_sources",4
"SRP043469","mouse","sra","data_sources/sra","data_sources",6
"SRP067169","mouse","sra","data_sources/sra","data_sources",6
"SRP090169","mouse","sra","data_sources/sra","data_sources",18
"SRP170969","mouse","sra","data_sources/sra","data_sources",1922
"SRP108769","mouse","sra","data_sources/sra","data_sources",8
"SRP092069","mouse","sra","data_sources/sra","data_sources",41
"SRP097869","mouse","sra","data_sources/sra","data_sources",12
"SRP103069","mouse","sra","data_sources/sra","data_sources",9
"SRP066969","mouse","sra","data_sources/sra","data_sources",27
"SRP133469","mouse","sra","data_sources/sra","data_sources",9
"SRP032669","mouse","sra","data_sources/sra","data_sources",8
"ERP106769","mouse","sra","data_sources/sra","data_sources",39
"ERP117469","mouse","sra","data_sources/sra","data_sources",16
"SRP124469","mouse","sra","data_sources/sra","data_sources",12
"SRP093269","mouse","sra","data_sources/sra","data_sources",14
"SRP174369","mouse","sra","data_sources/sra","data_sources",13
"SRP106369","mouse","sra","data_sources/sra","data_sources",8
"SRP023469","mouse","sra","data_sources/sra","data_sources",8
"ERP003669","mouse","sra","data_sources/sra","data_sources",12
"SRP163269","mouse","sra","data_sources/sra","data_sources",1920
"SRP066869","mouse","sra","data_sources/sra","data_sources",3
"SRP186069","mouse","sra","data_sources/sra","data_sources",12
"SRP198469","mouse","sra","data_sources/sra","data_sources",6
"SRP191069","mouse","sra","data_sources/sra","data_sources",10
"SRP119769","mouse","sra","data_sources/sra","data_sources",5
"SRP092769","mouse","sra","data_sources/sra","data_sources",8
"SRP065769","mouse","sra","data_sources/sra","data_sources",28
"SRP201969","mouse","sra","data_sources/sra","data_sources",17
"SRP229069","mouse","sra","data_sources/sra","data_sources",28
"SRP103569","mouse","sra","data_sources/sra","data_sources",2
"SRP033369","mouse","sra","data_sources/sra","data_sources",16
"DRP004969","mouse","sra","data_sources/sra","data_sources",2
"SRP094469","mouse","sra","data_sources/sra","data_sources",25
"SRP133169","mouse","sra","data_sources/sra","data_sources",34
"SRP169969","mouse","sra","data_sources/sra","data_sources",40
"SRP100469","mouse","sra","data_sources/sra","data_sources",4
"SRP104669","mouse","sra","data_sources/sra","data_sources",8
"SRP058569","mouse","sra","data_sources/sra","data_sources",20
"SRP183669","mouse","sra","data_sources/sra","data_sources",9
"SRP064669","mouse","sra","data_sources/sra","data_sources",4
"SRP109169","mouse","sra","data_sources/sra","data_sources",27
"SRP036069","mouse","sra","data_sources/sra","data_sources",12
"SRP134969","mouse","sra","data_sources/sra","data_sources",14
"SRP073669","mouse","sra","data_sources/sra","data_sources",2
"ERP113269","mouse","sra","data_sources/sra","data_sources",2
"SRP215969","mouse","sra","data_sources/sra","data_sources",8
"SRP150269","mouse","sra","data_sources/sra","data_sources",78
"SRP094569","mouse","sra","data_sources/sra","data_sources",6
"SRP072669","mouse","sra","data_sources/sra","data_sources",12
"SRP110669","mouse","sra","data_sources/sra","data_sources",721
"SRP101569","mouse","sra","data_sources/sra","data_sources",10
"SRP063569","mouse","sra","data_sources/sra","data_sources",10
"SRP033269","mouse","sra","data_sources/sra","data_sources",10
"SRP173469","mouse","sra","data_sources/sra","data_sources",48
"SRP043269","mouse","sra","data_sources/sra","data_sources",8
"SRP070769","mouse","sra","data_sources/sra","data_sources",95
"SRP118869","mouse","sra","data_sources/sra","data_sources",6
"SRP024269","mouse","sra","data_sources/sra","data_sources",20
"SRP059669","mouse","sra","data_sources/sra","data_sources",11
"SRP146069","mouse","sra","data_sources/sra","data_sources",54
"SRP125269","mouse","sra","data_sources/sra","data_sources",8
"SRP045369","mouse","sra","data_sources/sra","data_sources",16
"SRP213269","mouse","sra","data_sources/sra","data_sources",8
"SRP157969","mouse","sra","data_sources/sra","data_sources",12
"SRP060669","mouse","sra","data_sources/sra","data_sources",8
"DRP004069","mouse","sra","data_sources/sra","data_sources",63
"SRP077669","mouse","sra","data_sources/sra","data_sources",30
"ERP011969","mouse","sra","data_sources/sra","data_sources",6
"SRP130969","mouse","sra","data_sources/sra","data_sources",12
"SRP064469","mouse","sra","data_sources/sra","data_sources",6
"SRP075769","mouse","sra","data_sources/sra","data_sources",12
"SRP064569","mouse","sra","data_sources/sra","data_sources",6
"ERP014069","mouse","sra","data_sources/sra","data_sources",20
"SRP018969","mouse","sra","data_sources/sra","data_sources",5
"SRP161569","mouse","sra","data_sources/sra","data_sources",97
"SRP023269","mouse","sra","data_sources/sra","data_sources",2
"SRP132369","mouse","sra","data_sources/sra","data_sources",2
"SRP162469","mouse","sra","data_sources/sra","data_sources",24
"DRP003269","mouse","sra","data_sources/sra","data_sources",36
"SRP121169","mouse","sra","data_sources/sra","data_sources",1
"SRP109869","mouse","sra","data_sources/sra","data_sources",46
"SRP090469","mouse","sra","data_sources/sra","data_sources",8
"SRP067469","mouse","sra","data_sources/sra","data_sources",1
"ERP108769","mouse","sra","data_sources/sra","data_sources",6
"SRP131869","mouse","sra","data_sources/sra","data_sources",6
"ERP004369","mouse","sra","data_sources/sra","data_sources",48
"SRP011987","mouse","sra","data_sources/sra","data_sources",12
"SRP159187","mouse","sra","data_sources/sra","data_sources",2
"SRP148287","mouse","sra","data_sources/sra","data_sources",120
"ERP005787","mouse","sra","data_sources/sra","data_sources",16
"SRP034687","mouse","sra","data_sources/sra","data_sources",1
"SRP114987","mouse","sra","data_sources/sra","data_sources",27
"SRP166887","mouse","sra","data_sources/sra","data_sources",114
"SRP074887","mouse","sra","data_sources/sra","data_sources",80
"SRP071087","mouse","sra","data_sources/sra","data_sources",21
"SRP188587","mouse","sra","data_sources/sra","data_sources",16
"SRP161187","mouse","sra","data_sources/sra","data_sources",4
"SRP065187","mouse","sra","data_sources/sra","data_sources",18
"SRP108687","mouse","sra","data_sources/sra","data_sources",9
"SRP059387","mouse","sra","data_sources/sra","data_sources",12
"SRP076387","mouse","sra","data_sources/sra","data_sources",12
"SRP144587","mouse","sra","data_sources/sra","data_sources",18
"SRP100987","mouse","sra","data_sources/sra","data_sources",102
"SRP076287","mouse","sra","data_sources/sra","data_sources",24
"SRP090187","mouse","sra","data_sources/sra","data_sources",5
"SRP045787","mouse","sra","data_sources/sra","data_sources",5
"SRP136487","mouse","sra","data_sources/sra","data_sources",12
"SRP108787","mouse","sra","data_sources/sra","data_sources",20
"SRP166987","mouse","sra","data_sources/sra","data_sources",11
"SRP223287","mouse","sra","data_sources/sra","data_sources",32
"SRP029887","mouse","sra","data_sources/sra","data_sources",5
"ERP016487","mouse","sra","data_sources/sra","data_sources",80
"SRP091387","mouse","sra","data_sources/sra","data_sources",8
"ERP016687","mouse","sra","data_sources/sra","data_sources",9
"ERP113687","mouse","sra","data_sources/sra","data_sources",9
"SRP180887","mouse","sra","data_sources/sra","data_sources",20
"SRP150687","mouse","sra","data_sources/sra","data_sources",192
"SRP158887","mouse","sra","data_sources/sra","data_sources",16
"SRP143487","mouse","sra","data_sources/sra","data_sources",13
"SRP091987","mouse","sra","data_sources/sra","data_sources",24
"SRP104987","mouse","sra","data_sources/sra","data_sources",6
"SRP116187","mouse","sra","data_sources/sra","data_sources",16
"SRP047487","mouse","sra","data_sources/sra","data_sources",20
"SRP127587","mouse","sra","data_sources/sra","data_sources",24
"SRP166087","mouse","sra","data_sources/sra","data_sources",12
"SRP132587","mouse","sra","data_sources/sra","data_sources",2
"ERP000787","mouse","sra","data_sources/sra","data_sources",6
"SRP198487","mouse","sra","data_sources/sra","data_sources",8
"SRP150787","mouse","sra","data_sources/sra","data_sources",16
"SRP165187","mouse","sra","data_sources/sra","data_sources",12
"SRP154187","mouse","sra","data_sources/sra","data_sources",12
"SRP069187","mouse","sra","data_sources/sra","data_sources",20
"SRP095487","mouse","sra","data_sources/sra","data_sources",2
"SRP220487","mouse","sra","data_sources/sra","data_sources",21
"SRP186487","mouse","sra","data_sources/sra","data_sources",6
"DRP001187","mouse","sra","data_sources/sra","data_sources",30
"SRP149487","mouse","sra","data_sources/sra","data_sources",8
"SRP074487","mouse","sra","data_sources/sra","data_sources",16
"SRP215287","mouse","sra","data_sources/sra","data_sources",19
"ERP009787","mouse","sra","data_sources/sra","data_sources",36
"SRP067687","mouse","sra","data_sources/sra","data_sources",2
"ERP018587","mouse","sra","data_sources/sra","data_sources",2
"SRP079387","mouse","sra","data_sources/sra","data_sources",6
"SRP059487","mouse","sra","data_sources/sra","data_sources",9
"SRP098987","mouse","sra","data_sources/sra","data_sources",18
"SRP024287","mouse","sra","data_sources/sra","data_sources",6
"SRP094587","mouse","sra","data_sources/sra","data_sources",53
"SRP078987","mouse","sra","data_sources/sra","data_sources",18
"SRP173487","mouse","sra","data_sources/sra","data_sources",6
"SRP113787","mouse","sra","data_sources/sra","data_sources",2
"SRP056987","mouse","sra","data_sources/sra","data_sources",6
"SRP042287","mouse","sra","data_sources/sra","data_sources",9
"SRP212087","mouse","sra","data_sources/sra","data_sources",6
"SRP221587","mouse","sra","data_sources/sra","data_sources",10
"SRP046087","mouse","sra","data_sources/sra","data_sources",36
"SRP219587","mouse","sra","data_sources/sra","data_sources",18
"SRP057387","mouse","sra","data_sources/sra","data_sources",41
"SRP159687","mouse","sra","data_sources/sra","data_sources",6
"SRP007487","mouse","sra","data_sources/sra","data_sources",12
"ERP013887","mouse","sra","data_sources/sra","data_sources",6
"ERP109687","mouse","sra","data_sources/sra","data_sources",16
"SRP091587","mouse","sra","data_sources/sra","data_sources",2
"SRP216087","mouse","sra","data_sources/sra","data_sources",10
"SRP213887","mouse","sra","data_sources/sra","data_sources",6
"SRP165687","mouse","sra","data_sources/sra","data_sources",6
"SRP001587","mouse","sra","data_sources/sra","data_sources",4
"SRP194587","mouse","sra","data_sources/sra","data_sources",729
"SRP102687","mouse","sra","data_sources/sra","data_sources",6
"SRP113587","mouse","sra","data_sources/sra","data_sources",24
"SRP188087","mouse","sra","data_sources/sra","data_sources",19
"SRP195587","mouse","sra","data_sources/sra","data_sources",6
"SRP224587","mouse","sra","data_sources/sra","data_sources",65
"SRP018287","mouse","sra","data_sources/sra","data_sources",59
"SRP166787","mouse","sra","data_sources/sra","data_sources",5
"SRP237787","mouse","sra","data_sources/sra","data_sources",13
"SRP047387","mouse","sra","data_sources/sra","data_sources",24
"SRP074687","mouse","sra","data_sources/sra","data_sources",5
"ERP010887","mouse","sra","data_sources/sra","data_sources",54
"SRP006787","mouse","sra","data_sources/sra","data_sources",38
"SRP050387","mouse","sra","data_sources/sra","data_sources",6
"SRP121187","mouse","sra","data_sources/sra","data_sources",1
"SRP156887","mouse","sra","data_sources/sra","data_sources",6
"SRP097787","mouse","sra","data_sources/sra","data_sources",16
"SRP170687","mouse","sra","data_sources/sra","data_sources",8
"SRP051387","mouse","sra","data_sources/sra","data_sources",18
"SRP100687","mouse","sra","data_sources/sra","data_sources",21
"SRP172787","mouse","sra","data_sources/sra","data_sources",96
"SRP200126","mouse","sra","data_sources/sra","data_sources",16
"SRP072526","mouse","sra","data_sources/sra","data_sources",38
"SRP121126","mouse","sra","data_sources/sra","data_sources",1
"SRP068326","mouse","sra","data_sources/sra","data_sources",12
"SRP074626","mouse","sra","data_sources/sra","data_sources",19
"SRP125326","mouse","sra","data_sources/sra","data_sources",2
"SRP156226","mouse","sra","data_sources/sra","data_sources",17
"SRP132926","mouse","sra","data_sources/sra","data_sources",22
"SRP091426","mouse","sra","data_sources/sra","data_sources",8
"SRP102726","mouse","sra","data_sources/sra","data_sources",3
"SRP201126","mouse","sra","data_sources/sra","data_sources",6
"SRP185726","mouse","sra","data_sources/sra","data_sources",18
"SRP095626","mouse","sra","data_sources/sra","data_sources",6
"DRP003926","mouse","sra","data_sources/sra","data_sources",8
"SRP234626","mouse","sra","data_sources/sra","data_sources",50
"ERP005226","mouse","sra","data_sources/sra","data_sources",3
"SRP125226","mouse","sra","data_sources/sra","data_sources",8
"SRP224526","mouse","sra","data_sources/sra","data_sources",9
"SRP017526","mouse","sra","data_sources/sra","data_sources",5
"SRP061626","mouse","sra","data_sources/sra","data_sources",54
"SRP124826","mouse","sra","data_sources/sra","data_sources",44
"SRP069826","mouse","sra","data_sources/sra","data_sources",24
"SRP214926","mouse","sra","data_sources/sra","data_sources",118
"SRP094526","mouse","sra","data_sources/sra","data_sources",1119
"SRP108126","mouse","sra","data_sources/sra","data_sources",12
"SRP019026","mouse","sra","data_sources/sra","data_sources",2
"SRP036026","mouse","sra","data_sources/sra","data_sources",10
"SRP091726","mouse","sra","data_sources/sra","data_sources",5
"SRP152326","mouse","sra","data_sources/sra","data_sources",4
"SRP056926","mouse","sra","data_sources/sra","data_sources",22
"SRP188226","mouse","sra","data_sources/sra","data_sources",17
"SRP042326","mouse","sra","data_sources/sra","data_sources",60
"SRP161726","mouse","sra","data_sources/sra","data_sources",40
"SRP151926","mouse","sra","data_sources/sra","data_sources",8
"ERP104326","mouse","sra","data_sources/sra","data_sources",12
"SRP234526","mouse","sra","data_sources/sra","data_sources",4
"SRP048626","mouse","sra","data_sources/sra","data_sources",6
"SRP108026","mouse","sra","data_sources/sra","data_sources",1504
"SRP119326","mouse","sra","data_sources/sra","data_sources",30
"SRP032926","mouse","sra","data_sources/sra","data_sources",57
"ERP104926","mouse","sra","data_sources/sra","data_sources",33
"SRP220426","mouse","sra","data_sources/sra","data_sources",7
"ERP112326","mouse","sra","data_sources/sra","data_sources",47
"SRP132526","mouse","sra","data_sources/sra","data_sources",24
"SRP151726","mouse","sra","data_sources/sra","data_sources",20
"SRP233226","mouse","sra","data_sources/sra","data_sources",45
"SRP096126","mouse","sra","data_sources/sra","data_sources",20
"SRP103126","mouse","sra","data_sources/sra","data_sources",24
"SRP197326","mouse","sra","data_sources/sra","data_sources",24
"SRP020526","mouse","sra","data_sources/sra","data_sources",61
"SRP049826","mouse","sra","data_sources/sra","data_sources",16
"SRP067226","mouse","sra","data_sources/sra","data_sources",6
"SRP073926","mouse","sra","data_sources/sra","data_sources",5
"SRP045426","mouse","sra","data_sources/sra","data_sources",100
"ERP107626","mouse","sra","data_sources/sra","data_sources",3
"SRP093326","mouse","sra","data_sources/sra","data_sources",20
"SRP216726","mouse","sra","data_sources/sra","data_sources",12
"SRP098626","mouse","sra","data_sources/sra","data_sources",20
"SRP062126","mouse","sra","data_sources/sra","data_sources",16
"ERP016626","mouse","sra","data_sources/sra","data_sources",6
"SRP110826","mouse","sra","data_sources/sra","data_sources",14
"SRP175326","mouse","sra","data_sources/sra","data_sources",9
"SRP218126","mouse","sra","data_sources/sra","data_sources",6
"SRP142426","mouse","sra","data_sources/sra","data_sources",6
"SRP198526","mouse","sra","data_sources/sra","data_sources",9
"SRP093826","mouse","sra","data_sources/sra","data_sources",4
"SRP052526","mouse","sra","data_sources/sra","data_sources",8
"SRP028826","mouse","sra","data_sources/sra","data_sources",1
"SRP190926","mouse","sra","data_sources/sra","data_sources",9
"SRP033426","mouse","sra","data_sources/sra","data_sources",4
"SRP117926","mouse","sra","data_sources/sra","data_sources",2
"SRP185826","mouse","sra","data_sources/sra","data_sources",12
"ERP105426","mouse","sra","data_sources/sra","data_sources",24
"SRP218326","mouse","sra","data_sources/sra","data_sources",12
"SRP116326","mouse","sra","data_sources/sra","data_sources",8
"SRP082326","mouse","sra","data_sources/sra","data_sources",24
"SRP145526","mouse","sra","data_sources/sra","data_sources",4
"SRP181026","mouse","sra","data_sources/sra","data_sources",7
"SRP188426","mouse","sra","data_sources/sra","data_sources",66
"SRP149926","mouse","sra","data_sources/sra","data_sources",33
"SRP060226","mouse","sra","data_sources/sra","data_sources",10
"SRP150426","mouse","sra","data_sources/sra","data_sources",4
"SRP114926","mouse","sra","data_sources/sra","data_sources",770
"SRP076926","mouse","sra","data_sources/sra","data_sources",6
"SRP149826","mouse","sra","data_sources/sra","data_sources",7
"SRP069726","mouse","sra","data_sources/sra","data_sources",9
"SRP080326","mouse","sra","data_sources/sra","data_sources",29
"SRP063826","mouse","sra","data_sources/sra","data_sources",6
"SRP013826","mouse","sra","data_sources/sra","data_sources",4
"SRP217526","mouse","sra","data_sources/sra","data_sources",288
"SRP116226","mouse","sra","data_sources/sra","data_sources",6
"SRP125726","mouse","sra","data_sources/sra","data_sources",4
"SRP229626","mouse","sra","data_sources/sra","data_sources",13
"SRP045626","mouse","sra","data_sources/sra","data_sources",8
"SRP043526","mouse","sra","data_sources/sra","data_sources",2
"SRP167826","mouse","sra","data_sources/sra","data_sources",23
"SRP077926","mouse","sra","data_sources/sra","data_sources",8
"SRP221551","mouse","sra","data_sources/sra","data_sources",7
"SRP238851","mouse","sra","data_sources/sra","data_sources",13
"SRP093651","mouse","sra","data_sources/sra","data_sources",6
"SRP166551","mouse","sra","data_sources/sra","data_sources",12
"DRP005251","mouse","sra","data_sources/sra","data_sources",12
"SRP054251","mouse","sra","data_sources/sra","data_sources",3
"SRP136251","mouse","sra","data_sources/sra","data_sources",28
"SRP146251","mouse","sra","data_sources/sra","data_sources",6
"SRP096551","mouse","sra","data_sources/sra","data_sources",21
"SRP063451","mouse","sra","data_sources/sra","data_sources",9
"ERP013151","mouse","sra","data_sources/sra","data_sources",19
"SRP092751","mouse","sra","data_sources/sra","data_sources",9
"SRP042951","mouse","sra","data_sources/sra","data_sources",4
"SRP149451","mouse","sra","data_sources/sra","data_sources",40
"SRP108051","mouse","sra","data_sources/sra","data_sources",68
"SRP182651","mouse","sra","data_sources/sra","data_sources",7
"SRP178051","mouse","sra","data_sources/sra","data_sources",19
"SRP076551","mouse","sra","data_sources/sra","data_sources",22
"DRP005351","mouse","sra","data_sources/sra","data_sources",14
"SRP238351","mouse","sra","data_sources/sra","data_sources",6
"SRP004451","mouse","sra","data_sources/sra","data_sources",2
"SRP106751","mouse","sra","data_sources/sra","data_sources",52
"SRP082451","mouse","sra","data_sources/sra","data_sources",24
"SRP099851","mouse","sra","data_sources/sra","data_sources",8
"SRP134851","mouse","sra","data_sources/sra","data_sources",7
"SRP053051","mouse","sra","data_sources/sra","data_sources",4
"SRP035851","mouse","sra","data_sources/sra","data_sources",7
"SRP150151","mouse","sra","data_sources/sra","data_sources",2
"SRP100651","mouse","sra","data_sources/sra","data_sources",12
"SRP132951","mouse","sra","data_sources/sra","data_sources",2
"SRP134051","mouse","sra","data_sources/sra","data_sources",63
"SRP162451","mouse","sra","data_sources/sra","data_sources",24
"SRP151151","mouse","sra","data_sources/sra","data_sources",85
"SRP103751","mouse","sra","data_sources/sra","data_sources",24
"SRP043151","mouse","sra","data_sources/sra","data_sources",16
"SRP121151","mouse","sra","data_sources/sra","data_sources",1
"SRP198351","mouse","sra","data_sources/sra","data_sources",15
"SRP070551","mouse","sra","data_sources/sra","data_sources",8
"SRP149751","mouse","sra","data_sources/sra","data_sources",8
"SRP092451","mouse","sra","data_sources/sra","data_sources",47
"ERP009451","mouse","sra","data_sources/sra","data_sources",68
"SRP132851","mouse","sra","data_sources/sra","data_sources",16
"DRP004051","mouse","sra","data_sources/sra","data_sources",22
"ERP104051","mouse","sra","data_sources/sra","data_sources",6
"SRP133251","mouse","sra","data_sources/sra","data_sources",4
"SRP155851","mouse","sra","data_sources/sra","data_sources",12
"SRP188051","mouse","sra","data_sources/sra","data_sources",93
"SRP053351","mouse","sra","data_sources/sra","data_sources",6
"SRP116951","mouse","sra","data_sources/sra","data_sources",2
"SRP098551","mouse","sra","data_sources/sra","data_sources",2
"SRP133651","mouse","sra","data_sources/sra","data_sources",48
"SRP040551","mouse","sra","data_sources/sra","data_sources",3
"SRP150451","mouse","sra","data_sources/sra","data_sources",15
"SRP096851","mouse","sra","data_sources/sra","data_sources",13
"SRP075351","mouse","sra","data_sources/sra","data_sources",4
"SRP186951","mouse","sra","data_sources/sra","data_sources",6
"SRP094951","mouse","sra","data_sources/sra","data_sources",8
"SRP066151","mouse","sra","data_sources/sra","data_sources",12
"SRP185851","mouse","sra","data_sources/sra","data_sources",6
"SRP056551","mouse","sra","data_sources/sra","data_sources",6
"SRP070151","mouse","sra","data_sources/sra","data_sources",4
"SRP220351","mouse","sra","data_sources/sra","data_sources",6
"ERP022251","mouse","sra","data_sources/sra","data_sources",384
"SRP058951","mouse","sra","data_sources/sra","data_sources",6
"SRP099451","mouse","sra","data_sources/sra","data_sources",4
"SRP173351","mouse","sra","data_sources/sra","data_sources",12
"SRP095851","mouse","sra","data_sources/sra","data_sources",21
"SRP058351","mouse","sra","data_sources/sra","data_sources",6
"SRP174051","mouse","sra","data_sources/sra","data_sources",12
"SRP103951","mouse","sra","data_sources/sra","data_sources",8
"SRP163051","mouse","sra","data_sources/sra","data_sources",4
"SRP166851","mouse","sra","data_sources/sra","data_sources",40
"SRP133751","mouse","sra","data_sources/sra","data_sources",24
"SRP040451","mouse","sra","data_sources/sra","data_sources",10
"SRP212751","mouse","sra","data_sources/sra","data_sources",9
"SRP218851","mouse","sra","data_sources/sra","data_sources",12
"SRP071251","mouse","sra","data_sources/sra","data_sources",2
"SRP156451","mouse","sra","data_sources/sra","data_sources",20
"SRP072951","mouse","sra","data_sources/sra","data_sources",6
"SRP228451","mouse","sra","data_sources/sra","data_sources",6
"SRP126451","mouse","sra","data_sources/sra","data_sources",9
"ERP016751","mouse","sra","data_sources/sra","data_sources",15
"SRP125551","mouse","sra","data_sources/sra","data_sources",10
"SRP072351","mouse","sra","data_sources/sra","data_sources",9
"SRP063051","mouse","sra","data_sources/sra","data_sources",14
"SRP013051","mouse","sra","data_sources/sra","data_sources",3
"SRP225951","mouse","sra","data_sources/sra","data_sources",20
"SRP189651","mouse","sra","data_sources/sra","data_sources",6
"ERP015751","mouse","sra","data_sources/sra","data_sources",123
"SRP107251","mouse","sra","data_sources/sra","data_sources",9
"SRP144751","mouse","sra","data_sources/sra","data_sources",8
"SRP049351","mouse","sra","data_sources/sra","data_sources",2
"SRP174351","mouse","sra","data_sources/sra","data_sources",138
"SRP015851","mouse","sra","data_sources/sra","data_sources",6
"SRP017951","mouse","sra","data_sources/sra","data_sources",4
"SRP224951","mouse","sra","data_sources/sra","data_sources",24
"SRP229494","mouse","sra","data_sources/sra","data_sources",20
"SRP144694","mouse","sra","data_sources/sra","data_sources",8
"SRP093994","mouse","sra","data_sources/sra","data_sources",24
"SRP199494","mouse","sra","data_sources/sra","data_sources",1894
"SRP048894","mouse","sra","data_sources/sra","data_sources",11
"SRP055794","mouse","sra","data_sources/sra","data_sources",16
"SRP091394","mouse","sra","data_sources/sra","data_sources",8
"SRP137694","mouse","sra","data_sources/sra","data_sources",6
"SRP160894","mouse","sra","data_sources/sra","data_sources",54
"SRP111294","mouse","sra","data_sources/sra","data_sources",12
"SRP073294","mouse","sra","data_sources/sra","data_sources",35
"SRP224994","mouse","sra","data_sources/sra","data_sources",9
"SRP132494","mouse","sra","data_sources/sra","data_sources",4
"SRP161894","mouse","sra","data_sources/sra","data_sources",20
"SRP108594","mouse","sra","data_sources/sra","data_sources",6
"SRP116194","mouse","sra","data_sources/sra","data_sources",8
"SRP081294","mouse","sra","data_sources/sra","data_sources",6
"SRP136494","mouse","sra","data_sources/sra","data_sources",72
"SRP128094","mouse","sra","data_sources/sra","data_sources",8
"SRP068694","mouse","sra","data_sources/sra","data_sources",12
"SRP102894","mouse","sra","data_sources/sra","data_sources",9
"SRP092094","mouse","sra","data_sources/sra","data_sources",18
"SRP077894","mouse","sra","data_sources/sra","data_sources",6
"SRP052794","mouse","sra","data_sources/sra","data_sources",18
"SRP075994","mouse","sra","data_sources/sra","data_sources",18
"SRP165894","mouse","sra","data_sources/sra","data_sources",12
"SRP102294","mouse","sra","data_sources/sra","data_sources",12
"SRP060294","mouse","sra","data_sources/sra","data_sources",14
"SRP199794","mouse","sra","data_sources/sra","data_sources",1152
"SRP120494","mouse","sra","data_sources/sra","data_sources",28
"ERP010794","mouse","sra","data_sources/sra","data_sources",20
"SRP040594","mouse","sra","data_sources/sra","data_sources",8
"SRP194194","mouse","sra","data_sources/sra","data_sources",18
"SRP186994","mouse","sra","data_sources/sra","data_sources",6
"SRP007294","mouse","sra","data_sources/sra","data_sources",10
"SRP104194","mouse","sra","data_sources/sra","data_sources",22
"SRP078594","mouse","sra","data_sources/sra","data_sources",48
"SRP173894","mouse","sra","data_sources/sra","data_sources",5
"SRP145494","mouse","sra","data_sources/sra","data_sources",48
"SRP168594","mouse","sra","data_sources/sra","data_sources",2
"SRP064194","mouse","sra","data_sources/sra","data_sources",8
"SRP008494","mouse","sra","data_sources/sra","data_sources",4
"ERP003494","mouse","sra","data_sources/sra","data_sources",20
"SRP163094","mouse","sra","data_sources/sra","data_sources",6
"SRP114994","mouse","sra","data_sources/sra","data_sources",67
"SRP073194","mouse","sra","data_sources/sra","data_sources",52
"SRP221294","mouse","sra","data_sources/sra","data_sources",4
"SRP075894","mouse","sra","data_sources/sra","data_sources",20
"SRP110194","mouse","sra","data_sources/sra","data_sources",28
"SRP077994","mouse","sra","data_sources/sra","data_sources",6
"SRP092194","mouse","sra","data_sources/sra","data_sources",8
"SRP107194","mouse","sra","data_sources/sra","data_sources",28
"SRP144494","mouse","sra","data_sources/sra","data_sources",9
"SRP038094","mouse","sra","data_sources/sra","data_sources",4
"SRP067494","mouse","sra","data_sources/sra","data_sources",22
"SRP154994","mouse","sra","data_sources/sra","data_sources",24
"SRP110594","mouse","sra","data_sources/sra","data_sources",12
"SRP094694","mouse","sra","data_sources/sra","data_sources",8
"SRP052294","mouse","sra","data_sources/sra","data_sources",26
"SRP043194","mouse","sra","data_sources/sra","data_sources",27
"SRP121194","mouse","sra","data_sources/sra","data_sources",1
"SRP097794","mouse","sra","data_sources/sra","data_sources",8
"SRP125994","mouse","sra","data_sources/sra","data_sources",4
"SRP188194","mouse","sra","data_sources/sra","data_sources",4
"SRP113494","mouse","sra","data_sources/sra","data_sources",144
"SRP102794","mouse","sra","data_sources/sra","data_sources",4
"SRP163494","mouse","sra","data_sources/sra","data_sources",12
"SRP075694","mouse","sra","data_sources/sra","data_sources",8
"ERP109794","mouse","sra","data_sources/sra","data_sources",40
"SRP050894","mouse","sra","data_sources/sra","data_sources",69
"SRP073494","mouse","sra","data_sources/sra","data_sources",13
"SRP186794","mouse","sra","data_sources/sra","data_sources",20
"SRP099194","mouse","sra","data_sources/sra","data_sources",18
"SRP218794","mouse","sra","data_sources/sra","data_sources",1
"DRP000894","mouse","sra","data_sources/sra","data_sources",6
"SRP237794","mouse","sra","data_sources/sra","data_sources",2
"SRP144194","mouse","sra","data_sources/sra","data_sources",8
"SRP024294","mouse","sra","data_sources/sra","data_sources",10
"SRP224794","mouse","sra","data_sources/sra","data_sources",68
"SRP074594","mouse","sra","data_sources/sra","data_sources",15
"SRP041394","mouse","sra","data_sources/sra","data_sources",2
"SRP101594","mouse","sra","data_sources/sra","data_sources",9
"SRP119894","mouse","sra","data_sources/sra","data_sources",10
"SRP117594","mouse","sra","data_sources/sra","data_sources",30
"SRP181694","mouse","sra","data_sources/sra","data_sources",8
"SRP044194","mouse","sra","data_sources/sra","data_sources",8
"SRP041994","mouse","sra","data_sources/sra","data_sources",4
"SRP168394","mouse","sra","data_sources/sra","data_sources",18
"SRP135294","mouse","sra","data_sources/sra","data_sources",14
"SRP049694","mouse","sra","data_sources/sra","data_sources",8
"SRP058594","mouse","sra","data_sources/sra","data_sources",12
"SRP109094","mouse","sra","data_sources/sra","data_sources",17
"SRP040294","mouse","sra","data_sources/sra","data_sources",7
"SRP113694","mouse","sra","data_sources/sra","data_sources",4
"SRP186494","mouse","sra","data_sources/sra","data_sources",6
"SRP025994","mouse","sra","data_sources/sra","data_sources",2
"SRP173594","mouse","sra","data_sources/sra","data_sources",4
"SRP092794","mouse","sra","data_sources/sra","data_sources",6
"SRP120994","mouse","sra","data_sources/sra","data_sources",6
"SRP059594","mouse","sra","data_sources/sra","data_sources",14
"SRP066970","mouse","sra","data_sources/sra","data_sources",17
"SRP039970","mouse","sra","data_sources/sra","data_sources",6
"SRP106870","mouse","sra","data_sources/sra","data_sources",2
"SRP045570","mouse","sra","data_sources/sra","data_sources",7
"SRP235070","mouse","sra","data_sources/sra","data_sources",41
"ERP115570","mouse","sra","data_sources/sra","data_sources",6
"SRP055670","mouse","sra","data_sources/sra","data_sources",2
"SRP137670","mouse","sra","data_sources/sra","data_sources",18
"SRP012170","mouse","sra","data_sources/sra","data_sources",2
"SRP224970","mouse","sra","data_sources/sra","data_sources",454
"ERP009870","mouse","sra","data_sources/sra","data_sources",3
"SRP095170","mouse","sra","data_sources/sra","data_sources",19
"SRP150770","mouse","sra","data_sources/sra","data_sources",16
"SRP201770","mouse","sra","data_sources/sra","data_sources",8
"ERP001770","mouse","sra","data_sources/sra","data_sources",36
"SRP187070","mouse","sra","data_sources/sra","data_sources",11
"SRP145670","mouse","sra","data_sources/sra","data_sources",15
"SRP104270","mouse","sra","data_sources/sra","data_sources",2
"ERP116570","mouse","sra","data_sources/sra","data_sources",44
"SRP081170","mouse","sra","data_sources/sra","data_sources",4
"SRP151770","mouse","sra","data_sources/sra","data_sources",8
"SRP028970","mouse","sra","data_sources/sra","data_sources",4
"ERP000570","mouse","sra","data_sources/sra","data_sources",7
"SRP169570","mouse","sra","data_sources/sra","data_sources",8
"SRP114370","mouse","sra","data_sources/sra","data_sources",18
"SRP166270","mouse","sra","data_sources/sra","data_sources",7
"SRP018770","mouse","sra","data_sources/sra","data_sources",3
"SRP158170","mouse","sra","data_sources/sra","data_sources",6
"SRP168570","mouse","sra","data_sources/sra","data_sources",23
"SRP055570","mouse","sra","data_sources/sra","data_sources",8
"SRP188570","mouse","sra","data_sources/sra","data_sources",16
"SRP221270","mouse","sra","data_sources/sra","data_sources",19
"SRP004870","mouse","sra","data_sources/sra","data_sources",29
"SRP201470","mouse","sra","data_sources/sra","data_sources",54
"SRP095370","mouse","sra","data_sources/sra","data_sources",6
"SRP193870","mouse","sra","data_sources/sra","data_sources",3
"SRP152570","mouse","sra","data_sources/sra","data_sources",20
"SRP078570","mouse","sra","data_sources/sra","data_sources",12
"ERP106570","mouse","sra","data_sources/sra","data_sources",2
"SRP168470","mouse","sra","data_sources/sra","data_sources",10
"SRP063970","mouse","sra","data_sources/sra","data_sources",8
"SRP118470","mouse","sra","data_sources/sra","data_sources",8
"SRP061870","mouse","sra","data_sources/sra","data_sources",15
"SRP175170","mouse","sra","data_sources/sra","data_sources",8
"SRP119470","mouse","sra","data_sources/sra","data_sources",9
"SRP172870","mouse","sra","data_sources/sra","data_sources",11
"SRP082970","mouse","sra","data_sources/sra","data_sources",2
"SRP184270","mouse","sra","data_sources/sra","data_sources",6
"SRP077870","mouse","sra","data_sources/sra","data_sources",4
"ERP013270","mouse","sra","data_sources/sra","data_sources",25
"SRP069870","mouse","sra","data_sources/sra","data_sources",2
"SRP059670","mouse","sra","data_sources/sra","data_sources",42
"SRP019270","mouse","sra","data_sources/sra","data_sources",11
"SRP148770","mouse","sra","data_sources/sra","data_sources",6
"SRP077670","mouse","sra","data_sources/sra","data_sources",12
"SRP071570","mouse","sra","data_sources/sra","data_sources",30
"SRP155870","mouse","sra","data_sources/sra","data_sources",38
"SRP100770","mouse","sra","data_sources/sra","data_sources",6
"SRP051270","mouse","sra","data_sources/sra","data_sources",3
"SRP051370","mouse","sra","data_sources/sra","data_sources",9
"SRP172770","mouse","sra","data_sources/sra","data_sources",16
"SRP161570","mouse","sra","data_sources/sra","data_sources",107
"SRP078070","mouse","sra","data_sources/sra","data_sources",8
"SRP106570","mouse","sra","data_sources/sra","data_sources",32
"SRP109270","mouse","sra","data_sources/sra","data_sources",9
"ERP105170","mouse","sra","data_sources/sra","data_sources",4
"SRP193770","mouse","sra","data_sources/sra","data_sources",8
"SRP155370","mouse","sra","data_sources/sra","data_sources",30
"SRP103770","mouse","sra","data_sources/sra","data_sources",16
"SRP189170","mouse","sra","data_sources/sra","data_sources",14
"SRP019970","mouse","sra","data_sources/sra","data_sources",11
"SRP121170","mouse","sra","data_sources/sra","data_sources",1
"SRP110570","mouse","sra","data_sources/sra","data_sources",5
"SRP072570","mouse","sra","data_sources/sra","data_sources",23
"SRP101670","mouse","sra","data_sources/sra","data_sources",9
"SRP063470","mouse","sra","data_sources/sra","data_sources",2
"SRP216970","mouse","sra","data_sources/sra","data_sources",6
"SRP070670","mouse","sra","data_sources/sra","data_sources",2
"SRP052070","mouse","sra","data_sources/sra","data_sources",3
"SRP157070","mouse","sra","data_sources/sra","data_sources",82
"SRP009270","mouse","sra","data_sources/sra","data_sources",12
"SRP188970","mouse","sra","data_sources/sra","data_sources",9
"SRP057270","mouse","sra","data_sources/sra","data_sources",8
"SRP214270","mouse","sra","data_sources/sra","data_sources",10
"SRP078270","mouse","sra","data_sources/sra","data_sources",24
"SRP104670","mouse","sra","data_sources/sra","data_sources",48
"SRP169970","mouse","sra","data_sources/sra","data_sources",30
"ERP016270","mouse","sra","data_sources/sra","data_sources",8
"SRP176670","mouse","sra","data_sources/sra","data_sources",9
"ERP115170","mouse","sra","data_sources/sra","data_sources",15
"SRP109170","mouse","sra","data_sources/sra","data_sources",6
"SRP136270","mouse","sra","data_sources/sra","data_sources",24
"SRP090770","mouse","sra","data_sources/sra","data_sources",48
"SRP070770","mouse","sra","data_sources/sra","data_sources",93
"SRP153370","mouse","sra","data_sources/sra","data_sources",6
"SRP094570","mouse","sra","data_sources/sra","data_sources",27
"ERP016870","mouse","sra","data_sources/sra","data_sources",25
"SRP134207","mouse","sra","data_sources/sra","data_sources",10
"ERP009707","mouse","sra","data_sources/sra","data_sources",12
"SRP213107","mouse","sra","data_sources/sra","data_sources",18
"SRP214807","mouse","sra","data_sources/sra","data_sources",12
"SRP111707","mouse","sra","data_sources/sra","data_sources",4
"SRP062407","mouse","sra","data_sources/sra","data_sources",36
"SRP131007","mouse","sra","data_sources/sra","data_sources",10
"SRP102507","mouse","sra","data_sources/sra","data_sources",6
"SRP199007","mouse","sra","data_sources/sra","data_sources",31
"ERP023507","mouse","sra","data_sources/sra","data_sources",12
"SRP212107","mouse","sra","data_sources/sra","data_sources",28
"SRP044007","mouse","sra","data_sources/sra","data_sources",4
"SRP151807","mouse","sra","data_sources/sra","data_sources",12
"SRP055207","mouse","sra","data_sources/sra","data_sources",8
"SRP179107","mouse","sra","data_sources/sra","data_sources",24
"SRP188207","mouse","sra","data_sources/sra","data_sources",132
"SRP086707","mouse","sra","data_sources/sra","data_sources",9
"SRP144907","mouse","sra","data_sources/sra","data_sources",32
"SRP137807","mouse","sra","data_sources/sra","data_sources",13
"SRP101507","mouse","sra","data_sources/sra","data_sources",48
"DRP004807","mouse","sra","data_sources/sra","data_sources",8
"SRP186507","mouse","sra","data_sources/sra","data_sources",39
"SRP061407","mouse","sra","data_sources/sra","data_sources",12
"SRP201807","mouse","sra","data_sources/sra","data_sources",18
"SRP068007","mouse","sra","data_sources/sra","data_sources",30
"SRP038707","mouse","sra","data_sources/sra","data_sources",6
"SRP048707","mouse","sra","data_sources/sra","data_sources",15
"SRP212807","mouse","sra","data_sources/sra","data_sources",9
"SRP045307","mouse","sra","data_sources/sra","data_sources",8
"SRP136007","mouse","sra","data_sources/sra","data_sources",8
"SRP124807","mouse","sra","data_sources/sra","data_sources",19
"SRP126907","mouse","sra","data_sources/sra","data_sources",12
"SRP037807","mouse","sra","data_sources/sra","data_sources",5
"SRP018807","mouse","sra","data_sources/sra","data_sources",2
"SRP115607","mouse","sra","data_sources/sra","data_sources",2
"SRP154207","mouse","sra","data_sources/sra","data_sources",8
"SRP167707","mouse","sra","data_sources/sra","data_sources",99
"SRP214107","mouse","sra","data_sources/sra","data_sources",2
"SRP132907","mouse","sra","data_sources/sra","data_sources",6
"SRP060707","mouse","sra","data_sources/sra","data_sources",4
"SRP200107","mouse","sra","data_sources/sra","data_sources",16
"SRP132307","mouse","sra","data_sources/sra","data_sources",6
"SRP109807","mouse","sra","data_sources/sra","data_sources",12
"SRP169107","mouse","sra","data_sources/sra","data_sources",5
"SRP178207","mouse","sra","data_sources/sra","data_sources",16
"SRP017407","mouse","sra","data_sources/sra","data_sources",4
"SRP065507","mouse","sra","data_sources/sra","data_sources",12
"SRP175007","mouse","sra","data_sources/sra","data_sources",2
"SRP018707","mouse","sra","data_sources/sra","data_sources",6
"SRP074207","mouse","sra","data_sources/sra","data_sources",6
"SRP169507","mouse","sra","data_sources/sra","data_sources",43
"SRP075807","mouse","sra","data_sources/sra","data_sources",4
"SRP028907","mouse","sra","data_sources/sra","data_sources",18
"SRP166807","mouse","sra","data_sources/sra","data_sources",4
"SRP164907","mouse","sra","data_sources/sra","data_sources",5
"SRP181107","mouse","sra","data_sources/sra","data_sources",24
"SRP115307","mouse","sra","data_sources/sra","data_sources",20
"DRP004507","mouse","sra","data_sources/sra","data_sources",6
"SRP075207","mouse","sra","data_sources/sra","data_sources",6
"SRP058207","mouse","sra","data_sources/sra","data_sources",22
"SRP094907","mouse","sra","data_sources/sra","data_sources",4
"SRP120407","mouse","sra","data_sources/sra","data_sources",23
"SRP152507","mouse","sra","data_sources/sra","data_sources",293
"SRP133607","mouse","sra","data_sources/sra","data_sources",6
"ERP003507","mouse","sra","data_sources/sra","data_sources",12
"SRP080807","mouse","sra","data_sources/sra","data_sources",18
"SRP115807","mouse","sra","data_sources/sra","data_sources",12
"SRP063307","mouse","sra","data_sources/sra","data_sources",6
"SRP033407","mouse","sra","data_sources/sra","data_sources",20
"SRP189407","mouse","sra","data_sources/sra","data_sources",6
"SRP081207","mouse","sra","data_sources/sra","data_sources",48
"SRP158007","mouse","sra","data_sources/sra","data_sources",16
"SRP092007","mouse","sra","data_sources/sra","data_sources",12
"SRP136607","mouse","sra","data_sources/sra","data_sources",4
"SRP189607","mouse","sra","data_sources/sra","data_sources",24
"SRP132407","mouse","sra","data_sources/sra","data_sources",14
"SRP073207","mouse","sra","data_sources/sra","data_sources",12
"SRP113307","mouse","sra","data_sources/sra","data_sources",15
"SRP227207","mouse","sra","data_sources/sra","data_sources",12
"SRP064307","mouse","sra","data_sources/sra","data_sources",16
"SRP093307","mouse","sra","data_sources/sra","data_sources",35
"ERP014607","mouse","sra","data_sources/sra","data_sources",49
"SRP145607","mouse","sra","data_sources/sra","data_sources",168
"SRP158907","mouse","sra","data_sources/sra","data_sources",67
"SRP221007","mouse","sra","data_sources/sra","data_sources",7
"SRP066807","mouse","sra","data_sources/sra","data_sources",12
"SRP033707","mouse","sra","data_sources/sra","data_sources",8
"SRP233207","mouse","sra","data_sources/sra","data_sources",4
"SRP106907","mouse","sra","data_sources/sra","data_sources",8
"SRP186007","mouse","sra","data_sources/sra","data_sources",12
"SRP065307","mouse","sra","data_sources/sra","data_sources",4
"SRP119707","mouse","sra","data_sources/sra","data_sources",8
"SRP017207","mouse","sra","data_sources/sra","data_sources",12
"SRP108248","mouse","sra","data_sources/sra","data_sources",9
"SRP128548","mouse","sra","data_sources/sra","data_sources",8
"SRP026048","mouse","sra","data_sources/sra","data_sources",53
"SRP178248","mouse","sra","data_sources/sra","data_sources",3
"SRP121148","mouse","sra","data_sources/sra","data_sources",1
"SRP151148","mouse","sra","data_sources/sra","data_sources",500
"SRP094648","mouse","sra","data_sources/sra","data_sources",8
"SRP098048","mouse","sra","data_sources/sra","data_sources",8
"SRP108848","mouse","sra","data_sources/sra","data_sources",12
"SRP131248","mouse","sra","data_sources/sra","data_sources",28
"SRP050948","mouse","sra","data_sources/sra","data_sources",4
"SRP028748","mouse","sra","data_sources/sra","data_sources",20
"SRP077748","mouse","sra","data_sources/sra","data_sources",14
"SRP165748","mouse","sra","data_sources/sra","data_sources",8
"SRP174548","mouse","sra","data_sources/sra","data_sources",23
"SRP109348","mouse","sra","data_sources/sra","data_sources",12
"SRP091548","mouse","sra","data_sources/sra","data_sources",12
"SRP126348","mouse","sra","data_sources/sra","data_sources",4
"SRP078148","mouse","sra","data_sources/sra","data_sources",3
"SRP060648","mouse","sra","data_sources/sra","data_sources",72
"SRP023348","mouse","sra","data_sources/sra","data_sources",6
"DRP001248","mouse","sra","data_sources/sra","data_sources",6
"SRP160448","mouse","sra","data_sources/sra","data_sources",4
"DRP005048","mouse","sra","data_sources/sra","data_sources",8
"SRP067548","mouse","sra","data_sources/sra","data_sources",6
"SRP018248","mouse","sra","data_sources/sra","data_sources",3
"SRP056148","mouse","sra","data_sources/sra","data_sources",29
"SRP068048","mouse","sra","data_sources/sra","data_sources",2
"SRP090748","mouse","sra","data_sources/sra","data_sources",16
"SRP057948","mouse","sra","data_sources/sra","data_sources",3
"SRP173448","mouse","sra","data_sources/sra","data_sources",95
"ERP002348","mouse","sra","data_sources/sra","data_sources",12
"SRP050048","mouse","sra","data_sources/sra","data_sources",2
"SRP123348","mouse","sra","data_sources/sra","data_sources",6
"SRP150248","mouse","sra","data_sources/sra","data_sources",118
"ERP107948","mouse","sra","data_sources/sra","data_sources",183
"SRP073648","mouse","sra","data_sources/sra","data_sources",77
"SRP152348","mouse","sra","data_sources/sra","data_sources",4
"SRP161648","mouse","sra","data_sources/sra","data_sources",24
"SRP170548","mouse","sra","data_sources/sra","data_sources",15
"SRP134948","mouse","sra","data_sources/sra","data_sources",9
"SRP102448","mouse","sra","data_sources/sra","data_sources",6
"SRP159648","mouse","sra","data_sources/sra","data_sources",10
"SRP093648","mouse","sra","data_sources/sra","data_sources",24
"SRP093748","mouse","sra","data_sources/sra","data_sources",24
"SRP058548","mouse","sra","data_sources/sra","data_sources",4
"SRP036148","mouse","sra","data_sources/sra","data_sources",8
"SRP167448","mouse","sra","data_sources/sra","data_sources",22
"SRP200948","mouse","sra","data_sources/sra","data_sources",32
"SRP100448","mouse","sra","data_sources/sra","data_sources",87
"SRP079848","mouse","sra","data_sources/sra","data_sources",4
"ERP106848","mouse","sra","data_sources/sra","data_sources",9
"SRP112648","mouse","sra","data_sources/sra","data_sources",4
"SRP061548","mouse","sra","data_sources/sra","data_sources",4
"SRP004448","mouse","sra","data_sources/sra","data_sources",6
"SRP191448","mouse","sra","data_sources/sra","data_sources",4
"SRP182648","mouse","sra","data_sources/sra","data_sources",38
"SRP161948","mouse","sra","data_sources/sra","data_sources",9
"SRP193148","mouse","sra","data_sources/sra","data_sources",10
"SRP238748","mouse","sra","data_sources/sra","data_sources",32
"SRP090248","mouse","sra","data_sources/sra","data_sources",8
"ERP110648","mouse","sra","data_sources/sra","data_sources",48
"SRP061148","mouse","sra","data_sources/sra","data_sources",2
"SRP140448","mouse","sra","data_sources/sra","data_sources",8
"SRP102148","mouse","sra","data_sources/sra","data_sources",16
"SRP021548","mouse","sra","data_sources/sra","data_sources",6
"SRP168748","mouse","sra","data_sources/sra","data_sources",12
"SRP115148","mouse","sra","data_sources/sra","data_sources",60
"SRP156448","mouse","sra","data_sources/sra","data_sources",26
"SRP049248","mouse","sra","data_sources/sra","data_sources",6
"SRP174348","mouse","sra","data_sources/sra","data_sources",76
"SRP070948","mouse","sra","data_sources/sra","data_sources",38
"SRP219148","mouse","sra","data_sources/sra","data_sources",6
"SRP039348","mouse","sra","data_sources/sra","data_sources",2
"SRP230248","mouse","sra","data_sources/sra","data_sources",64
"SRP095148","mouse","sra","data_sources/sra","data_sources",2
"SRP133448","mouse","sra","data_sources/sra","data_sources",19
"SRP100148","mouse","sra","data_sources/sra","data_sources",6
"SRP129848","mouse","sra","data_sources/sra","data_sources",67
"SRP050448","mouse","sra","data_sources/sra","data_sources",8
"SRP016948","mouse","sra","data_sources/sra","data_sources",5
"SRP127548","mouse","sra","data_sources/sra","data_sources",19
"SRP149148","mouse","sra","data_sources/sra","data_sources",226
"SRP092048","mouse","sra","data_sources/sra","data_sources",4
"SRP149348","mouse","sra","data_sources/sra","data_sources",8
"SRP062948","mouse","sra","data_sources/sra","data_sources",10
"SRP068648","mouse","sra","data_sources/sra","data_sources",6
"SRP101348","mouse","sra","data_sources/sra","data_sources",18
"SRP110048","mouse","sra","data_sources/sra","data_sources",20
"SRP041548","mouse","sra","data_sources/sra","data_sources",12
"SRP095348","mouse","sra","data_sources/sra","data_sources",24
"SRP071148","mouse","sra","data_sources/sra","data_sources",4
"SRP168448","mouse","sra","data_sources/sra","data_sources",12
"SRP126748","mouse","sra","data_sources/sra","data_sources",22
"ERP020948","mouse","sra","data_sources/sra","data_sources",8
"SRP159048","mouse","sra","data_sources/sra","data_sources",6
"SRP103848","mouse","sra","data_sources/sra","data_sources",16
"SRP013848","mouse","sra","data_sources/sra","data_sources",2
"ERP104548","mouse","sra","data_sources/sra","data_sources",9
"SRP061948","mouse","sra","data_sources/sra","data_sources",9
"SRP078448","mouse","sra","data_sources/sra","data_sources",3
"SRP126648","mouse","sra","data_sources/sra","data_sources",758
"ERP111448","mouse","sra","data_sources/sra","data_sources",34
"SRP083848","mouse","sra","data_sources/sra","data_sources",8
"SRP166848","mouse","sra","data_sources/sra","data_sources",8
"SRP201548","mouse","sra","data_sources/sra","data_sources",15
"SRP100248","mouse","sra","data_sources/sra","data_sources",14
"SRP002148","mouse","sra","data_sources/sra","data_sources",8
"SRP099448","mouse","sra","data_sources/sra","data_sources",40
"SRP100848","mouse","sra","data_sources/sra","data_sources",49
"SRP105048","mouse","sra","data_sources/sra","data_sources",6
"SRP102948","mouse","sra","data_sources/sra","data_sources",14
"SRP129035","mouse","sra","data_sources/sra","data_sources",32
"SRP027535","mouse","sra","data_sources/sra","data_sources",24
"SRP190335","mouse","sra","data_sources/sra","data_sources",117
"SRP036635","mouse","sra","data_sources/sra","data_sources",6
"SRP212635","mouse","sra","data_sources/sra","data_sources",16
"SRP223235","mouse","sra","data_sources/sra","data_sources",8
"SRP167935","mouse","sra","data_sources/sra","data_sources",9
"SRP115835","mouse","sra","data_sources/sra","data_sources",1
"SRP132635","mouse","sra","data_sources/sra","data_sources",22
"SRP052735","mouse","sra","data_sources/sra","data_sources",2
"SRP043435","mouse","sra","data_sources/sra","data_sources",10
"SRP026535","mouse","sra","data_sources/sra","data_sources",1
"SRP090135","mouse","sra","data_sources/sra","data_sources",11
"SRP116335","mouse","sra","data_sources/sra","data_sources",6
"SRP125735","mouse","sra","data_sources/sra","data_sources",12
"SRP018735","mouse","sra","data_sources/sra","data_sources",8
"SRP193335","mouse","sra","data_sources/sra","data_sources",20
"SRP238535","mouse","sra","data_sources/sra","data_sources",12
"SRP095835","mouse","sra","data_sources/sra","data_sources",6
"SRP037735","mouse","sra","data_sources/sra","data_sources",4
"ERP006635","mouse","sra","data_sources/sra","data_sources",11
"SRP068735","mouse","sra","data_sources/sra","data_sources",16
"SRP165935","mouse","sra","data_sources/sra","data_sources",768
"ERP112535","mouse","sra","data_sources/sra","data_sources",48
"SRP095235","mouse","sra","data_sources/sra","data_sources",12
"ERP023335","mouse","sra","data_sources/sra","data_sources",20
"SRP214435","mouse","sra","data_sources/sra","data_sources",12
"SRP173935","mouse","sra","data_sources/sra","data_sources",9
"SRP106135","mouse","sra","data_sources/sra","data_sources",3
"SRP186835","mouse","sra","data_sources/sra","data_sources",10
"SRP070835","mouse","sra","data_sources/sra","data_sources",320
"SRP129935","mouse","sra","data_sources/sra","data_sources",14
"SRP162235","mouse","sra","data_sources/sra","data_sources",14
"SRP142535","mouse","sra","data_sources/sra","data_sources",367
"SRP073935","mouse","sra","data_sources/sra","data_sources",6
"SRP081135","mouse","sra","data_sources/sra","data_sources",12
"SRP116035","mouse","sra","data_sources/sra","data_sources",1
"SRP116135","mouse","sra","data_sources/sra","data_sources",8
"SRP068435","mouse","sra","data_sources/sra","data_sources",16
"SRP093835","mouse","sra","data_sources/sra","data_sources",41
"SRP096035","mouse","sra","data_sources/sra","data_sources",4
"SRP043635","mouse","sra","data_sources/sra","data_sources",22
"SRP110235","mouse","sra","data_sources/sra","data_sources",4
"SRP113335","mouse","sra","data_sources/sra","data_sources",23
"SRP049335","mouse","sra","data_sources/sra","data_sources",22
"SRP159635","mouse","sra","data_sources/sra","data_sources",10
"ERP110935","mouse","sra","data_sources/sra","data_sources",156
"SRP134935","mouse","sra","data_sources/sra","data_sources",8
"ERP001235","mouse","sra","data_sources/sra","data_sources",6
"SRP133035","mouse","sra","data_sources/sra","data_sources",12
"SRP095535","mouse","sra","data_sources/sra","data_sources",8
"SRP033235","mouse","sra","data_sources/sra","data_sources",32
"SRP220535","mouse","sra","data_sources/sra","data_sources",12
"SRP067735","mouse","sra","data_sources/sra","data_sources",64
"ERP108435","mouse","sra","data_sources/sra","data_sources",2
"SRP125035","mouse","sra","data_sources/sra","data_sources",4
"SRP018035","mouse","sra","data_sources/sra","data_sources",2
"SRP182735","mouse","sra","data_sources/sra","data_sources",12
"SRP006435","mouse","sra","data_sources/sra","data_sources",2
"SRP125135","mouse","sra","data_sources/sra","data_sources",6
"SRP166435","mouse","sra","data_sources/sra","data_sources",758
"SRP038635","mouse","sra","data_sources/sra","data_sources",24
"SRP136335","mouse","sra","data_sources/sra","data_sources",6
"SRP118935","mouse","sra","data_sources/sra","data_sources",34
"SRP216935","mouse","sra","data_sources/sra","data_sources",12
"SRP169935","mouse","sra","data_sources/sra","data_sources",16
"SRP119935","mouse","sra","data_sources/sra","data_sources",60
"SRP071635","mouse","sra","data_sources/sra","data_sources",12
"SRP113635","mouse","sra","data_sources/sra","data_sources",2
"SRP042335","mouse","sra","data_sources/sra","data_sources",24
"SRP131035","mouse","sra","data_sources/sra","data_sources",68
"SRP041835","mouse","sra","data_sources/sra","data_sources",14
"SRP106735","mouse","sra","data_sources/sra","data_sources",9
"SRP192735","mouse","sra","data_sources/sra","data_sources",154
"SRP213935","mouse","sra","data_sources/sra","data_sources",16
"SRP014535","mouse","sra","data_sources/sra","data_sources",8
"SRP053235","mouse","sra","data_sources/sra","data_sources",13
"SRP154935","mouse","sra","data_sources/sra","data_sources",14
"SRP052235","mouse","sra","data_sources/sra","data_sources",14
"SRP121135","mouse","sra","data_sources/sra","data_sources",1
"SRP103735","mouse","sra","data_sources/sra","data_sources",12
"SRP070435","mouse","sra","data_sources/sra","data_sources",1
"SRP171635","mouse","sra","data_sources/sra","data_sources",21
"DRP005135","mouse","sra","data_sources/sra","data_sources",8
"SRP026035","mouse","sra","data_sources/sra","data_sources",8
"SRP199835","mouse","sra","data_sources/sra","data_sources",4
"SRP164735","mouse","sra","data_sources/sra","data_sources",7
"SRP048535","mouse","sra","data_sources/sra","data_sources",17
"SRP074735","mouse","sra","data_sources/sra","data_sources",12
"SRP015435","mouse","sra","data_sources/sra","data_sources",4
"ERP116235","mouse","sra","data_sources/sra","data_sources",192
"SRP067535","mouse","sra","data_sources/sra","data_sources",6
"SRP112535","mouse","sra","data_sources/sra","data_sources",15
"SRP124835","mouse","sra","data_sources/sra","data_sources",12
"SRP043035","mouse","sra","data_sources/sra","data_sources",4
"SRP162535","mouse","sra","data_sources/sra","data_sources",12
"ERP020735","mouse","sra","data_sources/sra","data_sources",16
"SRP095735","mouse","sra","data_sources/sra","data_sources",15
"SRP097635","mouse","sra","data_sources/sra","data_sources",9
"SRP171142","mouse","sra","data_sources/sra","data_sources",25
"SRP096042","mouse","sra","data_sources/sra","data_sources",8
"SRP064842","mouse","sra","data_sources/sra","data_sources",4
"SRP180242","mouse","sra","data_sources/sra","data_sources",22
"SRP059042","mouse","sra","data_sources/sra","data_sources",110
"SRP035542","mouse","sra","data_sources/sra","data_sources",2
"ERP004442","mouse","sra","data_sources/sra","data_sources",203
"SRP071942","mouse","sra","data_sources/sra","data_sources",21
"SRP156542","mouse","sra","data_sources/sra","data_sources",16
"SRP082142","mouse","sra","data_sources/sra","data_sources",8
"SRP159242","mouse","sra","data_sources/sra","data_sources",6
"SRP148142","mouse","sra","data_sources/sra","data_sources",8
"SRP070942","mouse","sra","data_sources/sra","data_sources",42
"SRP017942","mouse","sra","data_sources/sra","data_sources",11
"SRP065842","mouse","sra","data_sources/sra","data_sources",74
"SRP073242","mouse","sra","data_sources/sra","data_sources",291
"SRP051542","mouse","sra","data_sources/sra","data_sources",24
"SRP194242","mouse","sra","data_sources/sra","data_sources",15
"SRP113242","mouse","sra","data_sources/sra","data_sources",16
"SRP187042","mouse","sra","data_sources/sra","data_sources",8
"DRP004742","mouse","sra","data_sources/sra","data_sources",24
"SRP117042","mouse","sra","data_sources/sra","data_sources",2
"SRP216742","mouse","sra","data_sources/sra","data_sources",20
"SRP107342","mouse","sra","data_sources/sra","data_sources",12
"SRP074042","mouse","sra","data_sources/sra","data_sources",6
"SRP035442","mouse","sra","data_sources/sra","data_sources",4
"SRP198442","mouse","sra","data_sources/sra","data_sources",23
"SRP050542","mouse","sra","data_sources/sra","data_sources",11
"SRP162242","mouse","sra","data_sources/sra","data_sources",20
"SRP173342","mouse","sra","data_sources/sra","data_sources",6
"SRP123442","mouse","sra","data_sources/sra","data_sources",12
"SRP160142","mouse","sra","data_sources/sra","data_sources",3
"SRP198642","mouse","sra","data_sources/sra","data_sources",18
"SRP096342","mouse","sra","data_sources/sra","data_sources",6
"SRP095842","mouse","sra","data_sources/sra","data_sources",26
"SRP067042","mouse","sra","data_sources/sra","data_sources",6
"SRP074242","mouse","sra","data_sources/sra","data_sources",4
"SRP016042","mouse","sra","data_sources/sra","data_sources",6
"SRP181142","mouse","sra","data_sources/sra","data_sources",6
"SRP066042","mouse","sra","data_sources/sra","data_sources",6
"SRP150542","mouse","sra","data_sources/sra","data_sources",18
"SRP163042","mouse","sra","data_sources/sra","data_sources",12
"SRP133742","mouse","sra","data_sources/sra","data_sources",12
"SRP111142","mouse","sra","data_sources/sra","data_sources",30
"SRP062242","mouse","sra","data_sources/sra","data_sources",8
"SRP076942","mouse","sra","data_sources/sra","data_sources",23
"SRP073042","mouse","sra","data_sources/sra","data_sources",15
"SRP114842","mouse","sra","data_sources/sra","data_sources",12
"SRP051642","mouse","sra","data_sources/sra","data_sources",8
"SRP133642","mouse","sra","data_sources/sra","data_sources",768
"SRP032442","mouse","sra","data_sources/sra","data_sources",24
"ERP010742","mouse","sra","data_sources/sra","data_sources",13
"SRP101942","mouse","sra","data_sources/sra","data_sources",21
"SRP181042","mouse","sra","data_sources/sra","data_sources",8
"SRP219342","mouse","sra","data_sources/sra","data_sources",44
"SRP049142","mouse","sra","data_sources/sra","data_sources",12
"SRP116342","mouse","sra","data_sources/sra","data_sources",16
"SRP229742","mouse","sra","data_sources/sra","data_sources",741
"SRP081242","mouse","sra","data_sources/sra","data_sources",7
"SRP058842","mouse","sra","data_sources/sra","data_sources",8
"SRP041142","mouse","sra","data_sources/sra","data_sources",9
"SRP061642","mouse","sra","data_sources/sra","data_sources",9
"SRP092442","mouse","sra","data_sources/sra","data_sources",54
"SRP108342","mouse","sra","data_sources/sra","data_sources",6
"SRP046242","mouse","sra","data_sources/sra","data_sources",6
"SRP165642","mouse","sra","data_sources/sra","data_sources",49
"SRP168042","mouse","sra","data_sources/sra","data_sources",6
"SRP078142","mouse","sra","data_sources/sra","data_sources",6
"SRP221742","mouse","sra","data_sources/sra","data_sources",17
"SRP073442","mouse","sra","data_sources/sra","data_sources",4
"SRP194542","mouse","sra","data_sources/sra","data_sources",6
"SRP055142","mouse","sra","data_sources/sra","data_sources",12
"SRP137142","mouse","sra","data_sources/sra","data_sources",16
"SRP126242","mouse","sra","data_sources/sra","data_sources",7
"SRP044242","mouse","sra","data_sources/sra","data_sources",17
"SRP106542","mouse","sra","data_sources/sra","data_sources",4
"SRP130842","mouse","sra","data_sources/sra","data_sources",2
"SRP193742","mouse","sra","data_sources/sra","data_sources",21
"SRP164742","mouse","sra","data_sources/sra","data_sources",6
"SRP065542","mouse","sra","data_sources/sra","data_sources",11
"SRP155342","mouse","sra","data_sources/sra","data_sources",6
"SRP133942","mouse","sra","data_sources/sra","data_sources",344
"SRP142342","mouse","sra","data_sources/sra","data_sources",9
"SRP189142","mouse","sra","data_sources/sra","data_sources",7
"DRP003242","mouse","sra","data_sources/sra","data_sources",8
"SRP121142","mouse","sra","data_sources/sra","data_sources",1
"SRP124942","mouse","sra","data_sources/sra","data_sources",24
"SRP154942","mouse","sra","data_sources/sra","data_sources",72
"SRP072742","mouse","sra","data_sources/sra","data_sources",12
"SRP173542","mouse","sra","data_sources/sra","data_sources",6
"SRP070642","mouse","sra","data_sources/sra","data_sources",19
"ERP110242","mouse","sra","data_sources/sra","data_sources",6
"SRP153242","mouse","sra","data_sources/sra","data_sources",20
"SRP065742","mouse","sra","data_sources/sra","data_sources",4
"SRP058542","mouse","sra","data_sources/sra","data_sources",1
"SRP167442","mouse","sra","data_sources/sra","data_sources",12
"SRP151942","mouse","sra","data_sources/sra","data_sources",18
"SRP131042","mouse","sra","data_sources/sra","data_sources",5
"SRP199042","mouse","sra","data_sources/sra","data_sources",8
"SRP133142","mouse","sra","data_sources/sra","data_sources",11
"SRP095542","mouse","sra","data_sources/sra","data_sources",39
"ERP109442","mouse","sra","data_sources/sra","data_sources",14
"SRP093642","mouse","sra","data_sources/sra","data_sources",31
"ERP004042","mouse","sra","data_sources/sra","data_sources",312
"SRP092642","mouse","sra","data_sources/sra","data_sources",18
"SRP139542","mouse","sra","data_sources/sra","data_sources",36
"SRP151242","mouse","sra","data_sources/sra","data_sources",30
"SRP192338","mouse","sra","data_sources/sra","data_sources",8
"SRP080338","mouse","sra","data_sources/sra","data_sources",12
"SRP188538","mouse","sra","data_sources/sra","data_sources",8
"SRP074838","mouse","sra","data_sources/sra","data_sources",8
"SRP059938","mouse","sra","data_sources/sra","data_sources",11
"ERP113538","mouse","sra","data_sources/sra","data_sources",60
"SRP062238","mouse","sra","data_sources/sra","data_sources",8
"SRP163038","mouse","sra","data_sources/sra","data_sources",93
"ERP021238","mouse","sra","data_sources/sra","data_sources",18
"SRP028938","mouse","sra","data_sources/sra","data_sources",8
"ERP112538","mouse","sra","data_sources/sra","data_sources",2
"SRP173338","mouse","sra","data_sources/sra","data_sources",2
"SRP075838","mouse","sra","data_sources/sra","data_sources",30
"SRP076338","mouse","sra","data_sources/sra","data_sources",8
"SRP218238","mouse","sra","data_sources/sra","data_sources",11
"SRP119538","mouse","sra","data_sources/sra","data_sources",63
"SRP175038","mouse","sra","data_sources/sra","data_sources",60
"SRP076238","mouse","sra","data_sources/sra","data_sources",6
"SRP234838","mouse","sra","data_sources/sra","data_sources",6
"SRP020638","mouse","sra","data_sources/sra","data_sources",12
"ERP002538","mouse","sra","data_sources/sra","data_sources",8
"SRP101338","mouse","sra","data_sources/sra","data_sources",2
"SRP223238","mouse","sra","data_sources/sra","data_sources",30
"SRP114838","mouse","sra","data_sources/sra","data_sources",4
"SRP060238","mouse","sra","data_sources/sra","data_sources",8
"SRP126738","mouse","sra","data_sources/sra","data_sources",32
"SRP061838","mouse","sra","data_sources/sra","data_sources",12
"SRP234038","mouse","sra","data_sources/sra","data_sources",48
"SRP072838","mouse","sra","data_sources/sra","data_sources",32
"SRP154438","mouse","sra","data_sources/sra","data_sources",10
"SRP098738","mouse","sra","data_sources/sra","data_sources",6
"SRP073238","mouse","sra","data_sources/sra","data_sources",6
"SRP091938","mouse","sra","data_sources/sra","data_sources",96
"SRP011038","mouse","sra","data_sources/sra","data_sources",12
"SRP194938","mouse","sra","data_sources/sra","data_sources",9
"ERP105638","mouse","sra","data_sources/sra","data_sources",49
"SRP035438","mouse","sra","data_sources/sra","data_sources",2
"SRP175238","mouse","sra","data_sources/sra","data_sources",4
"SRP056638","mouse","sra","data_sources/sra","data_sources",4
"SRP144638","mouse","sra","data_sources/sra","data_sources",15
"SRP015338","mouse","sra","data_sources/sra","data_sources",34
"SRP136738","mouse","sra","data_sources/sra","data_sources",3
"SRP171038","mouse","sra","data_sources/sra","data_sources",2
"SRP181938","mouse","sra","data_sources/sra","data_sources",8
"SRP094038","mouse","sra","data_sources/sra","data_sources",8
"SRP111338","mouse","sra","data_sources/sra","data_sources",15
"SRP073338","mouse","sra","data_sources/sra","data_sources",6
"SRP071238","mouse","sra","data_sources/sra","data_sources",14
"SRP107938","mouse","sra","data_sources/sra","data_sources",30
"SRP115138","mouse","sra","data_sources/sra","data_sources",6
"DRP004738","mouse","sra","data_sources/sra","data_sources",10
"SRP028138","mouse","sra","data_sources/sra","data_sources",20
"SRP118738","mouse","sra","data_sources/sra","data_sources",19
"SRP219038","mouse","sra","data_sources/sra","data_sources",12
"SRP078238","mouse","sra","data_sources/sra","data_sources",10
"SRP119938","mouse","sra","data_sources/sra","data_sources",24
"SRP120338","mouse","sra","data_sources/sra","data_sources",23
"SRP056838","mouse","sra","data_sources/sra","data_sources",8
"SRP053038","mouse","sra","data_sources/sra","data_sources",36
"SRP131038","mouse","sra","data_sources/sra","data_sources",56
"SRP094438","mouse","sra","data_sources/sra","data_sources",6
"SRP186438","mouse","sra","data_sources/sra","data_sources",4
"SRP061538","mouse","sra","data_sources/sra","data_sources",8
"SRP070638","mouse","sra","data_sources/sra","data_sources",4
"SRP079238","mouse","sra","data_sources/sra","data_sources",64
"SRP026238","mouse","sra","data_sources/sra","data_sources",6
"SRP178038","mouse","sra","data_sources/sra","data_sources",8
"SRP090638","mouse","sra","data_sources/sra","data_sources",6
"SRP152838","mouse","sra","data_sources/sra","data_sources",23
"SRP059538","mouse","sra","data_sources/sra","data_sources",6
"SRP056238","mouse","sra","data_sources/sra","data_sources",10
"SRP018038","mouse","sra","data_sources/sra","data_sources",8
"SRP056338","mouse","sra","data_sources/sra","data_sources",7
"SRP136838","mouse","sra","data_sources/sra","data_sources",5
"SRP215938","mouse","sra","data_sources/sra","data_sources",38
"SRP150238","mouse","sra","data_sources/sra","data_sources",24
"SRP102438","mouse","sra","data_sources/sra","data_sources",2
"SRP060438","mouse","sra","data_sources/sra","data_sources",12
"SRP134938","mouse","sra","data_sources/sra","data_sources",120
"SRP066738","mouse","sra","data_sources/sra","data_sources",4
"SRP093638","mouse","sra","data_sources/sra","data_sources",54
"SRP156338","mouse","sra","data_sources/sra","data_sources",14
"SRP213838","mouse","sra","data_sources/sra","data_sources",44
"SRP044338","mouse","sra","data_sources/sra","data_sources",36
"SRP115638","mouse","sra","data_sources/sra","data_sources",8
"SRP221738","mouse","sra","data_sources/sra","data_sources",12
"SRP120038","mouse","sra","data_sources/sra","data_sources",30
"SRP131338","mouse","sra","data_sources/sra","data_sources",6
"SRP073438","mouse","sra","data_sources/sra","data_sources",6
"SRP095738","mouse","sra","data_sources/sra","data_sources",4
"SRP154838","mouse","sra","data_sources/sra","data_sources",35
"SRP173638","mouse","sra","data_sources/sra","data_sources",12
"SRP043038","mouse","sra","data_sources/sra","data_sources",18
"SRP056038","mouse","sra","data_sources/sra","data_sources",4
"SRP158538","mouse","sra","data_sources/sra","data_sources",16
"SRP178238","mouse","sra","data_sources/sra","data_sources",8
"SRP127238","mouse","sra","data_sources/sra","data_sources",12
"SRP096738","mouse","sra","data_sources/sra","data_sources",12
"SRP121138","mouse","sra","data_sources/sra","data_sources",1
"ERP022738","mouse","sra","data_sources/sra","data_sources",15
"SRP101638","mouse","sra","data_sources/sra","data_sources",3
"SRP068938","mouse","sra","data_sources/sra","data_sources",12
"SRP155938","mouse","sra","data_sources/sra","data_sources",4
"SRP108838","mouse","sra","data_sources/sra","data_sources",18
"SRP039438","mouse","sra","data_sources/sra","data_sources",2
"SRP066438","mouse","sra","data_sources/sra","data_sources",12
"SRP055138","mouse","sra","data_sources/sra","data_sources",2
"ERP109738","mouse","sra","data_sources/sra","data_sources",2
"SRP165738","mouse","sra","data_sources/sra","data_sources",12
"SRP072245","mouse","sra","data_sources/sra","data_sources",282
"SRP048945","mouse","sra","data_sources/sra","data_sources",3
"SRP113345","mouse","sra","data_sources/sra","data_sources",1
"SRP034545","mouse","sra","data_sources/sra","data_sources",16
"SRP234045","mouse","sra","data_sources/sra","data_sources",10
"ERP104645","mouse","sra","data_sources/sra","data_sources",6
"SRP064245","mouse","sra","data_sources/sra","data_sources",168
"SRP070945","mouse","sra","data_sources/sra","data_sources",15
"SRP126545","mouse","sra","data_sources/sra","data_sources",53
"SRP072845","mouse","sra","data_sources/sra","data_sources",24
"SRP115145","mouse","sra","data_sources/sra","data_sources",12
"SRP167045","mouse","sra","data_sources/sra","data_sources",18
"SRP070845","mouse","sra","data_sources/sra","data_sources",12
"SRP106345","mouse","sra","data_sources/sra","data_sources",6
"SRP057645","mouse","sra","data_sources/sra","data_sources",4
"SRP049245","mouse","sra","data_sources/sra","data_sources",29
"SRP058145","mouse","sra","data_sources/sra","data_sources",3
"SRP192145","mouse","sra","data_sources/sra","data_sources",16
"ERP005545","mouse","sra","data_sources/sra","data_sources",10
"SRP040645","mouse","sra","data_sources/sra","data_sources",6
"SRP177945","mouse","sra","data_sources/sra","data_sources",36
"SRP140445","mouse","sra","data_sources/sra","data_sources",6
"SRP218045","mouse","sra","data_sources/sra","data_sources",38
"SRP107345","mouse","sra","data_sources/sra","data_sources",24
"SRP136545","mouse","sra","data_sources/sra","data_sources",12
"SRP238545","mouse","sra","data_sources/sra","data_sources",44
"SRP062845","mouse","sra","data_sources/sra","data_sources",20
"SRP224045","mouse","sra","data_sources/sra","data_sources",12
"SRP175045","mouse","sra","data_sources/sra","data_sources",10
"SRP158145","mouse","sra","data_sources/sra","data_sources",4
"SRP077945","mouse","sra","data_sources/sra","data_sources",13
"SRP123445","mouse","sra","data_sources/sra","data_sources",7
"SRP165945","mouse","sra","data_sources/sra","data_sources",6
"SRP231145","mouse","sra","data_sources/sra","data_sources",12
"SRP219845","mouse","sra","data_sources/sra","data_sources",9
"SRP149845","mouse","sra","data_sources/sra","data_sources",6
"SRP188545","mouse","sra","data_sources/sra","data_sources",4
"SRP075245","mouse","sra","data_sources/sra","data_sources",10
"SRP181145","mouse","sra","data_sources/sra","data_sources",40
"SRP104145","mouse","sra","data_sources/sra","data_sources",8
"SRP117345","mouse","sra","data_sources/sra","data_sources",7
"SRP034745","mouse","sra","data_sources/sra","data_sources",6
"ERP021345","mouse","sra","data_sources/sra","data_sources",18
"SRP071145","mouse","sra","data_sources/sra","data_sources",4
"SRP116945","mouse","sra","data_sources/sra","data_sources",15
"SRP142645","mouse","sra","data_sources/sra","data_sources",30
"SRP202545","mouse","sra","data_sources/sra","data_sources",42
"SRP200445","mouse","sra","data_sources/sra","data_sources",18
"SRP108745","mouse","sra","data_sources/sra","data_sources",8
"SRP119445","mouse","sra","data_sources/sra","data_sources",9
"SRP062945","mouse","sra","data_sources/sra","data_sources",18
"SRP237745","mouse","sra","data_sources/sra","data_sources",20
"ERP105045","mouse","sra","data_sources/sra","data_sources",1421
"SRP173645","mouse","sra","data_sources/sra","data_sources",16
"DRP003345","mouse","sra","data_sources/sra","data_sources",2
"SRP220745","mouse","sra","data_sources/sra","data_sources",23
"SRP060645","mouse","sra","data_sources/sra","data_sources",16
"SRP042045","mouse","sra","data_sources/sra","data_sources",6
"SRP068845","mouse","sra","data_sources/sra","data_sources",9
"SRP132845","mouse","sra","data_sources/sra","data_sources",4
"SRP069245","mouse","sra","data_sources/sra","data_sources",200
"SRP069345","mouse","sra","data_sources/sra","data_sources",9
"SRP126245","mouse","sra","data_sources/sra","data_sources",39
"ERP014045","mouse","sra","data_sources/sra","data_sources",8
"SRP098045","mouse","sra","data_sources/sra","data_sources",36
"SRP018945","mouse","sra","data_sources/sra","data_sources",8
"DRP003245","mouse","sra","data_sources/sra","data_sources",2
"SRP087445","mouse","sra","data_sources/sra","data_sources",6
"SRP121145","mouse","sra","data_sources/sra","data_sources",1
"SRP035245","mouse","sra","data_sources/sra","data_sources",8
"SRP059745","mouse","sra","data_sources/sra","data_sources",4
"ERP114245","mouse","sra","data_sources/sra","data_sources",20
"SRP026045","mouse","sra","data_sources/sra","data_sources",24
"DRP005145","mouse","sra","data_sources/sra","data_sources",8
"SRP076545","mouse","sra","data_sources/sra","data_sources",16
"SRP191445","mouse","sra","data_sources/sra","data_sources",10
"SRP188945","mouse","sra","data_sources/sra","data_sources",6
"SRP065745","mouse","sra","data_sources/sra","data_sources",6
"SRP145845","mouse","sra","data_sources/sra","data_sources",4
"ERP013145","mouse","sra","data_sources/sra","data_sources",4
"SRP070645","mouse","sra","data_sources/sra","data_sources",26
"SRP096545","mouse","sra","data_sources/sra","data_sources",36
"SRP147945","mouse","sra","data_sources/sra","data_sources",6
"SRP093745","mouse","sra","data_sources/sra","data_sources",6
"SRP151845","mouse","sra","data_sources/sra","data_sources",4
"SRP145345","mouse","sra","data_sources/sra","data_sources",12
"SRP181645","mouse","sra","data_sources/sra","data_sources",2
"SRP014645","mouse","sra","data_sources/sra","data_sources",5
"SRP176645","mouse","sra","data_sources/sra","data_sources",9
"SRP093645","mouse","sra","data_sources/sra","data_sources",22
"SRP159645","mouse","sra","data_sources/sra","data_sources",35
"SRP051045","mouse","sra","data_sources/sra","data_sources",4
"ERP107945","mouse","sra","data_sources/sra","data_sources",28
"SRP119845","mouse","sra","data_sources/sra","data_sources",156
"SRP102445","mouse","sra","data_sources/sra","data_sources",40
"SRP131145","mouse","sra","data_sources/sra","data_sources",12
"ERP105845","mouse","sra","data_sources/sra","data_sources",14
"SRP118845","mouse","sra","data_sources/sra","data_sources",2
"SRP198145","mouse","sra","data_sources/sra","data_sources",9
"SRP022145","mouse","sra","data_sources/sra","data_sources",6
"SRP033245","mouse","sra","data_sources/sra","data_sources",6
"SRP094545","mouse","sra","data_sources/sra","data_sources",4
"SRP123345","mouse","sra","data_sources/sra","data_sources",48
"SRP128645","mouse","sra","data_sources/sra","data_sources",5
"SRP226645","mouse","sra","data_sources/sra","data_sources",768
"SRP090745","mouse","sra","data_sources/sra","data_sources",4
"SRP219832","mouse","sra","data_sources/sra","data_sources",6
"SRP162032","mouse","sra","data_sources/sra","data_sources",10
"SRP173332","mouse","sra","data_sources/sra","data_sources",10
"SRP167832","mouse","sra","data_sources/sra","data_sources",12
"SRP056432","mouse","sra","data_sources/sra","data_sources",721
"SRP128132","mouse","sra","data_sources/sra","data_sources",12
"SRP068732","mouse","sra","data_sources/sra","data_sources",22
"SRP229632","mouse","sra","data_sources/sra","data_sources",16
"SRP078432","mouse","sra","data_sources/sra","data_sources",7
"SRP103932","mouse","sra","data_sources/sra","data_sources",22
"SRP060232","mouse","sra","data_sources/sra","data_sources",18
"SRP193832","mouse","sra","data_sources/sra","data_sources",65
"SRP143632","mouse","sra","data_sources/sra","data_sources",9
"SRP006832","mouse","sra","data_sources/sra","data_sources",10
"SRP075332","mouse","sra","data_sources/sra","data_sources",16
"SRP096832","mouse","sra","data_sources/sra","data_sources",6
"ERP022832","mouse","sra","data_sources/sra","data_sources",12
"SRP104132","mouse","sra","data_sources/sra","data_sources",6
"SRP066132","mouse","sra","data_sources/sra","data_sources",3
"DRP004432","mouse","sra","data_sources/sra","data_sources",12
"SRP055432","mouse","sra","data_sources/sra","data_sources",11
"SRP126732","mouse","sra","data_sources/sra","data_sources",15
"SRP081232","mouse","sra","data_sources/sra","data_sources",4
"SRP173232","mouse","sra","data_sources/sra","data_sources",6
"SRP007832","mouse","sra","data_sources/sra","data_sources",16
"SRP192832","mouse","sra","data_sources/sra","data_sources",8
"SRP186132","mouse","sra","data_sources/sra","data_sources",24
"SRP096032","mouse","sra","data_sources/sra","data_sources",6
"SRP043632","mouse","sra","data_sources/sra","data_sources",4
"SRP200632","mouse","sra","data_sources/sra","data_sources",4
"SRP091932","mouse","sra","data_sources/sra","data_sources",4
"SRP134732","mouse","sra","data_sources/sra","data_sources",48
"SRP133432","mouse","sra","data_sources/sra","data_sources",12
"SRP113332","mouse","sra","data_sources/sra","data_sources",55
"SRP143532","mouse","sra","data_sources/sra","data_sources",18
"SRP128932","mouse","sra","data_sources/sra","data_sources",5
"SRP117032","mouse","sra","data_sources/sra","data_sources",7
"SRP070832","mouse","sra","data_sources/sra","data_sources",5
"SRP137732","mouse","sra","data_sources/sra","data_sources",10
"SRP190032","mouse","sra","data_sources/sra","data_sources",24
"SRP073932","mouse","sra","data_sources/sra","data_sources",4
"SRP067232","mouse","sra","data_sources/sra","data_sources",3
"SRP119732","mouse","sra","data_sources/sra","data_sources",243
"SRP096132","mouse","sra","data_sources/sra","data_sources",4
"SRP052032","mouse","sra","data_sources/sra","data_sources",15
"SRP099232","mouse","sra","data_sources/sra","data_sources",16
"SRP094432","mouse","sra","data_sources/sra","data_sources",5
"SRP123232","mouse","sra","data_sources/sra","data_sources",6
"SRP151332","mouse","sra","data_sources/sra","data_sources",12
"SRP056232","mouse","sra","data_sources/sra","data_sources",2
"SRP047132","mouse","sra","data_sources/sra","data_sources",14
"SRP017632","mouse","sra","data_sources/sra","data_sources",2
"SRP108032","mouse","sra","data_sources/sra","data_sources",42
"SRP136332","mouse","sra","data_sources/sra","data_sources",28
"SRP144232","mouse","sra","data_sources/sra","data_sources",378
"SRP179032","mouse","sra","data_sources/sra","data_sources",18
"SRP151932","mouse","sra","data_sources/sra","data_sources",4
"SRP093732","mouse","sra","data_sources/sra","data_sources",3
"SRP150332","mouse","sra","data_sources/sra","data_sources",12
"SRP131032","mouse","sra","data_sources/sra","data_sources",5
"SRP042332","mouse","sra","data_sources/sra","data_sources",15
"SRP119932","mouse","sra","data_sources/sra","data_sources",6
"SRP102432","mouse","sra","data_sources/sra","data_sources",18
"SRP071732","mouse","sra","data_sources/sra","data_sources",12
"SRP144932","mouse","sra","data_sources/sra","data_sources",46
"SRP078332","mouse","sra","data_sources/sra","data_sources",4
"SRP144332","mouse","sra","data_sources/sra","data_sources",4
"SRP136232","mouse","sra","data_sources/sra","data_sources",18
"SRP119232","mouse","sra","data_sources/sra","data_sources",39
"SRP108132","mouse","sra","data_sources/sra","data_sources",22
"SRP022132","mouse","sra","data_sources/sra","data_sources",2
"ERP002332","mouse","sra","data_sources/sra","data_sources",4
"ERP106932","mouse","sra","data_sources/sra","data_sources",10
"SRP055832","mouse","sra","data_sources/sra","data_sources",18
"ERP022432","mouse","sra","data_sources/sra","data_sources",8
"SRP070532","mouse","sra","data_sources/sra","data_sources",14
"ERP022632","mouse","sra","data_sources/sra","data_sources",17
"SRP101732","mouse","sra","data_sources/sra","data_sources",6
"SRP126932","mouse","sra","data_sources/sra","data_sources",24
"SRP132232","mouse","sra","data_sources/sra","data_sources",6
"SRP036832","mouse","sra","data_sources/sra","data_sources",6
"SRP158432","mouse","sra","data_sources/sra","data_sources",11
"ERP116232","mouse","sra","data_sources/sra","data_sources",6
"ERP106132","mouse","sra","data_sources/sra","data_sources",64
"SRP117732","mouse","sra","data_sources/sra","data_sources",10
"ERP010232","mouse","sra","data_sources/sra","data_sources",8
"SRP199232","mouse","sra","data_sources/sra","data_sources",5
"SRP120132","mouse","sra","data_sources/sra","data_sources",6
"SRP045832","mouse","sra","data_sources/sra","data_sources",8
"SRP132932","mouse","sra","data_sources/sra","data_sources",26
"SRP168132","mouse","sra","data_sources/sra","data_sources",6
"SRP077732","mouse","sra","data_sources/sra","data_sources",6
"SRP039432","mouse","sra","data_sources/sra","data_sources",47
"SRP164732","mouse","sra","data_sources/sra","data_sources",74
"SRP212932","mouse","sra","data_sources/sra","data_sources",28
"SRP092532","mouse","sra","data_sources/sra","data_sources",15
"SRP154932","mouse","sra","data_sources/sra","data_sources",12
"SRP094632","mouse","sra","data_sources/sra","data_sources",4
"SRP171632","mouse","sra","data_sources/sra","data_sources",6
"SRP121132","mouse","sra","data_sources/sra","data_sources",1
"SRP052232","mouse","sra","data_sources/sra","data_sources",11
"SRP103732","mouse","sra","data_sources/sra","data_sources",5
"SRP134993","mouse","sra","data_sources/sra","data_sources",13
"SRP036093","mouse","sra","data_sources/sra","data_sources",7
"SRP091793","mouse","sra","data_sources/sra","data_sources",8
"SRP018093","mouse","sra","data_sources/sra","data_sources",6
"ERP104893","mouse","sra","data_sources/sra","data_sources",31
"SRP070793","mouse","sra","data_sources/sra","data_sources",4
"DRP001093","mouse","sra","data_sources/sra","data_sources",8
"SRP063493","mouse","sra","data_sources/sra","data_sources",6
"SRP110793","mouse","sra","data_sources/sra","data_sources",6
"SRP055993","mouse","sra","data_sources/sra","data_sources",12
"SRP094493","mouse","sra","data_sources/sra","data_sources",6
"SRP118993","mouse","sra","data_sources/sra","data_sources",32
"SRP186493","mouse","sra","data_sources/sra","data_sources",6
"SRP201993","mouse","sra","data_sources/sra","data_sources",23
"SRP092793","mouse","sra","data_sources/sra","data_sources",6
"ERP004193","mouse","sra","data_sources/sra","data_sources",12
"SRP109093","mouse","sra","data_sources/sra","data_sources",18
"SRP168393","mouse","sra","data_sources/sra","data_sources",7
"SRP113693","mouse","sra","data_sources/sra","data_sources",4
"SRP157893","mouse","sra","data_sources/sra","data_sources",12
"ERP114893","mouse","sra","data_sources/sra","data_sources",18
"SRP102793","mouse","sra","data_sources/sra","data_sources",10
"SRP113493","mouse","sra","data_sources/sra","data_sources",10
"SRP126293","mouse","sra","data_sources/sra","data_sources",1
"SRP165793","mouse","sra","data_sources/sra","data_sources",6
"SRP218693","mouse","sra","data_sources/sra","data_sources",30
"SRP133993","mouse","sra","data_sources/sra","data_sources",24
"SRP121193","mouse","sra","data_sources/sra","data_sources",1
"SRP173793","mouse","sra","data_sources/sra","data_sources",6
"SRP132293","mouse","sra","data_sources/sra","data_sources",32
"SRP043093","mouse","sra","data_sources/sra","data_sources",4
"SRP096693","mouse","sra","data_sources/sra","data_sources",20
"SRP070593","mouse","sra","data_sources/sra","data_sources",3
"SRP134193","mouse","sra","data_sources/sra","data_sources",12
"SRP048593","mouse","sra","data_sources/sra","data_sources",28
"SRP035393","mouse","sra","data_sources/sra","data_sources",8
"SRP130993","mouse","sra","data_sources/sra","data_sources",4
"SRP137093","mouse","sra","data_sources/sra","data_sources",144
"SRP131393","mouse","sra","data_sources/sra","data_sources",4
"SRP097693","mouse","sra","data_sources/sra","data_sources",4
"SRP042093","mouse","sra","data_sources/sra","data_sources",4
"SRP108993","mouse","sra","data_sources/sra","data_sources",33
"ERP108893","mouse","sra","data_sources/sra","data_sources",317
"SRP060293","mouse","sra","data_sources/sra","data_sources",86
"SRP120493","mouse","sra","data_sources/sra","data_sources",45
"SRP089693","mouse","sra","data_sources/sra","data_sources",6
"ERP010793","mouse","sra","data_sources/sra","data_sources",48
"SRP056593","mouse","sra","data_sources/sra","data_sources",402
"SRP217493","mouse","sra","data_sources/sra","data_sources",15
"SRP067193","mouse","sra","data_sources/sra","data_sources",99
"SRP043493","mouse","sra","data_sources/sra","data_sources",20
"SRP075993","mouse","sra","data_sources/sra","data_sources",40
"SRP153593","mouse","sra","data_sources/sra","data_sources",1
"ERP022293","mouse","sra","data_sources/sra","data_sources",61
"SRP101293","mouse","sra","data_sources/sra","data_sources",8
"SRP110193","mouse","sra","data_sources/sra","data_sources",6
"SRP074293","mouse","sra","data_sources/sra","data_sources",4
"SRP192393","mouse","sra","data_sources/sra","data_sources",16
"SRP109693","mouse","sra","data_sources/sra","data_sources",8
"SRP034693","mouse","sra","data_sources/sra","data_sources",33
"SRP115393","mouse","sra","data_sources/sra","data_sources",24
"SRP042593","mouse","sra","data_sources/sra","data_sources",6
"SRP048893","mouse","sra","data_sources/sra","data_sources",8
"SRP072993","mouse","sra","data_sources/sra","data_sources",11
"SRP093393","mouse","sra","data_sources/sra","data_sources",105
"SRP149093","mouse","sra","data_sources/sra","data_sources",3
"SRP068593","mouse","sra","data_sources/sra","data_sources",9
"SRP026693","mouse","sra","data_sources/sra","data_sources",1
"SRP079693","mouse","sra","data_sources/sra","data_sources",6
"SRP166093","mouse","sra","data_sources/sra","data_sources",6
"SRP061193","mouse","sra","data_sources/sra","data_sources",48
"SRP093993","mouse","sra","data_sources/sra","data_sources",9
"SRP173193","mouse","sra","data_sources/sra","data_sources",6
"SRP140493","mouse","sra","data_sources/sra","data_sources",8
"SRP132493","mouse","sra","data_sources/sra","data_sources",382
"SRP174993","mouse","sra","data_sources/sra","data_sources",8
"DRP003593","mouse","sra","data_sources/sra","data_sources",6
"SRP166193","mouse","sra","data_sources/sra","data_sources",14
"SRP108593","mouse","sra","data_sources/sra","data_sources",23
"SRP228593","mouse","sra","data_sources/sra","data_sources",6
"SRP076100","mouse","sra","data_sources/sra","data_sources",16
"SRP068500","mouse","sra","data_sources/sra","data_sources",16
"SRP107300","mouse","sra","data_sources/sra","data_sources",4
"SRP149000","mouse","sra","data_sources/sra","data_sources",12
"SRP033700","mouse","sra","data_sources/sra","data_sources",17
"SRP120700","mouse","sra","data_sources/sra","data_sources",8
"SRP092900","mouse","sra","data_sources/sra","data_sources",20
"SRP113200","mouse","sra","data_sources/sra","data_sources",44
"SRP017800","mouse","sra","data_sources/sra","data_sources",2
"SRP051500","mouse","sra","data_sources/sra","data_sources",49
"SRP032700","mouse","sra","data_sources/sra","data_sources",4
"SRP174200","mouse","sra","data_sources/sra","data_sources",6
"SRP118600","mouse","sra","data_sources/sra","data_sources",6
"SRP007000","mouse","sra","data_sources/sra","data_sources",4
"SRP073200","mouse","sra","data_sources/sra","data_sources",9
"SRP012100","mouse","sra","data_sources/sra","data_sources",2
"SRP098700","mouse","sra","data_sources/sra","data_sources",3
"SRP107800","mouse","sra","data_sources/sra","data_sources",8
"SRP131500","mouse","sra","data_sources/sra","data_sources",9
"ERP011500","mouse","sra","data_sources/sra","data_sources",6
"SRP132400","mouse","sra","data_sources/sra","data_sources",11
"SRP026700","mouse","sra","data_sources/sra","data_sources",4
"SRP107000","mouse","sra","data_sources/sra","data_sources",4
"SRP119400","mouse","sra","data_sources/sra","data_sources",6
"SRP190900","mouse","sra","data_sources/sra","data_sources",12
"SRP096200","mouse","sra","data_sources/sra","data_sources",6
"SRP186300","mouse","sra","data_sources/sra","data_sources",30
"SRP058800","mouse","sra","data_sources/sra","data_sources",24
"SRP074900","mouse","sra","data_sources/sra","data_sources",8
"SRP116900","mouse","sra","data_sources/sra","data_sources",8
"SRP150400","mouse","sra","data_sources/sra","data_sources",6
"SRP103800","mouse","sra","data_sources/sra","data_sources",5
"SRP061800","mouse","sra","data_sources/sra","data_sources",16
"SRP167300","mouse","sra","data_sources/sra","data_sources",8
"DRP004500","mouse","sra","data_sources/sra","data_sources",16
"SRP219200","mouse","sra","data_sources/sra","data_sources",32
"ERP108900","mouse","sra","data_sources/sra","data_sources",18
"SRP029900","mouse","sra","data_sources/sra","data_sources",14
"SRP200500","mouse","sra","data_sources/sra","data_sources",2
"SRP108600","mouse","sra","data_sources/sra","data_sources",11
"SRP097900","mouse","sra","data_sources/sra","data_sources",6
"ERP017500","mouse","sra","data_sources/sra","data_sources",8
"SRP079400","mouse","sra","data_sources/sra","data_sources",4
"SRP081300","mouse","sra","data_sources/sra","data_sources",34
"DRP005100","mouse","sra","data_sources/sra","data_sources",6
"SRP110500","mouse","sra","data_sources/sra","data_sources",12
"SRP228800","mouse","sra","data_sources/sra","data_sources",19
"SRP186600","mouse","sra","data_sources/sra","data_sources",6
"SRP187600","mouse","sra","data_sources/sra","data_sources",3072
"SRP212300","mouse","sra","data_sources/sra","data_sources",6
"SRP150100","mouse","sra","data_sources/sra","data_sources",31
"SRP095600","mouse","sra","data_sources/sra","data_sources",6
"SRP058700","mouse","sra","data_sources/sra","data_sources",9
"SRP174400","mouse","sra","data_sources/sra","data_sources",2
"SRP234700","mouse","sra","data_sources/sra","data_sources",16
"DRP003800","mouse","sra","data_sources/sra","data_sources",72
"ERP115200","mouse","sra","data_sources/sra","data_sources",12
"SRP124300","mouse","sra","data_sources/sra","data_sources",11
"SRP126200","mouse","sra","data_sources/sra","data_sources",16
"SRP069200","mouse","sra","data_sources/sra","data_sources",7
"SRP140900","mouse","sra","data_sources/sra","data_sources",8
"SRP192600","mouse","sra","data_sources/sra","data_sources",6
"SRP174500","mouse","sra","data_sources/sra","data_sources",29
"SRP133200","mouse","sra","data_sources/sra","data_sources",6
"SRP201000","mouse","sra","data_sources/sra","data_sources",18
"SRP053300","mouse","sra","data_sources/sra","data_sources",4
"SRP157900","mouse","sra","data_sources/sra","data_sources",24
"SRP187700","mouse","sra","data_sources/sra","data_sources",5
"SRP043000","mouse","sra","data_sources/sra","data_sources",12
"SRP061600","mouse","sra","data_sources/sra","data_sources",3
"SRP002400","mouse","sra","data_sources/sra","data_sources",14
"SRP094700","mouse","sra","data_sources/sra","data_sources",6
"ERP002100","mouse","sra","data_sources/sra","data_sources",124
"SRP149700","mouse","sra","data_sources/sra","data_sources",89
"SRP089800","mouse","sra","data_sources/sra","data_sources",6
"SRP026100","mouse","sra","data_sources/sra","data_sources",6
"ERP006100","mouse","sra","data_sources/sra","data_sources",2
"SRP224700","mouse","sra","data_sources/sra","data_sources",25
"SRP173400","mouse","sra","data_sources/sra","data_sources",14
"ERP110300","mouse","sra","data_sources/sra","data_sources",2
"SRP042200","mouse","sra","data_sources/sra","data_sources",9
"SRP079900","mouse","sra","data_sources/sra","data_sources",37
"SRP100500","mouse","sra","data_sources/sra","data_sources",22
"SRP036000","mouse","sra","data_sources/sra","data_sources",3
"SRP055200","mouse","sra","data_sources/sra","data_sources",9
"SRP172500","mouse","sra","data_sources/sra","data_sources",15
"SRP056800","mouse","sra","data_sources/sra","data_sources",22
"SRP009800","mouse","sra","data_sources/sra","data_sources",8
"SRP119900","mouse","sra","data_sources/sra","data_sources",12
"SRP189300","mouse","sra","data_sources/sra","data_sources",108
"SRP153200","mouse","sra","data_sources/sra","data_sources",25
"SRP173500","mouse","sra","data_sources/sra","data_sources",72
"SRP017600","mouse","sra","data_sources/sra","data_sources",6
"SRP048600","mouse","sra","data_sources/sra","data_sources",5
"SRP067600","mouse","sra","data_sources/sra","data_sources",15
"ERP006000","mouse","sra","data_sources/sra","data_sources",12
"SRP128700","mouse","sra","data_sources/sra","data_sources",32
"SRP057877","mouse","sra","data_sources/sra","data_sources",4
"SRP134277","mouse","sra","data_sources/sra","data_sources",6
"SRP120977","mouse","sra","data_sources/sra","data_sources",4
"SRP077577","mouse","sra","data_sources/sra","data_sources",24
"SRP168377","mouse","sra","data_sources/sra","data_sources",6
"SRP095477","mouse","sra","data_sources/sra","data_sources",6
"SRP054977","mouse","sra","data_sources/sra","data_sources",26
"SRP133177","mouse","sra","data_sources/sra","data_sources",18
"SRP161677","mouse","sra","data_sources/sra","data_sources",24
"SRP170577","mouse","sra","data_sources/sra","data_sources",6
"SRP221577","mouse","sra","data_sources/sra","data_sources",24
"SRP119877","mouse","sra","data_sources/sra","data_sources",9
"SRP113777","mouse","sra","data_sources/sra","data_sources",32
"SRP053177","mouse","sra","data_sources/sra","data_sources",108
"SRP023177","mouse","sra","data_sources/sra","data_sources",6
"SRP062577","mouse","sra","data_sources/sra","data_sources",8
"SRP095577","mouse","sra","data_sources/sra","data_sources",4
"SRP051077","mouse","sra","data_sources/sra","data_sources",24
"SRP148577","mouse","sra","data_sources/sra","data_sources",8
"SRP081477","mouse","sra","data_sources/sra","data_sources",376
"SRP017777","mouse","sra","data_sources/sra","data_sources",8
"SRP134377","mouse","sra","data_sources/sra","data_sources",22
"SRP056377","mouse","sra","data_sources/sra","data_sources",12
"SRP151277","mouse","sra","data_sources/sra","data_sources",80
"SRP022177","mouse","sra","data_sources/sra","data_sources",12
"SRP173477","mouse","sra","data_sources/sra","data_sources",60
"SRP101577","mouse","sra","data_sources/sra","data_sources",10
"SRP189277","mouse","sra","data_sources/sra","data_sources",2
"SRP043077","mouse","sra","data_sources/sra","data_sources",4
"SRP094777","mouse","sra","data_sources/sra","data_sources",6
"SRP134177","mouse","sra","data_sources/sra","data_sources",10
"SRP164677","mouse","sra","data_sources/sra","data_sources",20
"SRP139777","mouse","sra","data_sources/sra","data_sources",24
"SRP004777","mouse","sra","data_sources/sra","data_sources",21
"SRP132877","mouse","sra","data_sources/sra","data_sources",18
"SRP062777","mouse","sra","data_sources/sra","data_sources",16
"SRP100777","mouse","sra","data_sources/sra","data_sources",66
"SRP150077","mouse","sra","data_sources/sra","data_sources",24
"SRP170677","mouse","sra","data_sources/sra","data_sources",34
"SRP183477","mouse","sra","data_sources/sra","data_sources",6
"SRP144077","mouse","sra","data_sources/sra","data_sources",5
"SRP128577","mouse","sra","data_sources/sra","data_sources",278
"SRP090477","mouse","sra","data_sources/sra","data_sources",12
"SRP051977","mouse","sra","data_sources/sra","data_sources",6
"SRP059777","mouse","sra","data_sources/sra","data_sources",8
"SRP018377","mouse","sra","data_sources/sra","data_sources",2
"SRP131877","mouse","sra","data_sources/sra","data_sources",39
"SRP173777","mouse","sra","data_sources/sra","data_sources",20
"SRP121177","mouse","sra","data_sources/sra","data_sources",1
"SRP061377","mouse","sra","data_sources/sra","data_sources",63
"SRP043577","mouse","sra","data_sources/sra","data_sources",6
"SRP219877","mouse","sra","data_sources/sra","data_sources",6
"SRP033577","mouse","sra","data_sources/sra","data_sources",12
"ERP013777","mouse","sra","data_sources/sra","data_sources",30
"SRP068777","mouse","sra","data_sources/sra","data_sources",12
"SRP037777","mouse","sra","data_sources/sra","data_sources",36
"ERP108377","mouse","sra","data_sources/sra","data_sources",17
"SRP136577","mouse","sra","data_sources/sra","data_sources",4
"SRP154777","mouse","sra","data_sources/sra","data_sources",42
"SRP063877","mouse","sra","data_sources/sra","data_sources",6
"SRP013877","mouse","sra","data_sources/sra","data_sources",10
"SRP096977","mouse","sra","data_sources/sra","data_sources",33
"SRP114977","mouse","sra","data_sources/sra","data_sources",65
"SRP230177","mouse","sra","data_sources/sra","data_sources",2
"SRP102277","mouse","sra","data_sources/sra","data_sources",6
"SRP199777","mouse","sra","data_sources/sra","data_sources",42
"SRP059877","mouse","sra","data_sources/sra","data_sources",405
"SRP133677","mouse","sra","data_sources/sra","data_sources",16
"SRP124677","mouse","sra","data_sources/sra","data_sources",19
"SRP082377","mouse","sra","data_sources/sra","data_sources",8
"SRP216477","mouse","sra","data_sources/sra","data_sources",6
"SRP049177","mouse","sra","data_sources/sra","data_sources",18
"SRP126777","mouse","sra","data_sources/sra","data_sources",8
"ERP105477","mouse","sra","data_sources/sra","data_sources",62
"SRP217477","mouse","sra","data_sources/sra","data_sources",6
"SRP235277","mouse","sra","data_sources/sra","data_sources",6
"SRP132677","mouse","sra","data_sources/sra","data_sources",6
"SRP028877","mouse","sra","data_sources/sra","data_sources",9
"SRP174977","mouse","sra","data_sources/sra","data_sources",10
"SRP106877","mouse","sra","data_sources/sra","data_sources",6
"SRP151677","mouse","sra","data_sources/sra","data_sources",29
"SRP011077","mouse","sra","data_sources/sra","data_sources",6
"SRP050477","mouse","sra","data_sources/sra","data_sources",22
"SRP132477","mouse","sra","data_sources/sra","data_sources",1783
"SRP110277","mouse","sra","data_sources/sra","data_sources",10
"SRP119677","mouse","sra","data_sources/sra","data_sources",48
"SRP125477","mouse","sra","data_sources/sra","data_sources",12
"SRP005177","mouse","sra","data_sources/sra","data_sources",3
"SRP072877","mouse","sra","data_sources/sra","data_sources",12
"SRP104377","mouse","sra","data_sources/sra","data_sources",19
"SRP192077","mouse","sra","data_sources/sra","data_sources",12
"SRP156577","mouse","sra","data_sources/sra","data_sources",34
"SRP160877","mouse","sra","data_sources/sra","data_sources",12
"SRP128877","mouse","sra","data_sources/sra","data_sources",1745
"SRP223077","mouse","sra","data_sources/sra","data_sources",8
"SRP073277","mouse","sra","data_sources/sra","data_sources",13
"SRP143477","mouse","sra","data_sources/sra","data_sources",56
"SRP065877","mouse","sra","data_sources/sra","data_sources",2
"SRP107877","mouse","sra","data_sources/sra","data_sources",4
"SRP098677","mouse","sra","data_sources/sra","data_sources",5
"SRP090877","mouse","sra","data_sources/sra","data_sources",27
"SRP015977","mouse","sra","data_sources/sra","data_sources",32
"ERP021077","mouse","sra","data_sources/sra","data_sources",79
"DRP004777","mouse","sra","data_sources/sra","data_sources",2
"SRP055777","mouse","sra","data_sources/sra","data_sources",22
"SRP126477","mouse","sra","data_sources/sra","data_sources",10
"SRP083077","mouse","sra","data_sources/sra","data_sources",18
"SRP119777","mouse","sra","data_sources/sra","data_sources",6
"SRP099677","mouse","sra","data_sources/sra","data_sources",52
"SRP197377","mouse","sra","data_sources/sra","data_sources",27
"DRP004999","mouse","sra","data_sources/sra","data_sources",1
"DRP005399","mouse","sra","data_sources/sra","data_sources",9
"ERP006099","mouse","sra","data_sources/sra","data_sources",121
"SRP155199","mouse","sra","data_sources/sra","data_sources",70
"SRP120999","mouse","sra","data_sources/sra","data_sources",6
"SRP092799","mouse","sra","data_sources/sra","data_sources",24
"SRP059599","mouse","sra","data_sources/sra","data_sources",6
"SRP117499","mouse","sra","data_sources/sra","data_sources",6
"SRP165599","mouse","sra","data_sources/sra","data_sources",8
"SRP044099","mouse","sra","data_sources/sra","data_sources",8
"SRP056899","mouse","sra","data_sources/sra","data_sources",16
"SRP073799","mouse","sra","data_sources/sra","data_sources",4
"SRP136999","mouse","sra","data_sources/sra","data_sources",25
"SRP201399","mouse","sra","data_sources/sra","data_sources",48
"ERP017999","mouse","sra","data_sources/sra","data_sources",40
"SRP095599","mouse","sra","data_sources/sra","data_sources",6
"SRP111699","mouse","sra","data_sources/sra","data_sources",14
"SRP042299","mouse","sra","data_sources/sra","data_sources",6
"SRP126199","mouse","sra","data_sources/sra","data_sources",3
"SRP057399","mouse","sra","data_sources/sra","data_sources",18
"SRP048799","mouse","sra","data_sources/sra","data_sources",6
"SRP125099","mouse","sra","data_sources/sra","data_sources",4
"SRP158699","mouse","sra","data_sources/sra","data_sources",32
"SRP139599","mouse","sra","data_sources/sra","data_sources",18
"SRP061499","mouse","sra","data_sources/sra","data_sources",8
"DRP001299","mouse","sra","data_sources/sra","data_sources",10
"SRP050299","mouse","sra","data_sources/sra","data_sources",3
"SRP191799","mouse","sra","data_sources/sra","data_sources",32
"SRP048599","mouse","sra","data_sources/sra","data_sources",81
"SRP059699","mouse","sra","data_sources/sra","data_sources",6
"SRP052999","mouse","sra","data_sources/sra","data_sources",26
"SRP046299","mouse","sra","data_sources/sra","data_sources",24
"SRP132899","mouse","sra","data_sources/sra","data_sources",8
"SRP050899","mouse","sra","data_sources/sra","data_sources",8
"ERP016099","mouse","sra","data_sources/sra","data_sources",2
"SRP102699","mouse","sra","data_sources/sra","data_sources",22
"SRP113599","mouse","sra","data_sources/sra","data_sources",8
"SRP073499","mouse","sra","data_sources/sra","data_sources",4
"SRP062699","mouse","sra","data_sources/sra","data_sources",24
"SRP045899","mouse","sra","data_sources/sra","data_sources",6
"SRP102799","mouse","sra","data_sources/sra","data_sources",6
"SRP211899","mouse","sra","data_sources/sra","data_sources",12
"SRP014599","mouse","sra","data_sources/sra","data_sources",28
"SRP165799","mouse","sra","data_sources/sra","data_sources",6
"SRP075699","mouse","sra","data_sources/sra","data_sources",10
"SRP043199","mouse","sra","data_sources/sra","data_sources",9
"SRP070499","mouse","sra","data_sources/sra","data_sources",4
"SRP198299","mouse","sra","data_sources/sra","data_sources",12
"SRP173799","mouse","sra","data_sources/sra","data_sources",10
"SRP132399","mouse","sra","data_sources/sra","data_sources",10
"SRP050399","mouse","sra","data_sources/sra","data_sources",68
"SRP162099","mouse","sra","data_sources/sra","data_sources",12
"SRP101299","mouse","sra","data_sources/sra","data_sources",12
"SRP043599","mouse","sra","data_sources/sra","data_sources",6
"SRP136599","mouse","sra","data_sources/sra","data_sources",12
"SRP164399","mouse","sra","data_sources/sra","data_sources",2
"SRP182099","mouse","sra","data_sources/sra","data_sources",6
"SRP109699","mouse","sra","data_sources/sra","data_sources",48
"SRP186899","mouse","sra","data_sources/sra","data_sources",8
"SRP174099","mouse","sra","data_sources/sra","data_sources",29
"SRP078499","mouse","sra","data_sources/sra","data_sources",36
"SRP028399","mouse","sra","data_sources/sra","data_sources",1
"SRP131699","mouse","sra","data_sources/sra","data_sources",48
"SRP100399","mouse","sra","data_sources/sra","data_sources",72
"SRP201499","mouse","sra","data_sources/sra","data_sources",8
"SRP053799","mouse","sra","data_sources/sra","data_sources",10
"SRP059899","mouse","sra","data_sources/sra","data_sources",16
"SRP164899","mouse","sra","data_sources/sra","data_sources",9
"SRP028299","mouse","sra","data_sources/sra","data_sources",8
"SRP092099","mouse","sra","data_sources/sra","data_sources",47
"ERP004699","mouse","sra","data_sources/sra","data_sources",3
"SRP127799","mouse","sra","data_sources/sra","data_sources",8
"SRP148999","mouse","sra","data_sources/sra","data_sources",75
"SRP165899","mouse","sra","data_sources/sra","data_sources",7
"SRP041599","mouse","sra","data_sources/sra","data_sources",9
"ERP013699","mouse","sra","data_sources/sra","data_sources",16
"SRP033699","mouse","sra","data_sources/sra","data_sources",3
"SRP161899","mouse","sra","data_sources/sra","data_sources",3
"SRP116199","mouse","sra","data_sources/sra","data_sources",9
"SRP093299","mouse","sra","data_sources/sra","data_sources",6
"ERP104699","mouse","sra","data_sources/sra","data_sources",30
"SRP167199","mouse","sra","data_sources/sra","data_sources",24
"SRP128899","mouse","sra","data_sources/sra","data_sources",22
"SRP163399","mouse","sra","data_sources/sra","data_sources",2
"SRP158999","mouse","sra","data_sources/sra","data_sources",15
"ERP104799","mouse","sra","data_sources/sra","data_sources",80
"SRP117099","mouse","sra","data_sources/sra","data_sources",224
"SRP149099","mouse","sra","data_sources/sra","data_sources",15
"SRP105299","mouse","sra","data_sources/sra","data_sources",60
"SRP225899","mouse","sra","data_sources/sra","data_sources",10
"SRP050599","mouse","sra","data_sources/sra","data_sources",4
"SRP066899","mouse","sra","data_sources/sra","data_sources",8
"SRP140499","mouse","sra","data_sources/sra","data_sources",24
"SRP039456","mouse","sra","data_sources/sra","data_sources",2
"SRP183456","mouse","sra","data_sources/sra","data_sources",9
"SRP159556","mouse","sra","data_sources/sra","data_sources",13
"ERP113156","mouse","sra","data_sources/sra","data_sources",12
"SRP221656","mouse","sra","data_sources/sra","data_sources",2
"SRP121156","mouse","sra","data_sources/sra","data_sources",1
"SRP130256","mouse","sra","data_sources/sra","data_sources",36
"SRP162456","mouse","sra","data_sources/sra","data_sources",330
"SRP184756","mouse","sra","data_sources/sra","data_sources",12
"SRP123056","mouse","sra","data_sources/sra","data_sources",6
"SRP094656","mouse","sra","data_sources/sra","data_sources",8
"SRP164756","mouse","sra","data_sources/sra","data_sources",36
"SRP048456","mouse","sra","data_sources/sra","data_sources",8
"SRP089956","mouse","sra","data_sources/sra","data_sources",6
"SRP065556","mouse","sra","data_sources/sra","data_sources",7
"SRP068356","mouse","sra","data_sources/sra","data_sources",12
"SRP166656","mouse","sra","data_sources/sra","data_sources",6
"SRP127256","mouse","sra","data_sources/sra","data_sources",6
"SRP067556","mouse","sra","data_sources/sra","data_sources",6
"SRP068256","mouse","sra","data_sources/sra","data_sources",1
"ERP017056","mouse","sra","data_sources/sra","data_sources",34
"SRP179956","mouse","sra","data_sources/sra","data_sources",136
"SRP043056","mouse","sra","data_sources/sra","data_sources",4
"SRP231456","mouse","sra","data_sources/sra","data_sources",16
"SRP131356","mouse","sra","data_sources/sra","data_sources",9
"SRP170756","mouse","sra","data_sources/sra","data_sources",28
"ERP010356","mouse","sra","data_sources/sra","data_sources",45
"SRP130956","mouse","sra","data_sources/sra","data_sources",23
"SRP082756","mouse","sra","data_sources/sra","data_sources",384
"SRP014456","mouse","sra","data_sources/sra","data_sources",8
"SRP151856","mouse","sra","data_sources/sra","data_sources",32
"SRP014656","mouse","sra","data_sources/sra","data_sources",4
"SRP183756","mouse","sra","data_sources/sra","data_sources",14
"SRP093656","mouse","sra","data_sources/sra","data_sources",4
"SRP159656","mouse","sra","data_sources/sra","data_sources",30
"SRP144956","mouse","sra","data_sources/sra","data_sources",20
"ERP113256","mouse","sra","data_sources/sra","data_sources",6
"SRP195756","mouse","sra","data_sources/sra","data_sources",4
"ERP016856","mouse","sra","data_sources/sra","data_sources",14
"SRP200256","mouse","sra","data_sources/sra","data_sources",22
"SRP123356","mouse","sra","data_sources/sra","data_sources",12
"SRP116556","mouse","sra","data_sources/sra","data_sources",2
"SRP120856","mouse","sra","data_sources/sra","data_sources",16
"SRP054356","mouse","sra","data_sources/sra","data_sources",2
"SRP136356","mouse","sra","data_sources/sra","data_sources",1152
"SRP076556","mouse","sra","data_sources/sra","data_sources",8
"DRP005356","mouse","sra","data_sources/sra","data_sources",31
"SRP166456","mouse","sra","data_sources/sra","data_sources",58
"SRP004456","mouse","sra","data_sources/sra","data_sources",6
"SRP218456","mouse","sra","data_sources/sra","data_sources",16
"SRP158756","mouse","sra","data_sources/sra","data_sources",12
"SRP193556","mouse","sra","data_sources/sra","data_sources",27
"SRP162656","mouse","sra","data_sources/sra","data_sources",12
"SRP011556","mouse","sra","data_sources/sra","data_sources",4
"SRP053056","mouse","sra","data_sources/sra","data_sources",8
"SRP131056","mouse","sra","data_sources/sra","data_sources",9
"SRP120356","mouse","sra","data_sources/sra","data_sources",12
"SRP221456","mouse","sra","data_sources/sra","data_sources",18
"SRP215856","mouse","sra","data_sources/sra","data_sources",32
"SRP189956","mouse","sra","data_sources/sra","data_sources",12
"SRP057256","mouse","sra","data_sources/sra","data_sources",4
"SRP168356","mouse","sra","data_sources/sra","data_sources",18
"SRP078256","mouse","sra","data_sources/sra","data_sources",8
"ERP007056","mouse","sra","data_sources/sra","data_sources",24
"SRP190056","mouse","sra","data_sources/sra","data_sources",66
"SRP106356","mouse","sra","data_sources/sra","data_sources",36
"SRP156456","mouse","sra","data_sources/sra","data_sources",2
"SRP040656","mouse","sra","data_sources/sra","data_sources",15
"SRP064956","mouse","sra","data_sources/sra","data_sources",2
"SRP198456","mouse","sra","data_sources/sra","data_sources",9
"SRP066856","mouse","sra","data_sources/sra","data_sources",6
"SRP041656","mouse","sra","data_sources/sra","data_sources",8
"SRP227956","mouse","sra","data_sources/sra","data_sources",6
"SRP092356","mouse","sra","data_sources/sra","data_sources",6
"SRP119756","mouse","sra","data_sources/sra","data_sources",3
"SRP073956","mouse","sra","data_sources/sra","data_sources",6
"SRP144656","mouse","sra","data_sources/sra","data_sources",21
"SRP067356","mouse","sra","data_sources/sra","data_sources",19
"SRP161856","mouse","sra","data_sources/sra","data_sources",21
"SRP217656","mouse","sra","data_sources/sra","data_sources",2
"SRP108556","mouse","sra","data_sources/sra","data_sources",90
"SRP065256","mouse","sra","data_sources/sra","data_sources",6
"SRP074156","mouse","sra","data_sources/sra","data_sources",7
"SRP218156","mouse","sra","data_sources/sra","data_sources",60
"SRP041756","mouse","sra","data_sources/sra","data_sources",8
"SRP072256","mouse","sra","data_sources/sra","data_sources",10
"SRP220156","mouse","sra","data_sources/sra","data_sources",12
"SRP032656","mouse","sra","data_sources/sra","data_sources",6
"SRP034556","mouse","sra","data_sources/sra","data_sources",8
"SRP167156","mouse","sra","data_sources/sra","data_sources",6
"SRP094956","mouse","sra","data_sources/sra","data_sources",4
"SRP057556","mouse","sra","data_sources/sra","data_sources",24
"SRP156756","mouse","sra","data_sources/sra","data_sources",9
"SRP133656","mouse","sra","data_sources/sra","data_sources",6
"SRP199756","mouse","sra","data_sources/sra","data_sources",10
"SRP071156","mouse","sra","data_sources/sra","data_sources",6
"SRP188456","mouse","sra","data_sources/sra","data_sources",12
"SRP083956","mouse","sra","data_sources/sra","data_sources",12
"SRP212656","mouse","sra","data_sources/sra","data_sources",17
"ERP010756","mouse","sra","data_sources/sra","data_sources",15
"SRP151456","mouse","sra","data_sources/sra","data_sources",18
"SRP107056","mouse","sra","data_sources/sra","data_sources",19
"SRP116356","mouse","sra","data_sources/sra","data_sources",6
"SRP097856","mouse","sra","data_sources/sra","data_sources",10
"SRP170956","mouse","sra","data_sources/sra","data_sources",4
"SRP191356","mouse","sra","data_sources/sra","data_sources",6
"SRP169556","mouse","sra","data_sources/sra","data_sources",51
"SRP115956","mouse","sra","data_sources/sra","data_sources",78
"SRP007956","mouse","sra","data_sources/sra","data_sources",30
"SRP231156","mouse","sra","data_sources/sra","data_sources",65
"DRP003656","mouse","sra","data_sources/sra","data_sources",2
"SRP059956","mouse","sra","data_sources/sra","data_sources",11
"SRP029956","mouse","sra","data_sources/sra","data_sources",2
"SRP147556","mouse","sra","data_sources/sra","data_sources",10
"SRP117256","mouse","sra","data_sources/sra","data_sources",15
"SRP091421","mouse","sra","data_sources/sra","data_sources",21
"SRP145021","mouse","sra","data_sources/sra","data_sources",9
"SRP214021","mouse","sra","data_sources/sra","data_sources",4
"SRP057021","mouse","sra","data_sources/sra","data_sources",12
"SRP201121","mouse","sra","data_sources/sra","data_sources",24
"SRP096721","mouse","sra","data_sources/sra","data_sources",154
"SRP121121","mouse","sra","data_sources/sra","data_sources",1
"SRP153021","mouse","sra","data_sources/sra","data_sources",24
"SRP101621","mouse","sra","data_sources/sra","data_sources",16
"SRP029721","mouse","sra","data_sources/sra","data_sources",7
"SRP076721","mouse","sra","data_sources/sra","data_sources",8
"SRP169121","mouse","sra","data_sources/sra","data_sources",28
"SRP045221","mouse","sra","data_sources/sra","data_sources",8
"ERP006221","mouse","sra","data_sources/sra","data_sources",232
"SRP048521","mouse","sra","data_sources/sra","data_sources",18
"SRP162521","mouse","sra","data_sources/sra","data_sources",18
"SRP033021","mouse","sra","data_sources/sra","data_sources",181
"SRP151021","mouse","sra","data_sources/sra","data_sources",9
"ERP110121","mouse","sra","data_sources/sra","data_sources",598
"SRP097621","mouse","sra","data_sources/sra","data_sources",10
"SRP125821","mouse","sra","data_sources/sra","data_sources",9
"SRP113521","mouse","sra","data_sources/sra","data_sources",22
"SRP155821","mouse","sra","data_sources/sra","data_sources",6
"SRP040121","mouse","sra","data_sources/sra","data_sources",78
"SRP075721","mouse","sra","data_sources/sra","data_sources",2
"SRP189821","mouse","sra","data_sources/sra","data_sources",18
"SRP049721","mouse","sra","data_sources/sra","data_sources",20
"ERP002321","mouse","sra","data_sources/sra","data_sources",5
"SRP119221","mouse","sra","data_sources/sra","data_sources",30
"SRP164421","mouse","sra","data_sources/sra","data_sources",6
"SRP178121","mouse","sra","data_sources/sra","data_sources",48
"SRP076421","mouse","sra","data_sources/sra","data_sources",8
"SRP144221","mouse","sra","data_sources/sra","data_sources",24
"SRP119321","mouse","sra","data_sources/sra","data_sources",54
"SRP147921","mouse","sra","data_sources/sra","data_sources",132
"SRP212121","mouse","sra","data_sources/sra","data_sources",12
"SRP217921","mouse","sra","data_sources/sra","data_sources",4
"SRP152221","mouse","sra","data_sources/sra","data_sources",8
"SRP113621","mouse","sra","data_sources/sra","data_sources",35
"SRP163621","mouse","sra","data_sources/sra","data_sources",24
"SRP099821","mouse","sra","data_sources/sra","data_sources",3
"SRP195821","mouse","sra","data_sources/sra","data_sources",18
"SRP080121","mouse","sra","data_sources/sra","data_sources",10
"SRP115121","mouse","sra","data_sources/sra","data_sources",20
"SRP106321","mouse","sra","data_sources/sra","data_sources",8
"SRP201721","mouse","sra","data_sources/sra","data_sources",8
"SRP150721","mouse","sra","data_sources/sra","data_sources",14
"SRP111321","mouse","sra","data_sources/sra","data_sources",9
"SRP051521","mouse","sra","data_sources/sra","data_sources",12
"SRP095021","mouse","sra","data_sources/sra","data_sources",6
"SRP188721","mouse","sra","data_sources/sra","data_sources",66
"SRP131421","mouse","sra","data_sources/sra","data_sources",16
"SRP183821","mouse","sra","data_sources/sra","data_sources",10
"SRP049821","mouse","sra","data_sources/sra","data_sources",32
"SRP151721","mouse","sra","data_sources/sra","data_sources",10
"SRP123621","mouse","sra","data_sources/sra","data_sources",12
"SRP066821","mouse","sra","data_sources/sra","data_sources",9
"SRP048221","mouse","sra","data_sources/sra","data_sources",6
"SRP193121","mouse","sra","data_sources/sra","data_sources",8
"SRP158321","mouse","sra","data_sources/sra","data_sources",12
"SRP105321","mouse","sra","data_sources/sra","data_sources",12
"SRP076021","mouse","sra","data_sources/sra","data_sources",12
"SRP066921","mouse","sra","data_sources/sra","data_sources",12
"SRP094121","mouse","sra","data_sources/sra","data_sources",6
"SRP171121","mouse","sra","data_sources/sra","data_sources",4
"SRP065821","mouse","sra","data_sources/sra","data_sources",10
"SRP071321","mouse","sra","data_sources/sra","data_sources",36
"SRP066321","mouse","sra","data_sources/sra","data_sources",130
"SRP014021","mouse","sra","data_sources/sra","data_sources",6
"SRP179721","mouse","sra","data_sources/sra","data_sources",12
"SRP117321","mouse","sra","data_sources/sra","data_sources",21
"SRP096821","mouse","sra","data_sources/sra","data_sources",6
"SRP149921","mouse","sra","data_sources/sra","data_sources",5
"SRP075921","mouse","sra","data_sources/sra","data_sources",29
"SRP190921","mouse","sra","data_sources/sra","data_sources",48
"SRP149321","mouse","sra","data_sources/sra","data_sources",8
"SRP185821","mouse","sra","data_sources/sra","data_sources",6
"SRP068621","mouse","sra","data_sources/sra","data_sources",37
"DRP005521","mouse","sra","data_sources/sra","data_sources",16
"SRP169521","mouse","sra","data_sources/sra","data_sources",35
"SRP215421","mouse","sra","data_sources/sra","data_sources",7
"SRP097921","mouse","sra","data_sources/sra","data_sources",160
"SRP059321","mouse","sra","data_sources/sra","data_sources",102
"SRP108621","mouse","sra","data_sources/sra","data_sources",6
"SRP187821","mouse","sra","data_sources/sra","data_sources",12284
"SRP080921","mouse","sra","data_sources/sra","data_sources",1
"SRP072121","mouse","sra","data_sources/sra","data_sources",8
"SRP222321","mouse","sra","data_sources/sra","data_sources",8
"SRP096321","mouse","sra","data_sources/sra","data_sources",6
"SRP089721","mouse","sra","data_sources/sra","data_sources",12
"SRP111121","mouse","sra","data_sources/sra","data_sources",27
"SRP073121","mouse","sra","data_sources/sra","data_sources",2
"SRP191821","mouse","sra","data_sources/sra","data_sources",6
"SRP159121","mouse","sra","data_sources/sra","data_sources",56
"SRP034621","mouse","sra","data_sources/sra","data_sources",6
"SRP192321","mouse","sra","data_sources/sra","data_sources",6
"SRP055521","mouse","sra","data_sources/sra","data_sources",20
"SRP066021","mouse","sra","data_sources/sra","data_sources",12
"SRP078421","mouse","sra","data_sources/sra","data_sources",21
"SRP192713","mouse","sra","data_sources/sra","data_sources",34
"SRP058713","mouse","sra","data_sources/sra","data_sources",6
"SRP126213","mouse","sra","data_sources/sra","data_sources",98
"SRP028713","mouse","sra","data_sources/sra","data_sources",13
"SRP102713","mouse","sra","data_sources/sra","data_sources",8
"SRP060713","mouse","sra","data_sources/sra","data_sources",2
"SRP062613","mouse","sra","data_sources/sra","data_sources",5
"ERP006813","mouse","sra","data_sources/sra","data_sources",32
"SRP185713","mouse","sra","data_sources/sra","data_sources",52
"SRP132313","mouse","sra","data_sources/sra","data_sources",56
"SRP151113","mouse","sra","data_sources/sra","data_sources",55
"SRP043113","mouse","sra","data_sources/sra","data_sources",4
"SRP128513","mouse","sra","data_sources/sra","data_sources",2
"SRP218613","mouse","sra","data_sources/sra","data_sources",12
"SRP056013","mouse","sra","data_sources/sra","data_sources",11
"ERP004213","mouse","sra","data_sources/sra","data_sources",4
"SRP017513","mouse","sra","data_sources/sra","data_sources",6
"SRP133813","mouse","sra","data_sources/sra","data_sources",4
"SRP043013","mouse","sra","data_sources/sra","data_sources",6
"SRP132213","mouse","sra","data_sources/sra","data_sources",8
"ERP006913","mouse","sra","data_sources/sra","data_sources",24
"SRP201013","mouse","sra","data_sources/sra","data_sources",26
"SRP132813","mouse","sra","data_sources/sra","data_sources",30
"SRP055013","mouse","sra","data_sources/sra","data_sources",12
"SRP183513","mouse","sra","data_sources/sra","data_sources",36
"SRP130913","mouse","sra","data_sources/sra","data_sources",30
"SRP078313","mouse","sra","data_sources/sra","data_sources",18
"SRP133013","mouse","sra","data_sources/sra","data_sources",19
"SRP100513","mouse","sra","data_sources/sra","data_sources",7
"SRP079913","mouse","sra","data_sources/sra","data_sources",6
"SRP137813","mouse","sra","data_sources/sra","data_sources",20
"SRP041313","mouse","sra","data_sources/sra","data_sources",29
"SRP070713","mouse","sra","data_sources/sra","data_sources",4
"SRP191513","mouse","sra","data_sources/sra","data_sources",21
"SRP018013","mouse","sra","data_sources/sra","data_sources",9
"SRP056313","mouse","sra","data_sources/sra","data_sources",10
"SRP158613","mouse","sra","data_sources/sra","data_sources",4
"SRP065613","mouse","sra","data_sources/sra","data_sources",6
"SRP157113","mouse","sra","data_sources/sra","data_sources",8
"SRP059513","mouse","sra","data_sources/sra","data_sources",77
"SRP108013","mouse","sra","data_sources/sra","data_sources",27
"SRP147913","mouse","sra","data_sources/sra","data_sources",144
"SRP050113","mouse","sra","data_sources/sra","data_sources",24
"DRP004913","mouse","sra","data_sources/sra","data_sources",28
"SRP063413","mouse","sra","data_sources/sra","data_sources",6
"SRP212113","mouse","sra","data_sources/sra","data_sources",4
"SRP168313","mouse","sra","data_sources/sra","data_sources",12
"SRP093713","mouse","sra","data_sources/sra","data_sources",8
"SRP118713","mouse","sra","data_sources/sra","data_sources",8
"SRP124513","mouse","sra","data_sources/sra","data_sources",2204
"SRP170013","mouse","sra","data_sources/sra","data_sources",32
"SRP073313","mouse","sra","data_sources/sra","data_sources",4
"SRP133513","mouse","sra","data_sources/sra","data_sources",6
"SRP014913","mouse","sra","data_sources/sra","data_sources",1
"SRP063013","mouse","sra","data_sources/sra","data_sources",12
"ERP110613","mouse","sra","data_sources/sra","data_sources",9
"SRP096113","mouse","sra","data_sources/sra","data_sources",9
"SRP043713","mouse","sra","data_sources/sra","data_sources",6
"SRP103113","mouse","sra","data_sources/sra","data_sources",16
"DRP003413","mouse","sra","data_sources/sra","data_sources",5
"SRP090213","mouse","sra","data_sources/sra","data_sources",6
"SRP116013","mouse","sra","data_sources/sra","data_sources",2
"SRP071813","mouse","sra","data_sources/sra","data_sources",4
"SRP218013","mouse","sra","data_sources/sra","data_sources",4
"SRP116113","mouse","sra","data_sources/sra","data_sources",6
"SRP232913","mouse","sra","data_sources/sra","data_sources",72
"SRP227813","mouse","sra","data_sources/sra","data_sources",4
"SRP113313","mouse","sra","data_sources/sra","data_sources",18
"SRP060013","mouse","sra","data_sources/sra","data_sources",1
"SRP017913","mouse","sra","data_sources/sra","data_sources",6
"SRP148113","mouse","sra","data_sources/sra","data_sources",9
"SRP135713","mouse","sra","data_sources/sra","data_sources",13
"SRP103813","mouse","sra","data_sources/sra","data_sources",8
"ERP115713","mouse","sra","data_sources/sra","data_sources",12
"SRP066113","mouse","sra","data_sources/sra","data_sources",8
"SRP139913","mouse","sra","data_sources/sra","data_sources",5
"SRP162113","mouse","sra","data_sources/sra","data_sources",11
"SRP200413","mouse","sra","data_sources/sra","data_sources",12
"SRP123513","mouse","sra","data_sources/sra","data_sources",16
"SRP103213","mouse","sra","data_sources/sra","data_sources",14
"SRP219913","mouse","sra","data_sources/sra","data_sources",12
"ERP017413","mouse","sra","data_sources/sra","data_sources",75
"SRP102813","mouse","sra","data_sources/sra","data_sources",12
"SRP116313","mouse","sra","data_sources/sra","data_sources",4
"SRP217513","mouse","sra","data_sources/sra","data_sources",72
"SRP015113","mouse","sra","data_sources/sra","data_sources",9
"SRP185913","mouse","sra","data_sources/sra","data_sources",15
"SRP068713","mouse","sra","data_sources/sra","data_sources",5
"SRP061313","mouse","sra","data_sources/sra","data_sources",3
"SRP197113","mouse","sra","data_sources/sra","data_sources",6
"SRP167813","mouse","sra","data_sources/sra","data_sources",3
"SRP062213","mouse","sra","data_sources/sra","data_sources",18
"SRP120513","mouse","sra","data_sources/sra","data_sources",94
"SRP089713","mouse","sra","data_sources/sra","data_sources",75
"SRP190213","mouse","sra","data_sources/sra","data_sources",5
"SRP183013","mouse","sra","data_sources/sra","data_sources",8
"SRP058313","mouse","sra","data_sources/sra","data_sources",6
"SRP095164","mouse","sra","data_sources/sra","data_sources",1
"SRP062164","mouse","sra","data_sources/sra","data_sources",6
"SRP148164","mouse","sra","data_sources/sra","data_sources",4
"SRP093264","mouse","sra","data_sources/sra","data_sources",28
"ERP115564","mouse","sra","data_sources/sra","data_sources",354
"SRP190164","mouse","sra","data_sources/sra","data_sources",168
"SRP111864","mouse","sra","data_sources/sra","data_sources",6
"SRP068464","mouse","sra","data_sources/sra","data_sources",6
"SRP180264","mouse","sra","data_sources/sra","data_sources",4
"SRP039964","mouse","sra","data_sources/sra","data_sources",16
"SRP151664","mouse","sra","data_sources/sra","data_sources",7
"SRP106864","mouse","sra","data_sources/sra","data_sources",4
"SRP171164","mouse","sra","data_sources/sra","data_sources",8
"SRP171064","mouse","sra","data_sources/sra","data_sources",32
"SRP189764","mouse","sra","data_sources/sra","data_sources",48
"SRP233264","mouse","sra","data_sources/sra","data_sources",2
"SRP144664","mouse","sra","data_sources/sra","data_sources",2
"ERP116564","mouse","sra","data_sources/sra","data_sources",12
"SRP137764","mouse","sra","data_sources/sra","data_sources",9
"SRP049264","mouse","sra","data_sources/sra","data_sources",24
"SRP010164","mouse","sra","data_sources/sra","data_sources",2
"SRP038864","mouse","sra","data_sources/sra","data_sources",4
"SRP095064","mouse","sra","data_sources/sra","data_sources",18
"SRP090864","mouse","sra","data_sources/sra","data_sources",4
"SRP060364","mouse","sra","data_sources/sra","data_sources",16
"SRP074864","mouse","sra","data_sources/sra","data_sources",5
"SRP218864","mouse","sra","data_sources/sra","data_sources",17
"SRP212764","mouse","sra","data_sources/sra","data_sources",960
"SRP166864","mouse","sra","data_sources/sra","data_sources",4
"SRP096964","mouse","sra","data_sources/sra","data_sources",38
"SRP064164","mouse","sra","data_sources/sra","data_sources",18
"SRP094864","mouse","sra","data_sources/sra","data_sources",36
"SRP090064","mouse","sra","data_sources/sra","data_sources",19
"SRP136564","mouse","sra","data_sources/sra","data_sources",8
"SRP128164","mouse","sra","data_sources/sra","data_sources",4
"SRP237264","mouse","sra","data_sources/sra","data_sources",3
"SRP037764","mouse","sra","data_sources/sra","data_sources",4
"SRP009464","mouse","sra","data_sources/sra","data_sources",6
"ERP105564","mouse","sra","data_sources/sra","data_sources",8
"SRP059364","mouse","sra","data_sources/sra","data_sources",6
"SRP224064","mouse","sra","data_sources/sra","data_sources",8
"ERP109964","mouse","sra","data_sources/sra","data_sources",32
"SRP096364","mouse","sra","data_sources/sra","data_sources",6
"SRP070064","mouse","sra","data_sources/sra","data_sources",12
"SRP061364","mouse","sra","data_sources/sra","data_sources",16
"SRP007864","mouse","sra","data_sources/sra","data_sources",2
"SRP200464","mouse","sra","data_sources/sra","data_sources",8
"SRP162164","mouse","sra","data_sources/sra","data_sources",21
"SRP167964","mouse","sra","data_sources/sra","data_sources",8
"SRP028864","mouse","sra","data_sources/sra","data_sources",11
"SRP080864","mouse","sra","data_sources/sra","data_sources",24
"SRP170964","mouse","sra","data_sources/sra","data_sources",143
"SRP175164","mouse","sra","data_sources/sra","data_sources",12
"SRP237364","mouse","sra","data_sources/sra","data_sources",10
"SRP095964","mouse","sra","data_sources/sra","data_sources",9
"SRP078564","mouse","sra","data_sources/sra","data_sources",6
"SRP168464","mouse","sra","data_sources/sra","data_sources",8
"SRP058264","mouse","sra","data_sources/sra","data_sources",8
"SRP212664","mouse","sra","data_sources/sra","data_sources",12
"SRP131764","mouse","sra","data_sources/sra","data_sources",138
"ERP010364","mouse","sra","data_sources/sra","data_sources",12
"SRP018864","mouse","sra","data_sources/sra","data_sources",6
"SRP106464","mouse","sra","data_sources/sra","data_sources",8
"SRP019264","mouse","sra","data_sources/sra","data_sources",4
"SRP077664","mouse","sra","data_sources/sra","data_sources",8
"SRP055064","mouse","sra","data_sources/sra","data_sources",8
"SRP044364","mouse","sra","data_sources/sra","data_sources",8
"SRP119064","mouse","sra","data_sources/sra","data_sources",512
"SRP212864","mouse","sra","data_sources/sra","data_sources",6
"SRP059664","mouse","sra","data_sources/sra","data_sources",6
"SRP074764","mouse","sra","data_sources/sra","data_sources",2
"SRP151064","mouse","sra","data_sources/sra","data_sources",1699
"SRP069864","mouse","sra","data_sources/sra","data_sources",8
"SRP228964","mouse","sra","data_sources/sra","data_sources",95
"SRP132264","mouse","sra","data_sources/sra","data_sources",20
"SRP121164","mouse","sra","data_sources/sra","data_sources",1
"SRP103764","mouse","sra","data_sources/sra","data_sources",8
"SRP220664","mouse","sra","data_sources/sra","data_sources",1
"SRP132364","mouse","sra","data_sources/sra","data_sources",246
"SRP089964","mouse","sra","data_sources/sra","data_sources",6
"SRP143964","mouse","sra","data_sources/sra","data_sources",18
"SRP114764","mouse","sra","data_sources/sra","data_sources",12
"SRP067464","mouse","sra","data_sources/sra","data_sources",2
"SRP051964","mouse","sra","data_sources/sra","data_sources",8
"SRP127264","mouse","sra","data_sources/sra","data_sources",41
"ERP017164","mouse","sra","data_sources/sra","data_sources",32
"SRP237664","mouse","sra","data_sources/sra","data_sources",10
"ERP104164","mouse","sra","data_sources/sra","data_sources",952
"SRP156264","mouse","sra","data_sources/sra","data_sources",8
"SRP032164","mouse","sra","data_sources/sra","data_sources",9
"SRP042164","mouse","sra","data_sources/sra","data_sources",6
"SRP161564","mouse","sra","data_sources/sra","data_sources",110
"SRP170664","mouse","sra","data_sources/sra","data_sources",2
"SRP108864","mouse","sra","data_sources/sra","data_sources",12
"SRP187464","mouse","sra","data_sources/sra","data_sources",6
"SRP071664","mouse","sra","data_sources/sra","data_sources",6
"ERP003264","mouse","sra","data_sources/sra","data_sources",12
"SRP100464","mouse","sra","data_sources/sra","data_sources",6
"SRP008264","mouse","sra","data_sources/sra","data_sources",3
"SRP057264","mouse","sra","data_sources/sra","data_sources",6
"SRP091664","mouse","sra","data_sources/sra","data_sources",6
"SRP215264","mouse","sra","data_sources/sra","data_sources",14
"SRP015764","mouse","sra","data_sources/sra","data_sources",3
"SRP068164","mouse","sra","data_sources/sra","data_sources",2
"SRP041264","mouse","sra","data_sources/sra","data_sources",5
"SRP118964","mouse","sra","data_sources/sra","data_sources",21
"SRP052064","mouse","sra","data_sources/sra","data_sources",2
"SRP061564","mouse","sra","data_sources/sra","data_sources",6
"SRP055864","mouse","sra","data_sources/sra","data_sources",12
"SRP184464","mouse","sra","data_sources/sra","data_sources",32
"ERP009664","mouse","sra","data_sources/sra","data_sources",6
"SRP067764","mouse","sra","data_sources/sra","data_sources",4
"SRP029464","mouse","sra","data_sources/sra","data_sources",12
"SRP026364","mouse","sra","data_sources/sra","data_sources",14
"SRP201864","mouse","sra","data_sources/sra","data_sources",5
"SRP041964","mouse","sra","data_sources/sra","data_sources",36
"SRP126164","mouse","sra","data_sources/sra","data_sources",28
"SRP044164","mouse","sra","data_sources/sra","data_sources",36
"SRP181664","mouse","sra","data_sources/sra","data_sources",5
"SRP216264","mouse","sra","data_sources/sra","data_sources",60
"SRP133064","mouse","sra","data_sources/sra","data_sources",21
"SRP212064","mouse","sra","data_sources/sra","data_sources",4
"SRP099680","mouse","sra","data_sources/sra","data_sources",839
"SRP072380","mouse","sra","data_sources/sra","data_sources",8
"SRP065380","mouse","sra","data_sources/sra","data_sources",16
"SRP158380","mouse","sra","data_sources/sra","data_sources",8
"SRP214680","mouse","sra","data_sources/sra","data_sources",6
"ERP005580","mouse","sra","data_sources/sra","data_sources",4
"SRP118780","mouse","sra","data_sources/sra","data_sources",80
"SRP070880","mouse","sra","data_sources/sra","data_sources",18
"SRP150780","mouse","sra","data_sources/sra","data_sources",9
"SRP051580","mouse","sra","data_sources/sra","data_sources",9
"SRP187080","mouse","sra","data_sources/sra","data_sources",12
"SRP097180","mouse","sra","data_sources/sra","data_sources",18
"SRP158880","mouse","sra","data_sources/sra","data_sources",3
"SRP065880","mouse","sra","data_sources/sra","data_sources",2
"SRP230280","mouse","sra","data_sources/sra","data_sources",2
"SRP090980","mouse","sra","data_sources/sra","data_sources",80
"SRP038980","mouse","sra","data_sources/sra","data_sources",37
"SRP172080","mouse","sra","data_sources/sra","data_sources",20
"SRP117180","mouse","sra","data_sources/sra","data_sources",6
"SRP093280","mouse","sra","data_sources/sra","data_sources",6
"SRP216680","mouse","sra","data_sources/sra","data_sources",12
"SRP049380","mouse","sra","data_sources/sra","data_sources",6
"SRP180280","mouse","sra","data_sources/sra","data_sources",8
"SRP092280","mouse","sra","data_sources/sra","data_sources",38
"SRP074180","mouse","sra","data_sources/sra","data_sources",8
"SRP148980","mouse","sra","data_sources/sra","data_sources",6
"SRP082980","mouse","sra","data_sources/sra","data_sources",8
"SRP173280","mouse","sra","data_sources/sra","data_sources",33
"SRP092080","mouse","sra","data_sources/sra","data_sources",8
"SRP074380","mouse","sra","data_sources/sra","data_sources",15
"SRP105180","mouse","sra","data_sources/sra","data_sources",4
"SRP077280","mouse","sra","data_sources/sra","data_sources",2
"SRP179780","mouse","sra","data_sources/sra","data_sources",12
"ERP106580","mouse","sra","data_sources/sra","data_sources",8
"SRP156780","mouse","sra","data_sources/sra","data_sources",45
"ERP115780","mouse","sra","data_sources/sra","data_sources",10
"SRP166980","mouse","sra","data_sources/sra","data_sources",8
"SRP040480","mouse","sra","data_sources/sra","data_sources",6
"SRP019780","mouse","sra","data_sources/sra","data_sources",10
"SRP117280","mouse","sra","data_sources/sra","data_sources",12
"SRP126680","mouse","sra","data_sources/sra","data_sources",5
"SRP028380","mouse","sra","data_sources/sra","data_sources",8
"SRP101880","mouse","sra","data_sources/sra","data_sources",16
"SRP115380","mouse","sra","data_sources/sra","data_sources",27
"SRP222980","mouse","sra","data_sources/sra","data_sources",392
"SRP069780","mouse","sra","data_sources/sra","data_sources",62
"SRP127680","mouse","sra","data_sources/sra","data_sources",6
"SRP107180","mouse","sra","data_sources/sra","data_sources",5
"SRP218280","mouse","sra","data_sources/sra","data_sources",6
"SRP121180","mouse","sra","data_sources/sra","data_sources",1
"SRP034880","mouse","sra","data_sources/sra","data_sources",10
"SRP132380","mouse","sra","data_sources/sra","data_sources",8
"SRP059780","mouse","sra","data_sources/sra","data_sources",8
"SRP108280","mouse","sra","data_sources/sra","data_sources",6
"SRP128580","mouse","sra","data_sources/sra","data_sources",16
"SRP044280","mouse","sra","data_sources/sra","data_sources",2
"SRP066480","mouse","sra","data_sources/sra","data_sources",11
"SRP117680","mouse","sra","data_sources/sra","data_sources",20
"SRP010780","mouse","sra","data_sources/sra","data_sources",8
"SRP125980","mouse","sra","data_sources/sra","data_sources",12
"SRP071580","mouse","sra","data_sources/sra","data_sources",14
"SRP141380","mouse","sra","data_sources/sra","data_sources",10
"SRP150080","mouse","sra","data_sources/sra","data_sources",6
"SRP127980","mouse","sra","data_sources/sra","data_sources",8
"SRP073480","mouse","sra","data_sources/sra","data_sources",4
"SRP213880","mouse","sra","data_sources/sra","data_sources",56
"SRP176480","mouse","sra","data_sources/sra","data_sources",6
"ERP106180","mouse","sra","data_sources/sra","data_sources",18
"SRP133880","mouse","sra","data_sources/sra","data_sources",10
"SRP238080","mouse","sra","data_sources/sra","data_sources",6
"SRP134180","mouse","sra","data_sources/sra","data_sources",9
"SRP069880","mouse","sra","data_sources/sra","data_sources",6
"SRP132280","mouse","sra","data_sources/sra","data_sources",6
"SRP220780","mouse","sra","data_sources/sra","data_sources",6
"SRP200280","mouse","sra","data_sources/sra","data_sources",12
"SRP151280","mouse","sra","data_sources/sra","data_sources",22
"SRP193480","mouse","sra","data_sources/sra","data_sources",6
"SRP152980","mouse","sra","data_sources/sra","data_sources",6
"SRP136280","mouse","sra","data_sources/sra","data_sources",12
"SRP215380","mouse","sra","data_sources/sra","data_sources",15
"SRP077480","mouse","sra","data_sources/sra","data_sources",6
"SRP091780","mouse","sra","data_sources/sra","data_sources",502
"SRP078380","mouse","sra","data_sources/sra","data_sources",64
"SRP036080","mouse","sra","data_sources/sra","data_sources",6
"ERP007180","mouse","sra","data_sources/sra","data_sources",122
"SRP117580","mouse","sra","data_sources/sra","data_sources",43
"SRP049780","mouse","sra","data_sources/sra","data_sources",4
"SRP031980","mouse","sra","data_sources/sra","data_sources",2
"ERP107980","mouse","sra","data_sources/sra","data_sources",16
"SRP056980","mouse","sra","data_sources/sra","data_sources",8
"SRP097580","mouse","sra","data_sources/sra","data_sources",24
"SRP163680","mouse","sra","data_sources/sra","data_sources",9
"SRP079880","mouse","sra","data_sources/sra","data_sources",13
"SRP082480","mouse","sra","data_sources/sra","data_sources",1
"SRP168380","mouse","sra","data_sources/sra","data_sources",21
"SRP032980","mouse","sra","data_sources/sra","data_sources",12
"SRP155180","mouse","sra","data_sources/sra","data_sources",4
"SRP182680","mouse","sra","data_sources/sra","data_sources",2
"SRP235580","mouse","sra","data_sources/sra","data_sources",8
"SRP125180","mouse","sra","data_sources/sra","data_sources",6
"ERP112380","mouse","sra","data_sources/sra","data_sources",12
"SRP096580","mouse","sra","data_sources/sra","data_sources",18
"SRP158419","mouse","sra","data_sources/sra","data_sources",24
"ERP105019","mouse","sra","data_sources/sra","data_sources",4
"SRP155219","mouse","sra","data_sources/sra","data_sources",4
"SRP045319","mouse","sra","data_sources/sra","data_sources",2
"SRP112519","mouse","sra","data_sources/sra","data_sources",24
"ERP013219","mouse","sra","data_sources/sra","data_sources",6
"SRP094719","mouse","sra","data_sources/sra","data_sources",1
"SRP021219","mouse","sra","data_sources/sra","data_sources",10
"SRP060619","mouse","sra","data_sources/sra","data_sources",3
"SRP140919","mouse","sra","data_sources/sra","data_sources",24
"SRP135119","mouse","sra","data_sources/sra","data_sources",12
"SRP124219","mouse","sra","data_sources/sra","data_sources",5
"SRP064419","mouse","sra","data_sources/sra","data_sources",15
"SRP106519","mouse","sra","data_sources/sra","data_sources",11
"SRP234719","mouse","sra","data_sources/sra","data_sources",10
"SRP109219","mouse","sra","data_sources/sra","data_sources",6
"SRP154319","mouse","sra","data_sources/sra","data_sources",13
"SRP040019","mouse","sra","data_sources/sra","data_sources",8
"SRP062619","mouse","sra","data_sources/sra","data_sources",14
"SRP100619","mouse","sra","data_sources/sra","data_sources",20
"SRP072519","mouse","sra","data_sources/sra","data_sources",6
"SRP099019","mouse","sra","data_sources/sra","data_sources",3
"SRP169119","mouse","sra","data_sources/sra","data_sources",65
"SRP068319","mouse","sra","data_sources/sra","data_sources",6
"DRP002819","mouse","sra","data_sources/sra","data_sources",5
"ERP004119","mouse","sra","data_sources/sra","data_sources",60
"ERP015219","mouse","sra","data_sources/sra","data_sources",16
"SRP098819","mouse","sra","data_sources/sra","data_sources",15
"SRP056219","mouse","sra","data_sources/sra","data_sources",3
"SRP074419","mouse","sra","data_sources/sra","data_sources",10
"SRP191419","mouse","sra","data_sources/sra","data_sources",21
"SRP166419","mouse","sra","data_sources/sra","data_sources",12
"SRP136319","mouse","sra","data_sources/sra","data_sources",6
"SRP114519","mouse","sra","data_sources/sra","data_sources",10
"ERP013119","mouse","sra","data_sources/sra","data_sources",94
"SRP094419","mouse","sra","data_sources/sra","data_sources",12
"SRP187419","mouse","sra","data_sources/sra","data_sources",44
"SRP152219","mouse","sra","data_sources/sra","data_sources",12
"SRP056819","mouse","sra","data_sources/sra","data_sources",25
"SRP188319","mouse","sra","data_sources/sra","data_sources",8
"SRP126019","mouse","sra","data_sources/sra","data_sources",10
"SRP109019","mouse","sra","data_sources/sra","data_sources",13
"SRP106719","mouse","sra","data_sources/sra","data_sources",4
"SRP093619","mouse","sra","data_sources/sra","data_sources",6
"SRP049719","mouse","sra","data_sources/sra","data_sources",8
"SRP044119","mouse","sra","data_sources/sra","data_sources",5
"SRP190519","mouse","sra","data_sources/sra","data_sources",40
"SRP009919","mouse","sra","data_sources/sra","data_sources",9
"SRP055819","mouse","sra","data_sources/sra","data_sources",98
"SRP132019","mouse","sra","data_sources/sra","data_sources",26
"SRP110619","mouse","sra","data_sources/sra","data_sources",9
"SRP063519","mouse","sra","data_sources/sra","data_sources",32
"SRP043219","mouse","sra","data_sources/sra","data_sources",10
"SRP068019","mouse","sra","data_sources/sra","data_sources",25
"SRP108119","mouse","sra","data_sources/sra","data_sources",10
"SRP152919","mouse","sra","data_sources/sra","data_sources",3
"SRP116119","mouse","sra","data_sources/sra","data_sources",10
"SRP111819","mouse","sra","data_sources/sra","data_sources",2
"SRP076019","mouse","sra","data_sources/sra","data_sources",163
"SRP093819","mouse","sra","data_sources/sra","data_sources",4
"SRP103019","mouse","sra","data_sources/sra","data_sources",6
"ERP000619","mouse","sra","data_sources/sra","data_sources",8
"SRP091919","mouse","sra","data_sources/sra","data_sources",6
"SRP067919","mouse","sra","data_sources/sra","data_sources",8
"SRP188619","mouse","sra","data_sources/sra","data_sources",4
"SRP104319","mouse","sra","data_sources/sra","data_sources",18
"SRP181219","mouse","sra","data_sources/sra","data_sources",8
"ERP104619","mouse","sra","data_sources/sra","data_sources",6
"SRP049219","mouse","sra","data_sources/sra","data_sources",60
"SRP117019","mouse","sra","data_sources/sra","data_sources",12
"SRP143519","mouse","sra","data_sources/sra","data_sources",4
"SRP051519","mouse","sra","data_sources/sra","data_sources",12
"SRP100019","mouse","sra","data_sources/sra","data_sources",10
"SRP110319","mouse","sra","data_sources/sra","data_sources",6
"SRP183819","mouse","sra","data_sources/sra","data_sources",13
"SRP229619","mouse","sra","data_sources/sra","data_sources",6
"SRP062819","mouse","sra","data_sources/sra","data_sources",4
"DRP005519","mouse","sra","data_sources/sra","data_sources",32
"SRP155719","mouse","sra","data_sources/sra","data_sources",12
"SRP002119","mouse","sra","data_sources/sra","data_sources",10
"SRP165919","mouse","sra","data_sources/sra","data_sources",12
"SRP041419","mouse","sra","data_sources/sra","data_sources",6
"SRP073119","mouse","sra","data_sources/sra","data_sources",24
"DRP004519","mouse","sra","data_sources/sra","data_sources",10
"SRP066019","mouse","sra","data_sources/sra","data_sources",10
"SRP044619","mouse","sra","data_sources/sra","data_sources",18
"ERP106419","mouse","sra","data_sources/sra","data_sources",12
"SRP082219","mouse","sra","data_sources/sra","data_sources",49
"SRP049019","mouse","sra","data_sources/sra","data_sources",12
"SRP216519","mouse","sra","data_sources/sra","data_sources",6
"SRP016019","mouse","sra","data_sources/sra","data_sources",3
"SRP165219","mouse","sra","data_sources/sra","data_sources",6
"ERP115719","mouse","sra","data_sources/sra","data_sources",72
"SRP083919","mouse","sra","data_sources/sra","data_sources",6
"SRP123519","mouse","sra","data_sources/sra","data_sources",48
"ERP000419","mouse","sra","data_sources/sra","data_sources",9
"SRP117919","mouse","sra","data_sources/sra","data_sources",6
"SRP081219","mouse","sra","data_sources/sra","data_sources",14
"SRP217419","mouse","sra","data_sources/sra","data_sources",4
"SRP051384","mouse","sra","data_sources/sra","data_sources",24
"SRP052884","mouse","sra","data_sources/sra","data_sources",8
"SRP199884","mouse","sra","data_sources/sra","data_sources",10
"SRP047384","mouse","sra","data_sources/sra","data_sources",2
"SRP139684","mouse","sra","data_sources/sra","data_sources",18
"SRP068384","mouse","sra","data_sources/sra","data_sources",55
"SRP121184","mouse","sra","data_sources/sra","data_sources",1
"SRP061784","mouse","sra","data_sources/sra","data_sources",6
"SRP110584","mouse","sra","data_sources/sra","data_sources",4
"SRP222784","mouse","sra","data_sources/sra","data_sources",25
"SRP069984","mouse","sra","data_sources/sra","data_sources",29
"SRP079184","mouse","sra","data_sources/sra","data_sources",7
"SRP015484","mouse","sra","data_sources/sra","data_sources",4
"SRP127384","mouse","sra","data_sources/sra","data_sources",2
"DRP000884","mouse","sra","data_sources/sra","data_sources",2
"SRP224584","mouse","sra","data_sources/sra","data_sources",2
"SRP217084","mouse","sra","data_sources/sra","data_sources",9
"SRP165684","mouse","sra","data_sources/sra","data_sources",4
"SRP064484","mouse","sra","data_sources/sra","data_sources",4
"SRP106484","mouse","sra","data_sources/sra","data_sources",16
"SRP130984","mouse","sra","data_sources/sra","data_sources",12
"SRP014484","mouse","sra","data_sources/sra","data_sources",4
"SRP167784","mouse","sra","data_sources/sra","data_sources",8
"SRP227484","mouse","sra","data_sources/sra","data_sources",35
"ERP019784","mouse","sra","data_sources/sra","data_sources",6
"SRP091584","mouse","sra","data_sources/sra","data_sources",8
"SRP055084","mouse","sra","data_sources/sra","data_sources",4
"SRP199384","mouse","sra","data_sources/sra","data_sources",12
"SRP111484","mouse","sra","data_sources/sra","data_sources",23
"SRP051084","mouse","sra","data_sources/sra","data_sources",10
"SRP136884","mouse","sra","data_sources/sra","data_sources",9
"SRP221584","mouse","sra","data_sources/sra","data_sources",18
"SRP012584","mouse","sra","data_sources/sra","data_sources",14
"SRP027384","mouse","sra","data_sources/sra","data_sources",4
"SRP075584","mouse","sra","data_sources/sra","data_sources",4
"SRP056384","mouse","sra","data_sources/sra","data_sources",13
"SRP127184","mouse","sra","data_sources/sra","data_sources",10
"SRP076484","mouse","sra","data_sources/sra","data_sources",19
"SRP057984","mouse","sra","data_sources/sra","data_sources",24
"SRP094584","mouse","sra","data_sources/sra","data_sources",21
"SRP173484","mouse","sra","data_sources/sra","data_sources",52
"SRP094484","mouse","sra","data_sources/sra","data_sources",30
"SRP132184","mouse","sra","data_sources/sra","data_sources",18
"SRP076584","mouse","sra","data_sources/sra","data_sources",16
"SRP093784","mouse","sra","data_sources/sra","data_sources",84
"SRP069184","mouse","sra","data_sources/sra","data_sources",6
"SRP077584","mouse","sra","data_sources/sra","data_sources",6
"SRP097584","mouse","sra","data_sources/sra","data_sources",6
"SRP120384","mouse","sra","data_sources/sra","data_sources",15
"SRP131084","mouse","sra","data_sources/sra","data_sources",88
"SRP078684","mouse","sra","data_sources/sra","data_sources",27
"ERP118284","mouse","sra","data_sources/sra","data_sources",12
"SRP058184","mouse","sra","data_sources/sra","data_sources",6
"SRP135684","mouse","sra","data_sources/sra","data_sources",3
"SRP112884","mouse","sra","data_sources/sra","data_sources",28
"SRP180384","mouse","sra","data_sources/sra","data_sources",24
"SRP229484","mouse","sra","data_sources/sra","data_sources",72
"SRP076184","mouse","sra","data_sources/sra","data_sources",13
"SRP160384","mouse","sra","data_sources/sra","data_sources",6
"SRP096184","mouse","sra","data_sources/sra","data_sources",4
"ERP008984","mouse","sra","data_sources/sra","data_sources",32
"SRP072284","mouse","sra","data_sources/sra","data_sources",6
"SRP151684","mouse","sra","data_sources/sra","data_sources",39
"SRP031784","mouse","sra","data_sources/sra","data_sources",1
"SRP081084","mouse","sra","data_sources/sra","data_sources",6
"ERP107784","mouse","sra","data_sources/sra","data_sources",8
"SRP127584","mouse","sra","data_sources/sra","data_sources",6
"SRP158284","mouse","sra","data_sources/sra","data_sources",9
"SRP093284","mouse","sra","data_sources/sra","data_sources",16
"SRP049384","mouse","sra","data_sources/sra","data_sources",2
"SRP154484","mouse","sra","data_sources/sra","data_sources",4
"SRP021484","mouse","sra","data_sources/sra","data_sources",6
"SRP095184","mouse","sra","data_sources/sra","data_sources",6
"SRP223084","mouse","sra","data_sources/sra","data_sources",6
"SRP040584","mouse","sra","data_sources/sra","data_sources",12
"SRP131784","mouse","sra","data_sources/sra","data_sources",84
"SRP102284","mouse","sra","data_sources/sra","data_sources",5
"SRP167384","mouse","sra","data_sources/sra","data_sources",11
"SRP077284","mouse","sra","data_sources/sra","data_sources",10
"SRP094984","mouse","sra","data_sources/sra","data_sources",22
"SRP013984","mouse","sra","data_sources/sra","data_sources",4
"SRP058284","mouse","sra","data_sources/sra","data_sources",15
"ERP004684","mouse","sra","data_sources/sra","data_sources",5
"SRP155684","mouse","sra","data_sources/sra","data_sources",18
"SRP185884","mouse","sra","data_sources/sra","data_sources",48
"SRP144584","mouse","sra","data_sources/sra","data_sources",70
"SRP105184","mouse","sra","data_sources/sra","data_sources",2
"SRP070184","mouse","sra","data_sources/sra","data_sources",6
"SRP130784","mouse","sra","data_sources/sra","data_sources",4
"ERP013684","mouse","sra","data_sources/sra","data_sources",12
"SRP041584","mouse","sra","data_sources/sra","data_sources",12
"SRP115984","mouse","sra","data_sources/sra","data_sources",8
"SRP058984","mouse","sra","data_sources/sra","data_sources",12
"SRP067084","mouse","sra","data_sources/sra","data_sources",4
"SRP026484","mouse","sra","data_sources/sra","data_sources",8
"SRP185984","mouse","sra","data_sources/sra","data_sources",30
"SRP107184","mouse","sra","data_sources/sra","data_sources",36
"SRP092184","mouse","sra","data_sources/sra","data_sources",8
"SRP124784","mouse","sra","data_sources/sra","data_sources",5
"SRP058384","mouse","sra","data_sources/sra","data_sources",5
"SRP101884","mouse","sra","data_sources/sra","data_sources",21
"SRP028384","mouse","sra","data_sources/sra","data_sources",4
"SRP014184","mouse","sra","data_sources/sra","data_sources",6
"SRP011984","mouse","sra","data_sources/sra","data_sources",16
"SRP120584","mouse","sra","data_sources/sra","data_sources",50
"SRP131684","mouse","sra","data_sources/sra","data_sources",6
"SRP230184","mouse","sra","data_sources/sra","data_sources",6
"SRP201584","mouse","sra","data_sources/sra","data_sources",6
"SRP166884","mouse","sra","data_sources/sra","data_sources",6
"SRP174217","mouse","sra","data_sources/sra","data_sources",16
"SRP115117","mouse","sra","data_sources/sra","data_sources",4
"SRP078617","mouse","sra","data_sources/sra","data_sources",6
"SRP090817","mouse","sra","data_sources/sra","data_sources",12
"SRP132517","mouse","sra","data_sources/sra","data_sources",10
"SRP103117","mouse","sra","data_sources/sra","data_sources",8
"SRP106917","mouse","sra","data_sources/sra","data_sources",28
"SRP093917","mouse","sra","data_sources/sra","data_sources",28
"SRP045417","mouse","sra","data_sources/sra","data_sources",18
"SRP038217","mouse","sra","data_sources/sra","data_sources",11
"SRP068517","mouse","sra","data_sources/sra","data_sources",10
"SRP166017","mouse","sra","data_sources/sra","data_sources",120
"SRP139017","mouse","sra","data_sources/sra","data_sources",4
"SRP065217","mouse","sra","data_sources/sra","data_sources",8
"SRP155417","mouse","sra","data_sources/sra","data_sources",6
"SRP144717","mouse","sra","data_sources/sra","data_sources",12
"SRP068417","mouse","sra","data_sources/sra","data_sources",8
"DRP005617","mouse","sra","data_sources/sra","data_sources",6
"SRP127517","mouse","sra","data_sources/sra","data_sources",6
"SRP002217","mouse","sra","data_sources/sra","data_sources",4
"SRP096017","mouse","sra","data_sources/sra","data_sources",24
"SRP091917","mouse","sra","data_sources/sra","data_sources",12
"SRP132417","mouse","sra","data_sources/sra","data_sources",6
"SRP223017","mouse","sra","data_sources/sra","data_sources",2
"SRP095117","mouse","sra","data_sources/sra","data_sources",8
"SRP091317","mouse","sra","data_sources/sra","data_sources",12
"SRP066317","mouse","sra","data_sources/sra","data_sources",136
"SRP118617","mouse","sra","data_sources/sra","data_sources",7
"SRP159017","mouse","sra","data_sources/sra","data_sources",8
"SRP066117","mouse","sra","data_sources/sra","data_sources",8
"SRP116917","mouse","sra","data_sources/sra","data_sources",12
"SRP006817","mouse","sra","data_sources/sra","data_sources",4
"SRP076817","mouse","sra","data_sources/sra","data_sources",10
"SRP163117","mouse","sra","data_sources/sra","data_sources",12
"SRP043417","mouse","sra","data_sources/sra","data_sources",22
"SRP075917","mouse","sra","data_sources/sra","data_sources",15
"DRP003717","mouse","sra","data_sources/sra","data_sources",3
"SRP189417","mouse","sra","data_sources/sra","data_sources",6
"SRP038117","mouse","sra","data_sources/sra","data_sources",12
"SRP180017","mouse","sra","data_sources/sra","data_sources",54
"SRP144517","mouse","sra","data_sources/sra","data_sources",4
"SRP065017","mouse","sra","data_sources/sra","data_sources",9
"SRP116217","mouse","sra","data_sources/sra","data_sources",24
"SRP033517","mouse","sra","data_sources/sra","data_sources",4
"SRP237817","mouse","sra","data_sources/sra","data_sources",20
"SRP100217","mouse","sra","data_sources/sra","data_sources",6
"SRP111117","mouse","sra","data_sources/sra","data_sources",4
"SRP124717","mouse","sra","data_sources/sra","data_sources",9
"SRP109217","mouse","sra","data_sources/sra","data_sources",12
"DRP003817","mouse","sra","data_sources/sra","data_sources",6
"ERP004917","mouse","sra","data_sources/sra","data_sources",13
"SRP113417","mouse","sra","data_sources/sra","data_sources",13
"SRP095617","mouse","sra","data_sources/sra","data_sources",188
"SRP151117","mouse","sra","data_sources/sra","data_sources",16
"SRP101617","mouse","sra","data_sources/sra","data_sources",24
"SRP089917","mouse","sra","data_sources/sra","data_sources",22
"SRP134017","mouse","sra","data_sources/sra","data_sources",56
"SRP074717","mouse","sra","data_sources/sra","data_sources",10
"SRP015417","mouse","sra","data_sources/sra","data_sources",7
"SRP068217","mouse","sra","data_sources/sra","data_sources",4
"SRP061617","mouse","sra","data_sources/sra","data_sources",6
"SRP103617","mouse","sra","data_sources/sra","data_sources",8
"ERP013217","mouse","sra","data_sources/sra","data_sources",9
"SRP069817","mouse","sra","data_sources/sra","data_sources",7
"SRP102617","mouse","sra","data_sources/sra","data_sources",24
"SRP097617","mouse","sra","data_sources/sra","data_sources",8
"SRP131317","mouse","sra","data_sources/sra","data_sources",5
"SRP154217","mouse","sra","data_sources/sra","data_sources",9
"SRP176417","mouse","sra","data_sources/sra","data_sources",136
"SRP167717","mouse","sra","data_sources/sra","data_sources",4
"SRP052917","mouse","sra","data_sources/sra","data_sources",17
"SRP058617","mouse","sra","data_sources/sra","data_sources",42
"SRP115417","mouse","sra","data_sources/sra","data_sources",72
"SRP066717","mouse","sra","data_sources/sra","data_sources",9
"SRP134917","mouse","sra","data_sources/sra","data_sources",2
"ERP111317","mouse","sra","data_sources/sra","data_sources",1015
"ERP021517","mouse","sra","data_sources/sra","data_sources",48
"SRP144317","mouse","sra","data_sources/sra","data_sources",22
"SRP076417","mouse","sra","data_sources/sra","data_sources",4
"SRP108117","mouse","sra","data_sources/sra","data_sources",2
"SRP092617","mouse","sra","data_sources/sra","data_sources",6
"SRP152817","mouse","sra","data_sources/sra","data_sources",6
"SRP040817","mouse","sra","data_sources/sra","data_sources",9
"SRP201917","mouse","sra","data_sources/sra","data_sources",8
"SRP112617","mouse","sra","data_sources/sra","data_sources",12
"SRP110717","mouse","sra","data_sources/sra","data_sources",280
"SRP095417","mouse","sra","data_sources/sra","data_sources",2
"SRP032317","mouse","sra","data_sources/sra","data_sources",12
"SRP102517","mouse","sra","data_sources/sra","data_sources",9
"SRP014717","mouse","sra","data_sources/sra","data_sources",4
"SRP148417","mouse","sra","data_sources/sra","data_sources",11
"SRP093717","mouse","sra","data_sources/sra","data_sources",9
"SRP118317","mouse","sra","data_sources/sra","data_sources",9
"SRP171160","mouse","sra","data_sources/sra","data_sources",8
"SRP200660","mouse","sra","data_sources/sra","data_sources",6
"SRP119660","mouse","sra","data_sources/sra","data_sources",6
"SRP090360","mouse","sra","data_sources/sra","data_sources",20
"SRP178560","mouse","sra","data_sources/sra","data_sources",12
"SRP105360","mouse","sra","data_sources/sra","data_sources",12
"SRP068460","mouse","sra","data_sources/sra","data_sources",20
"SRP077060","mouse","sra","data_sources/sra","data_sources",15
"SRP227260","mouse","sra","data_sources/sra","data_sources",20
"SRP064260","mouse","sra","data_sources/sra","data_sources",31
"SRP093260","mouse","sra","data_sources/sra","data_sources",12
"ERP115560","mouse","sra","data_sources/sra","data_sources",18
"SRP057760","mouse","sra","data_sources/sra","data_sources",18
"SRP194360","mouse","sra","data_sources/sra","data_sources",8
"SRP102060","mouse","sra","data_sources/sra","data_sources",18
"SRP182960","mouse","sra","data_sources/sra","data_sources",32
"SRP100060","mouse","sra","data_sources/sra","data_sources",16
"ERP005560","mouse","sra","data_sources/sra","data_sources",4
"SRP057660","mouse","sra","data_sources/sra","data_sources",6
"SRP117060","mouse","sra","data_sources/sra","data_sources",15
"SRP026660","mouse","sra","data_sources/sra","data_sources",4
"SRP079660","mouse","sra","data_sources/sra","data_sources",4
"SRP067260","mouse","sra","data_sources/sra","data_sources",18
"SRP045460","mouse","sra","data_sources/sra","data_sources",12
"SRP035460","mouse","sra","data_sources/sra","data_sources",12
"SRP162260","mouse","sra","data_sources/sra","data_sources",16
"SRP094060","mouse","sra","data_sources/sra","data_sources",36
"SRP063060","mouse","sra","data_sources/sra","data_sources",12
"SRP115960","mouse","sra","data_sources/sra","data_sources",12
"SRP005860","mouse","sra","data_sources/sra","data_sources",21
"SRP125760","mouse","sra","data_sources/sra","data_sources",4
"SRP108660","mouse","sra","data_sources/sra","data_sources",97
"SRP090060","mouse","sra","data_sources/sra","data_sources",6
"SRP037760","mouse","sra","data_sources/sra","data_sources",4
"DRP004560","mouse","sra","data_sources/sra","data_sources",14
"SRP034660","mouse","sra","data_sources/sra","data_sources",24
"SRP051760","mouse","sra","data_sources/sra","data_sources",3
"SRP139860","mouse","sra","data_sources/sra","data_sources",12
"SRP102360","mouse","sra","data_sources/sra","data_sources",16
"SRP230060","mouse","sra","data_sources/sra","data_sources",2
"SRP131760","mouse","sra","data_sources/sra","data_sources",12
"ERP021360","mouse","sra","data_sources/sra","data_sources",12
"SRP040560","mouse","sra","data_sources/sra","data_sources",12
"ERP005660","mouse","sra","data_sources/sra","data_sources",901
"SRP103860","mouse","sra","data_sources/sra","data_sources",4
"SRP082360","mouse","sra","data_sources/sra","data_sources",15
"SRP057560","mouse","sra","data_sources/sra","data_sources",8
"SRP170960","mouse","sra","data_sources/sra","data_sources",12
"ERP002560","mouse","sra","data_sources/sra","data_sources",192
"SRP101360","mouse","sra","data_sources/sra","data_sources",15
"SRP061260","mouse","sra","data_sources/sra","data_sources",6
"SRP198760","mouse","sra","data_sources/sra","data_sources",8
"SRP219960","mouse","sra","data_sources/sra","data_sources",6
"SRP153160","mouse","sra","data_sources/sra","data_sources",24
"SRP096660","mouse","sra","data_sources/sra","data_sources",7
"SRP041160","mouse","sra","data_sources/sra","data_sources",6
"SRP089860","mouse","sra","data_sources/sra","data_sources",16
"SRP017560","mouse","sra","data_sources/sra","data_sources",15
"SRP083760","mouse","sra","data_sources/sra","data_sources",9
"SRP022960","mouse","sra","data_sources/sra","data_sources",20
"SRP137060","mouse","sra","data_sources/sra","data_sources",26
"SRP075760","mouse","sra","data_sources/sra","data_sources",4
"SRP159460","mouse","sra","data_sources/sra","data_sources",9
"SRP064460","mouse","sra","data_sources/sra","data_sources",1
"SRP046260","mouse","sra","data_sources/sra","data_sources",12
"SRP062760","mouse","sra","data_sources/sra","data_sources",1
"SRP196460","mouse","sra","data_sources/sra","data_sources",56
"SRP161460","mouse","sra","data_sources/sra","data_sources",8
"SRP131360","mouse","sra","data_sources/sra","data_sources",9
"SRP018860","mouse","sra","data_sources/sra","data_sources",20
"SRP060660","mouse","sra","data_sources/sra","data_sources",9
"SRP113560","mouse","sra","data_sources/sra","data_sources",24
"SRP131260","mouse","sra","data_sources/sra","data_sources",7
"SRP097760","mouse","sra","data_sources/sra","data_sources",8
"SRP120160","mouse","sra","data_sources/sra","data_sources",6
"SRP057060","mouse","sra","data_sources/sra","data_sources",28
"SRP117660","mouse","sra","data_sources/sra","data_sources",15
"SRP064560","mouse","sra","data_sources/sra","data_sources",10
"SRP058760","mouse","sra","data_sources/sra","data_sources",8
"SRP132960","mouse","sra","data_sources/sra","data_sources",30
"SRP128560","mouse","sra","data_sources/sra","data_sources",1
"SRP226560","mouse","sra","data_sources/sra","data_sources",24
"SRP068360","mouse","sra","data_sources/sra","data_sources",21
"SRP107560","mouse","sra","data_sources/sra","data_sources",12
"DRP002860","mouse","sra","data_sources/sra","data_sources",4
"SRP065560","mouse","sra","data_sources/sra","data_sources",18
"SRP119160","mouse","sra","data_sources/sra","data_sources",12
"SRP126860","mouse","sra","data_sources/sra","data_sources",11
"SRP123060","mouse","sra","data_sources/sra","data_sources",10
"SRP162460","mouse","sra","data_sources/sra","data_sources",6
"SRP121160","mouse","sra","data_sources/sra","data_sources",1
"SRP198260","mouse","sra","data_sources/sra","data_sources",10
"SRP213360","mouse","sra","data_sources/sra","data_sources",25
"SRP078860","mouse","sra","data_sources/sra","data_sources",72
"SRP101460","mouse","sra","data_sources/sra","data_sources",128
"DRP001160","mouse","sra","data_sources/sra","data_sources",5
"SRP048660","mouse","sra","data_sources/sra","data_sources",6
"SRP107760","mouse","sra","data_sources/sra","data_sources",8
"SRP092760","mouse","sra","data_sources/sra","data_sources",11
"SRP226760","mouse","sra","data_sources/sra","data_sources",16
"ERP003860","mouse","sra","data_sources/sra","data_sources",6
"SRP045060","mouse","sra","data_sources/sra","data_sources",21
"SRP225660","mouse","sra","data_sources/sra","data_sources",76
"SRP147360","mouse","sra","data_sources/sra","data_sources",4
"SRP124160","mouse","sra","data_sources/sra","data_sources",11
"SRP219460","mouse","sra","data_sources/sra","data_sources",12
"SRP148460","mouse","sra","data_sources/sra","data_sources",5
"SRP201360","mouse","sra","data_sources/sra","data_sources",8
"SRP170460","mouse","sra","data_sources/sra","data_sources",18
"SRP217860","mouse","sra","data_sources/sra","data_sources",18
"ERP113260","mouse","sra","data_sources/sra","data_sources",18
"SRP234460","mouse","sra","data_sources/sra","data_sources",19
"SRP090760","mouse","sra","data_sources/sra","data_sources",2
"ERP107360","mouse","sra","data_sources/sra","data_sources",4
"SRP076460","mouse","sra","data_sources/sra","data_sources",10
"SRP215360","mouse","sra","data_sources/sra","data_sources",10
"SRP063560","mouse","sra","data_sources/sra","data_sources",12
"SRP110660","mouse","sra","data_sources/sra","data_sources",4
"DRP003160","mouse","sra","data_sources/sra","data_sources",2
"SRP186560","mouse","sra","data_sources/sra","data_sources",4
"SRP040958","mouse","sra","data_sources/sra","data_sources",12
"SRP139558","mouse","sra","data_sources/sra","data_sources",34
"SRP116558","mouse","sra","data_sources/sra","data_sources",8
"SRP119258","mouse","sra","data_sources/sra","data_sources",8
"SRP200258","mouse","sra","data_sources/sra","data_sources",16
"DRP003158","mouse","sra","data_sources/sra","data_sources",4
"SRP061458","mouse","sra","data_sources/sra","data_sources",49
"SRP013558","mouse","sra","data_sources/sra","data_sources",7
"SRP153358","mouse","sra","data_sources/sra","data_sources",9
"SRP021058","mouse","sra","data_sources/sra","data_sources",12
"SRP169858","mouse","sra","data_sources/sra","data_sources",32
"SRP079958","mouse","sra","data_sources/sra","data_sources",7
"SRP150258","mouse","sra","data_sources/sra","data_sources",24
"SRP010458","mouse","sra","data_sources/sra","data_sources",17
"SRP106658","mouse","sra","data_sources/sra","data_sources",22
"SRP104758","mouse","sra","data_sources/sra","data_sources",15
"SRP151858","mouse","sra","data_sources/sra","data_sources",6
"SRP069058","mouse","sra","data_sources/sra","data_sources",15
"SRP078258","mouse","sra","data_sources/sra","data_sources",9
"SRP145258","mouse","sra","data_sources/sra","data_sources",9
"ERP007058","mouse","sra","data_sources/sra","data_sources",8
"SRP190458","mouse","sra","data_sources/sra","data_sources",6
"SRP168358","mouse","sra","data_sources/sra","data_sources",6
"SRP064758","mouse","sra","data_sources/sra","data_sources",119
"SRP133158","mouse","sra","data_sources/sra","data_sources",76
"ERP023558","mouse","sra","data_sources/sra","data_sources",4
"SRP119958","mouse","sra","data_sources/sra","data_sources",1
"SRP221458","mouse","sra","data_sources/sra","data_sources",43
"SRP131058","mouse","sra","data_sources/sra","data_sources",4
"ERP002258","mouse","sra","data_sources/sra","data_sources",27
"SRP041258","mouse","sra","data_sources/sra","data_sources",5
"SRP032958","mouse","sra","data_sources/sra","data_sources",3
"SRP114758","mouse","sra","data_sources/sra","data_sources",24
"SRP166658","mouse","sra","data_sources/sra","data_sources",7
"SRP068358","mouse","sra","data_sources/sra","data_sources",6
"DRP002858","mouse","sra","data_sources/sra","data_sources",8
"SRP059758","mouse","sra","data_sources/sra","data_sources",4
"SRP119158","mouse","sra","data_sources/sra","data_sources",6
"SRP132358","mouse","sra","data_sources/sra","data_sources",170
"SRP151158","mouse","sra","data_sources/sra","data_sources",16
"ERP020658","mouse","sra","data_sources/sra","data_sources",24
"SRP173758","mouse","sra","data_sources/sra","data_sources",4
"SRP019958","mouse","sra","data_sources/sra","data_sources",6
"SRP121158","mouse","sra","data_sources/sra","data_sources",1
"SRP061758","mouse","sra","data_sources/sra","data_sources",10
"SRP198258","mouse","sra","data_sources/sra","data_sources",4
"SRP034858","mouse","sra","data_sources/sra","data_sources",20
"SRP161558","mouse","sra","data_sources/sra","data_sources",6
"SRP111558","mouse","sra","data_sources/sra","data_sources",24
"SRP049458","mouse","sra","data_sources/sra","data_sources",4
"SRP078058","mouse","sra","data_sources/sra","data_sources",8
"SRP211858","mouse","sra","data_sources/sra","data_sources",49
"SRP055058","mouse","sra","data_sources/sra","data_sources",48
"SRP132858","mouse","sra","data_sources/sra","data_sources",4
"SRP150058","mouse","sra","data_sources/sra","data_sources",31
"SRP068858","mouse","sra","data_sources/sra","data_sources",10
"SRP230458","mouse","sra","data_sources/sra","data_sources",8
"SRP196458","mouse","sra","data_sources/sra","data_sources",15
"SRP013758","mouse","sra","data_sources/sra","data_sources",4
"SRP189058","mouse","sra","data_sources/sra","data_sources",104
"SRP200058","mouse","sra","data_sources/sra","data_sources",2138
"SRP036858","mouse","sra","data_sources/sra","data_sources",30
"SRP072458","mouse","sra","data_sources/sra","data_sources",9
"SRP108358","mouse","sra","data_sources/sra","data_sources",4
"SRP164658","mouse","sra","data_sources/sra","data_sources",6
"SRP089858","mouse","sra","data_sources/sra","data_sources",12
"SRP015458","mouse","sra","data_sources/sra","data_sources",16
"SRP090558","mouse","sra","data_sources/sra","data_sources",45
"SRP191358","mouse","sra","data_sources/sra","data_sources",8
"SRP119458","mouse","sra","data_sources/sra","data_sources",6
"SRP092058","mouse","sra","data_sources/sra","data_sources",5
"SRP149358","mouse","sra","data_sources/sra","data_sources",8
"SRP167958","mouse","sra","data_sources/sra","data_sources",4
"SRP110058","mouse","sra","data_sources/sra","data_sources",13
"SRP020658","mouse","sra","data_sources/sra","data_sources",4
"SRP117958","mouse","sra","data_sources/sra","data_sources",10
"SRP082958","mouse","sra","data_sources/sra","data_sources",384
"SRP098558","mouse","sra","data_sources/sra","data_sources",12
"SRP102258","mouse","sra","data_sources/sra","data_sources",4
"SRP223258","mouse","sra","data_sources/sra","data_sources",12
"SRP032458","mouse","sra","data_sources/sra","data_sources",20
"SRP114858","mouse","sra","data_sources/sra","data_sources",8
"SRP058258","mouse","sra","data_sources/sra","data_sources",14
"SRP103858","mouse","sra","data_sources/sra","data_sources",16
"SRP057558","mouse","sra","data_sources/sra","data_sources",6
"ERP106558","mouse","sra","data_sources/sra","data_sources",24
"SRP055558","mouse","sra","data_sources/sra","data_sources",17
"SRP078458","mouse","sra","data_sources/sra","data_sources",16
"SRP069758","mouse","sra","data_sources/sra","data_sources",40
"SRP075258","mouse","sra","data_sources/sra","data_sources",9
"SRP185358","mouse","sra","data_sources/sra","data_sources",36
"SRP071058","mouse","sra","data_sources/sra","data_sources",48
"SRP059958","mouse","sra","data_sources/sra","data_sources",8
"SRP193958","mouse","sra","data_sources/sra","data_sources",8
"SRP221258","mouse","sra","data_sources/sra","data_sources",12
"SRP070058","mouse","sra","data_sources/sra","data_sources",6
"SRP076358","mouse","sra","data_sources/sra","data_sources",24
"SRP136558","mouse","sra","data_sources/sra","data_sources",24
"ERP108358","mouse","sra","data_sources/sra","data_sources",9
"SRP076158","mouse","sra","data_sources/sra","data_sources",7
"SRP175258","mouse","sra","data_sources/sra","data_sources",6
"SRP091858","mouse","sra","data_sources/sra","data_sources",16
"SRP198458","mouse","sra","data_sources/sra","data_sources",8
"SRP113258","mouse","sra","data_sources/sra","data_sources",12
"SRP141458","mouse","sra","data_sources/sra","data_sources",72
"ERP009958","mouse","sra","data_sources/sra","data_sources",16
"SRP090858","mouse","sra","data_sources/sra","data_sources",2
"SRP106358","mouse","sra","data_sources/sra","data_sources",12
"SRP137758","mouse","sra","data_sources/sra","data_sources",12
"SRP228558","mouse","sra","data_sources/sra","data_sources",15
"SRP219158","mouse","sra","data_sources/sra","data_sources",12
"SRP058058","mouse","sra","data_sources/sra","data_sources",6
"SRP171158","mouse","sra","data_sources/sra","data_sources",23
"SRP039958","mouse","sra","data_sources/sra","data_sources",4
"SRP014858","mouse","sra","data_sources/sra","data_sources",12
"SRP092258","mouse","sra","data_sources/sra","data_sources",14
"SRP149158","mouse","sra","data_sources/sra","data_sources",24
"SRP157558","mouse","sra","data_sources/sra","data_sources",10
"SRP105358","mouse","sra","data_sources/sra","data_sources",9
"SRP068458","mouse","sra","data_sources/sra","data_sources",24
"SRP161752","mouse","sra","data_sources/sra","data_sources",4
"SRP040252","mouse","sra","data_sources/sra","data_sources",16
"SRP126052","mouse","sra","data_sources/sra","data_sources",16
"ERP106252","mouse","sra","data_sources/sra","data_sources",609
"SRP168352","mouse","sra","data_sources/sra","data_sources",12
"SRP108052","mouse","sra","data_sources/sra","data_sources",12
"DRP001152","mouse","sra","data_sources/sra","data_sources",3
"ERP110252","mouse","sra","data_sources/sra","data_sources",6
"SRP103552","mouse","sra","data_sources/sra","data_sources",12
"SRP184452","mouse","sra","data_sources/sra","data_sources",12
"SRP152952","mouse","sra","data_sources/sra","data_sources",9
"SRP048752","mouse","sra","data_sources/sra","data_sources",40
"SRP125052","mouse","sra","data_sources/sra","data_sources",8
"SRP191552","mouse","sra","data_sources/sra","data_sources",3
"SRP067752","mouse","sra","data_sources/sra","data_sources",12
"ERP109452","mouse","sra","data_sources/sra","data_sources",8
"SRP077452","mouse","sra","data_sources/sra","data_sources",6
"DRP004252","mouse","sra","data_sources/sra","data_sources",12
"SRP106652","mouse","sra","data_sources/sra","data_sources",24
"SRP187552","mouse","sra","data_sources/sra","data_sources",15
"ERP023452","mouse","sra","data_sources/sra","data_sources",24
"SRP102452","mouse","sra","data_sources/sra","data_sources",2
"SRP161452","mouse","sra","data_sources/sra","data_sources",32
"SRP051252","mouse","sra","data_sources/sra","data_sources",13
"SRP117752","mouse","sra","data_sources/sra","data_sources",6
"SRP046252","mouse","sra","data_sources/sra","data_sources",10
"SRP225552","mouse","sra","data_sources/sra","data_sources",6
"SRP115652","mouse","sra","data_sources/sra","data_sources",40
"SRP067552","mouse","sra","data_sources/sra","data_sources",7
"SRP144152","mouse","sra","data_sources/sra","data_sources",10
"ERP015152","mouse","sra","data_sources/sra","data_sources",10
"SRP179952","mouse","sra","data_sources/sra","data_sources",8
"SRP041152","mouse","sra","data_sources/sra","data_sources",5
"SRP069852","mouse","sra","data_sources/sra","data_sources",4
"SRP070552","mouse","sra","data_sources/sra","data_sources",4
"ERP005852","mouse","sra","data_sources/sra","data_sources",12
"SRP220652","mouse","sra","data_sources/sra","data_sources",86
"SRP020352","mouse","sra","data_sources/sra","data_sources",6
"ERP022752","mouse","sra","data_sources/sra","data_sources",78
"SRP121152","mouse","sra","data_sources/sra","data_sources",1
"SRP022252","mouse","sra","data_sources/sra","data_sources",4
"SRP212952","mouse","sra","data_sources/sra","data_sources",12
"SRP035252","mouse","sra","data_sources/sra","data_sources",10
"DRP002852","mouse","sra","data_sources/sra","data_sources",3
"SRP092552","mouse","sra","data_sources/sra","data_sources",90
"SRP154352","mouse","sra","data_sources/sra","data_sources",24
"SRP132952","mouse","sra","data_sources/sra","data_sources",12
"SRP172752","mouse","sra","data_sources/sra","data_sources",6
"ERP023752","mouse","sra","data_sources/sra","data_sources",7
"SRP097752","mouse","sra","data_sources/sra","data_sources",240
"SRP102352","mouse","sra","data_sources/sra","data_sources",22
"SRP218852","mouse","sra","data_sources/sra","data_sources",12
"SRP225052","mouse","sra","data_sources/sra","data_sources",9
"SRP147552","mouse","sra","data_sources/sra","data_sources",15
"SRP145452","mouse","sra","data_sources/sra","data_sources",6
"SRP101852","mouse","sra","data_sources/sra","data_sources",16
"ERP024052","mouse","sra","data_sources/sra","data_sources",9
"SRP136552","mouse","sra","data_sources/sra","data_sources",6
"SRP178652","mouse","sra","data_sources/sra","data_sources",12
"SRP099452","mouse","sra","data_sources/sra","data_sources",6
"SRP148952","mouse","sra","data_sources/sra","data_sources",2
"SRP070152","mouse","sra","data_sources/sra","data_sources",2
"SRP061252","mouse","sra","data_sources/sra","data_sources",6
"SRP080852","mouse","sra","data_sources/sra","data_sources",18
"SRP173252","mouse","sra","data_sources/sra","data_sources",23
"SRP074352","mouse","sra","data_sources/sra","data_sources",12
"SRP094952","mouse","sra","data_sources/sra","data_sources",15
"SRP159052","mouse","sra","data_sources/sra","data_sources",2
"SRP165252","mouse","sra","data_sources/sra","data_sources",4
"SRP186952","mouse","sra","data_sources/sra","data_sources",6
"SRP150452","mouse","sra","data_sources/sra","data_sources",63
"ERP111552","mouse","sra","data_sources/sra","data_sources",52
"ERP010552","mouse","sra","data_sources/sra","data_sources",6
"SRP199552","mouse","sra","data_sources/sra","data_sources",4
"SRP034552","mouse","sra","data_sources/sra","data_sources",4
"ERP104652","mouse","sra","data_sources/sra","data_sources",9
"SRP047452","mouse","sra","data_sources/sra","data_sources",230
"SRP200652","mouse","sra","data_sources/sra","data_sources",17
"SRP181852","mouse","sra","data_sources/sra","data_sources",6
"SRP091952","mouse","sra","data_sources/sra","data_sources",4
"SRP041752","mouse","sra","data_sources/sra","data_sources",49
"SRP174952","mouse","sra","data_sources/sra","data_sources",12
"SRP186152","mouse","sra","data_sources/sra","data_sources",16
"SRP096052","mouse","sra","data_sources/sra","data_sources",20
"DRP003452","mouse","sra","data_sources/sra","data_sources",108
"SRP142552","mouse","sra","data_sources/sra","data_sources",52
"SRP092352","mouse","sra","data_sources/sra","data_sources",6
"SRP111952","mouse","sra","data_sources/sra","data_sources",6
"SRP081152","mouse","sra","data_sources/sra","data_sources",1
"SRP072952","mouse","sra","data_sources/sra","data_sources",11
"SRP115152","mouse","sra","data_sources/sra","data_sources",3
"SRP075052","mouse","sra","data_sources/sra","data_sources",12
"SRP111352","mouse","sra","data_sources/sra","data_sources",8
"SRP090852","mouse","sra","data_sources/sra","data_sources",2
"SRP128952","mouse","sra","data_sources/sra","data_sources",12
"SRP194252","mouse","sra","data_sources/sra","data_sources",10
"SRP071252","mouse","sra","data_sources/sra","data_sources",2
"SRP211825","mouse","sra","data_sources/sra","data_sources",16
"SRP055125","mouse","sra","data_sources/sra","data_sources",6
"SRP066425","mouse","sra","data_sources/sra","data_sources",115
"SRP058725","mouse","sra","data_sources/sra","data_sources",10
"SRP185725","mouse","sra","data_sources/sra","data_sources",6
"SRP095625","mouse","sra","data_sources/sra","data_sources",12
"SRP133325","mouse","sra","data_sources/sra","data_sources",32
"SRP108825","mouse","sra","data_sources/sra","data_sources",9
"SRP152025","mouse","sra","data_sources/sra","data_sources",8
"SRP131225","mouse","sra","data_sources/sra","data_sources",8
"SRP197525","mouse","sra","data_sources/sra","data_sources",6
"SRP142325","mouse","sra","data_sources/sra","data_sources",16
"SRP013625","mouse","sra","data_sources/sra","data_sources",3
"SRP160525","mouse","sra","data_sources/sra","data_sources",6
"SRP121125","mouse","sra","data_sources/sra","data_sources",1
"SRP094625","mouse","sra","data_sources/sra","data_sources",6
"SRP110525","mouse","sra","data_sources/sra","data_sources",6
"SRP089925","mouse","sra","data_sources/sra","data_sources",6
"SRP056125","mouse","sra","data_sources/sra","data_sources",6
"SRP047225","mouse","sra","data_sources/sra","data_sources",7
"SRP125225","mouse","sra","data_sources/sra","data_sources",24
"ERP112025","mouse","sra","data_sources/sra","data_sources",12
"SRP070525","mouse","sra","data_sources/sra","data_sources",12
"SRP113525","mouse","sra","data_sources/sra","data_sources",16
"SRP230425","mouse","sra","data_sources/sra","data_sources",60
"SRP057125","mouse","sra","data_sources/sra","data_sources",897
"SRP058625","mouse","sra","data_sources/sra","data_sources",4
"SRP165625","mouse","sra","data_sources/sra","data_sources",14
"SRP069225","mouse","sra","data_sources/sra","data_sources",9
"SRP036025","mouse","sra","data_sources/sra","data_sources",27
"SRP115425","mouse","sra","data_sources/sra","data_sources",24
"SRP168225","mouse","sra","data_sources/sra","data_sources",28
"SRP075525","mouse","sra","data_sources/sra","data_sources",4
"SRP141125","mouse","sra","data_sources/sra","data_sources",6
"SRP201225","mouse","sra","data_sources/sra","data_sources",4
"SRP021025","mouse","sra","data_sources/sra","data_sources",20
"SRP134925","mouse","sra","data_sources/sra","data_sources",10
"SRP112725","mouse","sra","data_sources/sra","data_sources",11
"DRP003125","mouse","sra","data_sources/sra","data_sources",2
"SRP078925","mouse","sra","data_sources/sra","data_sources",30
"SRP063525","mouse","sra","data_sources/sra","data_sources",4
"SRP123325","mouse","sra","data_sources/sra","data_sources",10
"SRP137825","mouse","sra","data_sources/sra","data_sources",4
"SRP098925","mouse","sra","data_sources/sra","data_sources",4
"SRP059425","mouse","sra","data_sources/sra","data_sources",6
"SRP068025","mouse","sra","data_sources/sra","data_sources",4
"SRP168925","mouse","sra","data_sources/sra","data_sources",24
"SRP151325","mouse","sra","data_sources/sra","data_sources",14
"SRP073725","mouse","sra","data_sources/sra","data_sources",4
"SRP189925","mouse","sra","data_sources/sra","data_sources",15
"SRP234525","mouse","sra","data_sources/sra","data_sources",11
"SRP016625","mouse","sra","data_sources/sra","data_sources",13
"SRP151925","mouse","sra","data_sources/sra","data_sources",47
"SRP028125","mouse","sra","data_sources/sra","data_sources",20
"SRP124525","mouse","sra","data_sources/sra","data_sources",12
"SRP225225","mouse","sra","data_sources/sra","data_sources",7
"SRP174225","mouse","sra","data_sources/sra","data_sources",26
"SRP095025","mouse","sra","data_sources/sra","data_sources",10
"SRP201725","mouse","sra","data_sources/sra","data_sources",6
"SRP093925","mouse","sra","data_sources/sra","data_sources",26
"SRP002325","mouse","sra","data_sources/sra","data_sources",7
"SRP123625","mouse","sra","data_sources/sra","data_sources",6
"SRP056625","mouse","sra","data_sources/sra","data_sources",128
"SRP073925","mouse","sra","data_sources/sra","data_sources",12
"SRP139025","mouse","sra","data_sources/sra","data_sources",14
"SRP026625","mouse","sra","data_sources/sra","data_sources",11
"SRP045525","mouse","sra","data_sources/sra","data_sources",6
"SRP218125","mouse","sra","data_sources/sra","data_sources",12
"SRP198525","mouse","sra","data_sources/sra","data_sources",36
"SRP098725","mouse","sra","data_sources/sra","data_sources",30
"SRP199525","mouse","sra","data_sources/sra","data_sources",2
"SRP223025","mouse","sra","data_sources/sra","data_sources",12
"SRP150625","mouse","sra","data_sources/sra","data_sources",15
"SRP154425","mouse","sra","data_sources/sra","data_sources",48
"SRP110825","mouse","sra","data_sources/sra","data_sources",8
"SRP168625","mouse","sra","data_sources/sra","data_sources",64
"DRP004425","mouse","sra","data_sources/sra","data_sources",4
"SRP101925","mouse","sra","data_sources/sra","data_sources",6
"SRP082325","mouse","sra","data_sources/sra","data_sources",19
"SRP165225","mouse","sra","data_sources/sra","data_sources",24
"SRP150425","mouse","sra","data_sources/sra","data_sources",6
"SRP143625","mouse","sra","data_sources/sra","data_sources",4
"SRP190925","mouse","sra","data_sources/sra","data_sources",80
"SRP127725","mouse","sra","data_sources/sra","data_sources",8
"SRP045625","mouse","sra","data_sources/sra","data_sources",10
"SRP217525","mouse","sra","data_sources/sra","data_sources",428
"SRP092125","mouse","sra","data_sources/sra","data_sources",38
"ERP013725","mouse","sra","data_sources/sra","data_sources",8
"SRP096325","mouse","sra","data_sources/sra","data_sources",18
"SRP043525","mouse","sra","data_sources/sra","data_sources",27
"SRP219825","mouse","sra","data_sources/sra","data_sources",8
"DRP003625","mouse","sra","data_sources/sra","data_sources",4
"SRP189525","mouse","sra","data_sources/sra","data_sources",18
"SRP075825","mouse","sra","data_sources/sra","data_sources",10
"SRP164925","mouse","sra","data_sources/sra","data_sources",9
"SRP188525","mouse","sra","data_sources/sra","data_sources",6
"SRP218825","mouse","sra","data_sources/sra","data_sources",12
"ERP021225","mouse","sra","data_sources/sra","data_sources",10
"SRP013825","mouse","sra","data_sources/sra","data_sources",15
"SRP082225","mouse","sra","data_sources/sra","data_sources",2
"SRP103925","mouse","sra","data_sources/sra","data_sources",4
"SRP181125","mouse","sra","data_sources/sra","data_sources",597
"ERP109325","mouse","sra","data_sources/sra","data_sources",30
"SRP173925","mouse","sra","data_sources/sra","data_sources",6
"SRP080325","mouse","sra","data_sources/sra","data_sources",12
"SRP131104","mouse","sra","data_sources/sra","data_sources",1
"SRP051004","mouse","sra","data_sources/sra","data_sources",21
"SRP216204","mouse","sra","data_sources/sra","data_sources",6
"SRP215304","mouse","sra","data_sources/sra","data_sources",9
"SRP098904","mouse","sra","data_sources/sra","data_sources",24
"SRP048704","mouse","sra","data_sources/sra","data_sources",40
"DRP004804","mouse","sra","data_sources/sra","data_sources",12
"ERP020504","mouse","sra","data_sources/sra","data_sources",47
"SRP061404","mouse","sra","data_sources/sra","data_sources",1
"SRP099204","mouse","sra","data_sources/sra","data_sources",32
"SRP013404","mouse","sra","data_sources/sra","data_sources",4
"SRP189304","mouse","sra","data_sources/sra","data_sources",20
"SRP072704","mouse","sra","data_sources/sra","data_sources",4
"SRP152804","mouse","sra","data_sources/sra","data_sources",24
"SRP017604","mouse","sra","data_sources/sra","data_sources",14
"SRP125104","mouse","sra","data_sources/sra","data_sources",16
"SRP134204","mouse","sra","data_sources/sra","data_sources",40
"SRP039604","mouse","sra","data_sources/sra","data_sources",6
"SRP126004","mouse","sra","data_sources/sra","data_sources",15
"SRP201304","mouse","sra","data_sources/sra","data_sources",11
"SRP187404","mouse","sra","data_sources/sra","data_sources",2
"SRP102704","mouse","sra","data_sources/sra","data_sources",2
"SRP117604","mouse","sra","data_sources/sra","data_sources",2
"SRP156204","mouse","sra","data_sources/sra","data_sources",6
"ERP011804","mouse","sra","data_sources/sra","data_sources",737
"SRP005604","mouse","sra","data_sources/sra","data_sources",11
"SRP178204","mouse","sra","data_sources/sra","data_sources",36
"SRP067404","mouse","sra","data_sources/sra","data_sources",6
"SRP226504","mouse","sra","data_sources/sra","data_sources",8
"SRP056004","mouse","sra","data_sources/sra","data_sources",5
"SRP164704","mouse","sra","data_sources/sra","data_sources",48
"ERP020604","mouse","sra","data_sources/sra","data_sources",54
"SRP033104","mouse","sra","data_sources/sra","data_sources",4
"SRP109804","mouse","sra","data_sources/sra","data_sources",60
"ERP011204","mouse","sra","data_sources/sra","data_sources",9
"SRP069804","mouse","sra","data_sources/sra","data_sources",12
"SRP151004","mouse","sra","data_sources/sra","data_sources",6
"SRP162504","mouse","sra","data_sources/sra","data_sources",10
"SRP145104","mouse","sra","data_sources/sra","data_sources",11
"SRP069204","mouse","sra","data_sources/sra","data_sources",3
"SRP214104","mouse","sra","data_sources/sra","data_sources",8
"SRP091504","mouse","sra","data_sources/sra","data_sources",6
"SRP055004","mouse","sra","data_sources/sra","data_sources",8
"SRP137004","mouse","sra","data_sources/sra","data_sources",24
"SRP216004","mouse","sra","data_sources/sra","data_sources",6
"SRP219704","mouse","sra","data_sources/sra","data_sources",9
"SRP135104","mouse","sra","data_sources/sra","data_sources",8
"SRP150004","mouse","sra","data_sources/sra","data_sources",28
"SRP125804","mouse","sra","data_sources/sra","data_sources",30
"SRP201404","mouse","sra","data_sources/sra","data_sources",10
"SRP016104","mouse","sra","data_sources/sra","data_sources",4
"SRP064004","mouse","sra","data_sources/sra","data_sources",10
"SRP159004","mouse","sra","data_sources/sra","data_sources",6
"SRP173804","mouse","sra","data_sources/sra","data_sources",6
"SRP168404","mouse","sra","data_sources/sra","data_sources",24
"SRP115204","mouse","sra","data_sources/sra","data_sources",2
"SRP010804","mouse","sra","data_sources/sra","data_sources",6
"SRP155604","mouse","sra","data_sources/sra","data_sources",5
"SRP038104","mouse","sra","data_sources/sra","data_sources",24
"SRP062904","mouse","sra","data_sources/sra","data_sources",10
"SRP116304","mouse","sra","data_sources/sra","data_sources",6
"SRP184204","mouse","sra","data_sources/sra","data_sources",15
"SRP173204","mouse","sra","data_sources/sra","data_sources",104
"SRP011204","mouse","sra","data_sources/sra","data_sources",24
"SRP200404","mouse","sra","data_sources/sra","data_sources",12
"SRP058904","mouse","sra","data_sources/sra","data_sources",4
"SRP167804","mouse","sra","data_sources/sra","data_sources",12
"SRP151504","mouse","sra","data_sources/sra","data_sources",21
"SRP018704","mouse","sra","data_sources/sra","data_sources",2
"SRP074204","mouse","sra","data_sources/sra","data_sources",5
"SRP100804","mouse","sra","data_sources/sra","data_sources",6
"SRP128104","mouse","sra","data_sources/sra","data_sources",5
"SRP077304","mouse","sra","data_sources/sra","data_sources",6
"SRP101804","mouse","sra","data_sources/sra","data_sources",8
"SRP096904","mouse","sra","data_sources/sra","data_sources",16
"SRP218804","mouse","sra","data_sources/sra","data_sources",4
"SRP149804","mouse","sra","data_sources/sra","data_sources",32
"SRP187004","mouse","sra","data_sources/sra","data_sources",48
"SRP150704","mouse","sra","data_sources/sra","data_sources",59
"SRP145604","mouse","sra","data_sources/sra","data_sources",15
"SRP081104","mouse","sra","data_sources/sra","data_sources",8
"SRP127404","mouse","sra","data_sources/sra","data_sources",1
"ERP009304","mouse","sra","data_sources/sra","data_sources",48
"ERP112704","mouse","sra","data_sources/sra","data_sources",6
"SRP049804","mouse","sra","data_sources/sra","data_sources",2
"SRP104904","mouse","sra","data_sources/sra","data_sources",8
"SRP181804","mouse","sra","data_sources/sra","data_sources",10
"SRP136604","mouse","sra","data_sources/sra","data_sources",96
"SRP081004","mouse","sra","data_sources/sra","data_sources",24
"SRP079704","mouse","sra","data_sources/sra","data_sources",20
"SRP155404","mouse","sra","data_sources/sra","data_sources",9
"SRP126504","mouse","sra","data_sources/sra","data_sources",4
"SRP227204","mouse","sra","data_sources/sra","data_sources",18
"SRP167104","mouse","sra","data_sources/sra","data_sources",6
"SRP049304","mouse","sra","data_sources/sra","data_sources",12
"SRP111204","mouse","sra","data_sources/sra","data_sources",60
"SRP090904","mouse","sra","data_sources/sra","data_sources",8
"SRP084204","mouse","sra","data_sources/sra","data_sources",12
"SRP065804","mouse","sra","data_sources/sra","data_sources",8
"SRP071304","mouse","sra","data_sources/sra","data_sources",6
"ERP104373","mouse","sra","data_sources/sra","data_sources",12
"SRP075473","mouse","sra","data_sources/sra","data_sources",99
"SRP118373","mouse","sra","data_sources/sra","data_sources",5
"SRP055373","mouse","sra","data_sources/sra","data_sources",12
"ERP008773","mouse","sra","data_sources/sra","data_sources",2887
"SRP214273","mouse","sra","data_sources/sra","data_sources",48
"DRP004973","mouse","sra","data_sources/sra","data_sources",10
"SRP072773","mouse","sra","data_sources/sra","data_sources",15
"SRP162673","mouse","sra","data_sources/sra","data_sources",8
"SRP070673","mouse","sra","data_sources/sra","data_sources",387
"SRP015773","mouse","sra","data_sources/sra","data_sources",143
"SRP224673","mouse","sra","data_sources/sra","data_sources",114
"SRP150873","mouse","sra","data_sources/sra","data_sources",15
"ERP116073","mouse","sra","data_sources/sra","data_sources",12
"SRP136273","mouse","sra","data_sources/sra","data_sources",6
"SRP038773","mouse","sra","data_sources/sra","data_sources",6
"SRP029473","mouse","sra","data_sources/sra","data_sources",2
"SRP186573","mouse","sra","data_sources/sra","data_sources",15
"SRP072673","mouse","sra","data_sources/sra","data_sources",12
"SRP053173","mouse","sra","data_sources/sra","data_sources",25
"SRP071773","mouse","sra","data_sources/sra","data_sources",10
"SRP099973","mouse","sra","data_sources/sra","data_sources",8
"SRP049773","mouse","sra","data_sources/sra","data_sources",12
"SRP159673","mouse","sra","data_sources/sra","data_sources",12
"SRP075573","mouse","sra","data_sources/sra","data_sources",24
"SRP064673","mouse","sra","data_sources/sra","data_sources",8
"SRP148573","mouse","sra","data_sources/sra","data_sources",288
"SRP082573","mouse","sra","data_sources/sra","data_sources",14
"DRP003973","mouse","sra","data_sources/sra","data_sources",22
"SRP077673","mouse","sra","data_sources/sra","data_sources",38
"SRP132873","mouse","sra","data_sources/sra","data_sources",36
"SRP111473","mouse","sra","data_sources/sra","data_sources",4
"SRP094773","mouse","sra","data_sources/sra","data_sources",24
"SRP069873","mouse","sra","data_sources/sra","data_sources",12
"SRP096673","mouse","sra","data_sources/sra","data_sources",12
"SRP134173","mouse","sra","data_sources/sra","data_sources",15
"SRP089973","mouse","sra","data_sources/sra","data_sources",8
"SRP217173","mouse","sra","data_sources/sra","data_sources",12
"SRP108273","mouse","sra","data_sources/sra","data_sources",2
"SRP226573","mouse","sra","data_sources/sra","data_sources",12
"SRP121173","mouse","sra","data_sources/sra","data_sources",1
"DRP003273","mouse","sra","data_sources/sra","data_sources",16
"SRP044873","mouse","sra","data_sources/sra","data_sources",28
"SRP132373","mouse","sra","data_sources/sra","data_sources",3
"SRP126873","mouse","sra","data_sources/sra","data_sources",13
"SRP155973","mouse","sra","data_sources/sra","data_sources",10
"SRP157873","mouse","sra","data_sources/sra","data_sources",22
"SRP174473","mouse","sra","data_sources/sra","data_sources",4
"SRP082273","mouse","sra","data_sources/sra","data_sources",19
"SRP168573","mouse","sra","data_sources/sra","data_sources",10
"SRP126673","mouse","sra","data_sources/sra","data_sources",36
"SRP132773","mouse","sra","data_sources/sra","data_sources",9
"SRP070073","mouse","sra","data_sources/sra","data_sources",32
"SRP045673","mouse","sra","data_sources/sra","data_sources",8
"SRP095873","mouse","sra","data_sources/sra","data_sources",6
"SRP074273","mouse","sra","data_sources/sra","data_sources",14
"SRP134573","mouse","sra","data_sources/sra","data_sources",6
"SRP119473","mouse","sra","data_sources/sra","data_sources",28
"SRP017173","mouse","sra","data_sources/sra","data_sources",76
"SRP076273","mouse","sra","data_sources/sra","data_sources",12
"SRP075973","mouse","sra","data_sources/sra","data_sources",4
"SRP002073","mouse","sra","data_sources/sra","data_sources",11
"SRP101373","mouse","sra","data_sources/sra","data_sources",24
"SRP077873","mouse","sra","data_sources/sra","data_sources",18
"SRP072073","mouse","sra","data_sources/sra","data_sources",5
"SRP033473","mouse","sra","data_sources/sra","data_sources",12
"ERP002573","mouse","sra","data_sources/sra","data_sources",25
"SRP133673","mouse","sra","data_sources/sra","data_sources",12
"SRP150473","mouse","sra","data_sources/sra","data_sources",28706
"SRP066173","mouse","sra","data_sources/sra","data_sources",8
"SRP179773","mouse","sra","data_sources/sra","data_sources",9
"SRP214573","mouse","sra","data_sources/sra","data_sources",12
"SRP124673","mouse","sra","data_sources/sra","data_sources",50
"SRP148173","mouse","sra","data_sources/sra","data_sources",8
"SRP126573","mouse","sra","data_sources/sra","data_sources",36
"SRP012173","mouse","sra","data_sources/sra","data_sources",6
"SRP199573","mouse","sra","data_sources/sra","data_sources",6
"SRP188673","mouse","sra","data_sources/sra","data_sources",29
"SRP200673","mouse","sra","data_sources/sra","data_sources",11
"SRP011073","mouse","sra","data_sources/sra","data_sources",9
"ERP024373","mouse","sra","data_sources/sra","data_sources",18
"SRP127573","mouse","sra","data_sources/sra","data_sources",8
"SRP045573","mouse","sra","data_sources/sra","data_sources",14
"SRP229573","mouse","sra","data_sources/sra","data_sources",4
"SRP108573","mouse","sra","data_sources/sra","data_sources",18
"SRP149173","mouse","sra","data_sources/sra","data_sources",8
"SRP107373","mouse","sra","data_sources/sra","data_sources",38
"SRP083073","mouse","sra","data_sources/sra","data_sources",126
"SRP035473","mouse","sra","data_sources/sra","data_sources",4
"ERP024273","mouse","sra","data_sources/sra","data_sources",9
"SRP064973","mouse","sra","data_sources/sra","data_sources",4
"SRP160373","mouse","sra","data_sources/sra","data_sources",4
"SRP151773","mouse","sra","data_sources/sra","data_sources",6
"SRP062073","mouse","sra","data_sources/sra","data_sources",45
"SRP023473","mouse","sra","data_sources/sra","data_sources",4
"SRP194273","mouse","sra","data_sources/sra","data_sources",10
"SRP187073","mouse","sra","data_sources/sra","data_sources",24
"SRP132997","mouse","sra","data_sources/sra","data_sources",31
"SRP154397","mouse","sra","data_sources/sra","data_sources",50
"SRP157897","mouse","sra","data_sources/sra","data_sources",7
"SRP100697","mouse","sra","data_sources/sra","data_sources",24
"SRP150197","mouse","sra","data_sources/sra","data_sources",2
"SRP163497","mouse","sra","data_sources/sra","data_sources",15
"SRP132397","mouse","sra","data_sources/sra","data_sources",12
"SRP121197","mouse","sra","data_sources/sra","data_sources",1
"ERP005997","mouse","sra","data_sources/sra","data_sources",6
"SRP048597","mouse","sra","data_sources/sra","data_sources",4
"SRP191797","mouse","sra","data_sources/sra","data_sources",8
"SRP026197","mouse","sra","data_sources/sra","data_sources",249
"SRP229397","mouse","sra","data_sources/sra","data_sources",2
"SRP127397","mouse","sra","data_sources/sra","data_sources",10
"SRP151097","mouse","sra","data_sources/sra","data_sources",13
"SRP179997","mouse","sra","data_sources/sra","data_sources",25
"SRP072497","mouse","sra","data_sources/sra","data_sources",12
"SRP161497","mouse","sra","data_sources/sra","data_sources",10
"SRP189897","mouse","sra","data_sources/sra","data_sources",11
"SRP041997","mouse","sra","data_sources/sra","data_sources",7
"SRP131197","mouse","sra","data_sources/sra","data_sources",18
"SRP072697","mouse","sra","data_sources/sra","data_sources",6
"DRP004897","mouse","sra","data_sources/sra","data_sources",37
"SRP195797","mouse","sra","data_sources/sra","data_sources",30
"SRP184497","mouse","sra","data_sources/sra","data_sources",9
"SRP155097","mouse","sra","data_sources/sra","data_sources",28
"SRP068097","mouse","sra","data_sources/sra","data_sources",3
"ERP111997","mouse","sra","data_sources/sra","data_sources",20
"SRP149497","mouse","sra","data_sources/sra","data_sources",6
"SRP155197","mouse","sra","data_sources/sra","data_sources",7
"ERP116197","mouse","sra","data_sources/sra","data_sources",12
"ERP110297","mouse","sra","data_sources/sra","data_sources",9
"SRP073797","mouse","sra","data_sources/sra","data_sources",4
"SRP131097","mouse","sra","data_sources/sra","data_sources",816
"SRP044097","mouse","sra","data_sources/sra","data_sources",6
"SRP135297","mouse","sra","data_sources/sra","data_sources",35
"SRP093797","mouse","sra","data_sources/sra","data_sources",22
"SRP160997","mouse","sra","data_sources/sra","data_sources",4
"SRP156497","mouse","sra","data_sources/sra","data_sources",16
"SRP057697","mouse","sra","data_sources/sra","data_sources",11
"SRP115197","mouse","sra","data_sources/sra","data_sources",4
"SRP012097","mouse","sra","data_sources/sra","data_sources",12
"SRP042797","mouse","sra","data_sources/sra","data_sources",12
"SRP131497","mouse","sra","data_sources/sra","data_sources",2
"SRP158997","mouse","sra","data_sources/sra","data_sources",10
"SRP015997","mouse","sra","data_sources/sra","data_sources",6
"SRP121797","mouse","sra","data_sources/sra","data_sources",12
"SRP166097","mouse","sra","data_sources/sra","data_sources",381
"ERP116597","mouse","sra","data_sources/sra","data_sources",17
"SRP108497","mouse","sra","data_sources/sra","data_sources",60
"SRP047497","mouse","sra","data_sources/sra","data_sources",24
"SRP125497","mouse","sra","data_sources/sra","data_sources",4
"SRP161897","mouse","sra","data_sources/sra","data_sources",120
"SRP193097","mouse","sra","data_sources/sra","data_sources",6
"SRP067397","mouse","sra","data_sources/sra","data_sources",15
"SRP090397","mouse","sra","data_sources/sra","data_sources",24
"SRP215797","mouse","sra","data_sources/sra","data_sources",6
"SRP174997","mouse","sra","data_sources/sra","data_sources",12
"SRP051497","mouse","sra","data_sources/sra","data_sources",8
"SRP010097","mouse","sra","data_sources/sra","data_sources",2
"SRP071197","mouse","sra","data_sources/sra","data_sources",12
"ERP113497","mouse","sra","data_sources/sra","data_sources",9
"SRP173297","mouse","sra","data_sources/sra","data_sources",95
"SRP115897","mouse","sra","data_sources/sra","data_sources",75
"SRP165897","mouse","sra","data_sources/sra","data_sources",24
"SRP043497","mouse","sra","data_sources/sra","data_sources",4
"SRP082997","mouse","sra","data_sources/sra","data_sources",27
"DRP003797","mouse","sra","data_sources/sra","data_sources",30
"SRP128097","mouse","sra","data_sources/sra","data_sources",12
"SRP076297","mouse","sra","data_sources/sra","data_sources",11
"SRP095997","mouse","sra","data_sources/sra","data_sources",8
"SRP059297","mouse","sra","data_sources/sra","data_sources",4
"SRP217497","mouse","sra","data_sources/sra","data_sources",21
"SRP056597","mouse","sra","data_sources/sra","data_sources",4
"SRP105097","mouse","sra","data_sources/sra","data_sources",24
"SRP185997","mouse","sra","data_sources/sra","data_sources",4
"SRP043597","mouse","sra","data_sources/sra","data_sources",9
"SRP099497","mouse","sra","data_sources/sra","data_sources",10
"SRP080997","mouse","sra","data_sources/sra","data_sources",9
"SRP111197","mouse","sra","data_sources/sra","data_sources",6
"SRP152497","mouse","sra","data_sources/sra","data_sources",36
"SRP012297","mouse","sra","data_sources/sra","data_sources",16
"SRP066097","mouse","sra","data_sources/sra","data_sources",37
"SRP028397","mouse","sra","data_sources/sra","data_sources",1
"SRP094897","mouse","sra","data_sources/sra","data_sources",8
"SRP106197","mouse","sra","data_sources/sra","data_sources",9
"SRP174097","mouse","sra","data_sources/sra","data_sources",38
"SRP069879","mouse","sra","data_sources/sra","data_sources",71
"SRP094779","mouse","sra","data_sources/sra","data_sources",57
"SRP146079","mouse","sra","data_sources/sra","data_sources",12
"SRP048579","mouse","sra","data_sources/sra","data_sources",19
"ERP006379","mouse","sra","data_sources/sra","data_sources",8
"SRP133879","mouse","sra","data_sources/sra","data_sources",12
"SRP044379","mouse","sra","data_sources/sra","data_sources",4
"SRP172679","mouse","sra","data_sources/sra","data_sources",6
"SRP062779","mouse","sra","data_sources/sra","data_sources",3
"SRP187779","mouse","sra","data_sources/sra","data_sources",8
"SRP157979","mouse","sra","data_sources/sra","data_sources",32
"SRP100679","mouse","sra","data_sources/sra","data_sources",6
"SRP159579","mouse","sra","data_sources/sra","data_sources",15
"SRP091479","mouse","sra","data_sources/sra","data_sources",5
"SRP126279","mouse","sra","data_sources/sra","data_sources",18
"SRP014579","mouse","sra","data_sources/sra","data_sources",20
"SRP214079","mouse","sra","data_sources/sra","data_sources",24
"SRP114779","mouse","sra","data_sources/sra","data_sources",56
"SRP226579","mouse","sra","data_sources/sra","data_sources",23
"SRP125379","mouse","sra","data_sources/sra","data_sources",30
"SRP059779","mouse","sra","data_sources/sra","data_sources",4
"SRP108279","mouse","sra","data_sources/sra","data_sources",6
"SRP069979","mouse","sra","data_sources/sra","data_sources",32
"SRP096779","mouse","sra","data_sources/sra","data_sources",6
"SRP121179","mouse","sra","data_sources/sra","data_sources",1
"SRP124979","mouse","sra","data_sources/sra","data_sources",8
"SRP061779","mouse","sra","data_sources/sra","data_sources",5
"SRP118979","mouse","sra","data_sources/sra","data_sources",12
"SRP186479","mouse","sra","data_sources/sra","data_sources",6
"SRP057879","mouse","sra","data_sources/sra","data_sources",6
"SRP189379","mouse","sra","data_sources/sra","data_sources",24
"ERP002279","mouse","sra","data_sources/sra","data_sources",22
"SRP108079","mouse","sra","data_sources/sra","data_sources",40
"SRP126079","mouse","sra","data_sources/sra","data_sources",10
"SRP234579","mouse","sra","data_sources/sra","data_sources",6
"SRP049679","mouse","sra","data_sources/sra","data_sources",8
"SRP007579","mouse","sra","data_sources/sra","data_sources",6
"SRP106779","mouse","sra","data_sources/sra","data_sources",12
"SRP185579","mouse","sra","data_sources/sra","data_sources",2
"SRP100479","mouse","sra","data_sources/sra","data_sources",24
"SRP217979","mouse","sra","data_sources/sra","data_sources",6
"SRP119979","mouse","sra","data_sources/sra","data_sources",44
"SRP170579","mouse","sra","data_sources/sra","data_sources",5
"SRP136879","mouse","sra","data_sources/sra","data_sources",28
"SRP073679","mouse","sra","data_sources/sra","data_sources",12
"SRP082579","mouse","sra","data_sources/sra","data_sources",10
"ERP109479","mouse","sra","data_sources/sra","data_sources",90
"SRP045179","mouse","sra","data_sources/sra","data_sources",8
"SRP040979","mouse","sra","data_sources/sra","data_sources",4
"SRP144379","mouse","sra","data_sources/sra","data_sources",6
"SRP155079","mouse","sra","data_sources/sra","data_sources",4
"SRP047079","mouse","sra","data_sources/sra","data_sources",8
"SRP188879","mouse","sra","data_sources/sra","data_sources",204
"SRP158679","mouse","sra","data_sources/sra","data_sources",14
"SRP101579","mouse","sra","data_sources/sra","data_sources",45
"SRP063579","mouse","sra","data_sources/sra","data_sources",9
"SRP033279","mouse","sra","data_sources/sra","data_sources",21
"SRP121279","mouse","sra","data_sources/sra","data_sources",6
"SRP061079","mouse","sra","data_sources/sra","data_sources",8
"SRP031779","mouse","sra","data_sources/sra","data_sources",2
"SRP045579","mouse","sra","data_sources/sra","data_sources",1
"SRP082179","mouse","sra","data_sources/sra","data_sources",6
"SRP160879","mouse","sra","data_sources/sra","data_sources",16
"SRP156579","mouse","sra","data_sources/sra","data_sources",10
"SRP223079","mouse","sra","data_sources/sra","data_sources",33
"SRP172079","mouse","sra","data_sources/sra","data_sources",6
"SRP201679","mouse","sra","data_sources/sra","data_sources",30
"ERP111779","mouse","sra","data_sources/sra","data_sources",40
"SRP102079","mouse","sra","data_sources/sra","data_sources",18
"SRP107879","mouse","sra","data_sources/sra","data_sources",4
"SRP131479","mouse","sra","data_sources/sra","data_sources",18
"SRP097179","mouse","sra","data_sources/sra","data_sources",6
"SRP201779","mouse","sra","data_sources/sra","data_sources",200
"SRP111379","mouse","sra","data_sources/sra","data_sources",8
"SRP133579","mouse","sra","data_sources/sra","data_sources",6
"ERP109179","mouse","sra","data_sources/sra","data_sources",1
"SRP214679","mouse","sra","data_sources/sra","data_sources",12
"SRP110979","mouse","sra","data_sources/sra","data_sources",8
"SRP028179","mouse","sra","data_sources/sra","data_sources",6
"SRP108479","mouse","sra","data_sources/sra","data_sources",12
"SRP033779","mouse","sra","data_sources/sra","data_sources",6
"SRP151779","mouse","sra","data_sources/sra","data_sources",89
"SRP132579","mouse","sra","data_sources/sra","data_sources",2
"SRP041679","mouse","sra","data_sources/sra","data_sources",96
"SRP160379","mouse","sra","data_sources/sra","data_sources",9
"SRP064979","mouse","sra","data_sources/sra","data_sources",617
"SRP058979","mouse","sra","data_sources/sra","data_sources",12
"SRP101279","mouse","sra","data_sources/sra","data_sources",8
"SRP083279","mouse","sra","data_sources/sra","data_sources",4
"SRP169579","mouse","sra","data_sources/sra","data_sources",4
"ERP021879","mouse","sra","data_sources/sra","data_sources",9
"SRP126679","mouse","sra","data_sources/sra","data_sources",12
"SRP082279","mouse","sra","data_sources/sra","data_sources",3
"SRP148279","mouse","sra","data_sources/sra","data_sources",6
"SRP114979","mouse","sra","data_sources/sra","data_sources",7
"ERP021279","mouse","sra","data_sources/sra","data_sources",18
"SRP161179","mouse","sra","data_sources/sra","data_sources",11
"SRP166979","mouse","sra","data_sources/sra","data_sources",4
"ERP021379","mouse","sra","data_sources/sra","data_sources",13
"SRP058279","mouse","sra","data_sources/sra","data_sources",10
"SRP165279","mouse","sra","data_sources/sra","data_sources",12
"SRP082379","mouse","sra","data_sources/sra","data_sources",26
"SRP027579","mouse","sra","data_sources/sra","data_sources",36
"SRP104179","mouse","sra","data_sources/sra","data_sources",45
"SRP115279","mouse","sra","data_sources/sra","data_sources",6
"SRP185879","mouse","sra","data_sources/sra","data_sources",4
"SRP081279","mouse","sra","data_sources/sra","data_sources",4
"SRP100979","mouse","sra","data_sources/sra","data_sources",24
"SRP187979","mouse","sra","data_sources/sra","data_sources",18
"SRP099579","mouse","sra","data_sources/sra","data_sources",7
"SRP072241","mouse","sra","data_sources/sra","data_sources",6
"SRP076041","mouse","sra","data_sources/sra","data_sources",24
"ERP024341","mouse","sra","data_sources/sra","data_sources",384
"SRP148141","mouse","sra","data_sources/sra","data_sources",10
"SRP082141","mouse","sra","data_sources/sra","data_sources",24
"SRP012041","mouse","sra","data_sources/sra","data_sources",4
"SRP021541","mouse","sra","data_sources/sra","data_sources",6
"SRP199441","mouse","sra","data_sources/sra","data_sources",78
"SRP097141","mouse","sra","data_sources/sra","data_sources",4
"SRP190041","mouse","sra","data_sources/sra","data_sources",6
"SRP168741","mouse","sra","data_sources/sra","data_sources",12
"SRP191041","mouse","sra","data_sources/sra","data_sources",12
"SRP081141","mouse","sra","data_sources/sra","data_sources",8
"SRP066841","mouse","sra","data_sources/sra","data_sources",10
"SRP096341","mouse","sra","data_sources/sra","data_sources",6
"DRP003641","mouse","sra","data_sources/sra","data_sources",286
"SRP190841","mouse","sra","data_sources/sra","data_sources",15
"SRP102941","mouse","sra","data_sources/sra","data_sources",18
"SRP175041","mouse","sra","data_sources/sra","data_sources",37
"SRP108641","mouse","sra","data_sources/sra","data_sources",6
"SRP100841","mouse","sra","data_sources/sra","data_sources",12
"SRP067041","mouse","sra","data_sources/sra","data_sources",6
"SRP014141","mouse","sra","data_sources/sra","data_sources",6
"SRP124741","mouse","sra","data_sources/sra","data_sources",47
"SRP117241","mouse","sra","data_sources/sra","data_sources",4
"SRP212741","mouse","sra","data_sources/sra","data_sources",3
"SRP164941","mouse","sra","data_sources/sra","data_sources",8
"SRP102241","mouse","sra","data_sources/sra","data_sources",45
"SRP095341","mouse","sra","data_sources/sra","data_sources",8
"SRP073041","mouse","sra","data_sources/sra","data_sources",4
"SRP076841","mouse","sra","data_sources/sra","data_sources",222
"SRP049141","mouse","sra","data_sources/sra","data_sources",15
"ERP005641","mouse","sra","data_sources/sra","data_sources",484
"SRP173841","mouse","sra","data_sources/sra","data_sources",4
"SRP027541","mouse","sra","data_sources/sra","data_sources",6
"SRP063941","mouse","sra","data_sources/sra","data_sources",9
"SRP090141","mouse","sra","data_sources/sra","data_sources",28
"SRP067141","mouse","sra","data_sources/sra","data_sources",30
"SRP211741","mouse","sra","data_sources/sra","data_sources",13
"ERP109841","mouse","sra","data_sources/sra","data_sources",62
"SRP151441","mouse","sra","data_sources/sra","data_sources",90
"SRP072041","mouse","sra","data_sources/sra","data_sources",6
"SRP213641","mouse","sra","data_sources/sra","data_sources",11
"SRP202541","mouse","sra","data_sources/sra","data_sources",4
"SRP142641","mouse","sra","data_sources/sra","data_sources",8
"ERP110541","mouse","sra","data_sources/sra","data_sources",2112
"SRP043041","mouse","sra","data_sources/sra","data_sources",4
"SRP184641","mouse","sra","data_sources/sra","data_sources",44
"SRP154841","mouse","sra","data_sources/sra","data_sources",6
"SRP059641","mouse","sra","data_sources/sra","data_sources",4
"SRP056141","mouse","sra","data_sources/sra","data_sources",12
"SRP047241","mouse","sra","data_sources/sra","data_sources",8
"SRP044341","mouse","sra","data_sources/sra","data_sources",6
"SRP058641","mouse","sra","data_sources/sra","data_sources",24
"SRP192641","mouse","sra","data_sources/sra","data_sources",9
"SRP057141","mouse","sra","data_sources/sra","data_sources",2
"SRP068841","mouse","sra","data_sources/sra","data_sources",8
"SRP035941","mouse","sra","data_sources/sra","data_sources",12
"SRP120041","mouse","sra","data_sources/sra","data_sources",6
"SRP188041","mouse","sra","data_sources/sra","data_sources",12
"SRP113541","mouse","sra","data_sources/sra","data_sources",20
"SRP097741","mouse","sra","data_sources/sra","data_sources",10
"SRP172741","mouse","sra","data_sources/sra","data_sources",270
"SRP201141","mouse","sra","data_sources/sra","data_sources",99
"SRP118141","mouse","sra","data_sources/sra","data_sources",29
"SRP058741","mouse","sra","data_sources/sra","data_sources",2
"SRP055141","mouse","sra","data_sources/sra","data_sources",6
"SRP069341","mouse","sra","data_sources/sra","data_sources",2
"SRP045241","mouse","sra","data_sources/sra","data_sources",6
"SRP056041","mouse","sra","data_sources/sra","data_sources",1
"SRP125341","mouse","sra","data_sources/sra","data_sources",11
"SRP009041","mouse","sra","data_sources/sra","data_sources",6
"SRP193741","mouse","sra","data_sources/sra","data_sources",8
"SRP110541","mouse","sra","data_sources/sra","data_sources",102
"SRP151141","mouse","sra","data_sources/sra","data_sources",4
"SRP121141","mouse","sra","data_sources/sra","data_sources",1
"SRP124941","mouse","sra","data_sources/sra","data_sources",17
"SRP070441","mouse","sra","data_sources/sra","data_sources",4
"SRP198241","mouse","sra","data_sources/sra","data_sources",8
"SRP202041","mouse","sra","data_sources/sra","data_sources",45
"SRP087641","mouse","sra","data_sources/sra","data_sources",13
"SRP070641","mouse","sra","data_sources/sra","data_sources",6
"SRP110741","mouse","sra","data_sources/sra","data_sources",26
"SRP182641","mouse","sra","data_sources/sra","data_sources",24
"SRP167441","mouse","sra","data_sources/sra","data_sources",8
"SRP099841","mouse","sra","data_sources/sra","data_sources",12
"SRP201341","mouse","sra","data_sources/sra","data_sources",38
"SRP136941","mouse","sra","data_sources/sra","data_sources",6
"SRP053041","mouse","sra","data_sources/sra","data_sources",30
"SRP131041","mouse","sra","data_sources/sra","data_sources",24
"SRP141141","mouse","sra","data_sources/sra","data_sources",6
"SRP185441","mouse","sra","data_sources/sra","data_sources",16
"SRP075541","mouse","sra","data_sources/sra","data_sources",53
"SRP151841","mouse","sra","data_sources/sra","data_sources",12
"SRP144341","mouse","sra","data_sources/sra","data_sources",251
"ERP017241","mouse","sra","data_sources/sra","data_sources",17
"ERP001841","mouse","sra","data_sources/sra","data_sources",16
"SRP098941","mouse","sra","data_sources/sra","data_sources",12
"SRP041341","mouse","sra","data_sources/sra","data_sources",3
"SRP087741","mouse","sra","data_sources/sra","data_sources",24
"SRP102936","mouse","sra","data_sources/sra","data_sources",6
"SRP059336","mouse","sra","data_sources/sra","data_sources",6
"SRP015136","mouse","sra","data_sources/sra","data_sources",34
"SRP096336","mouse","sra","data_sources/sra","data_sources",6
"SRP080936","mouse","sra","data_sources/sra","data_sources",4
"SRP151536","mouse","sra","data_sources/sra","data_sources",15
"SRP111136","mouse","sra","data_sources/sra","data_sources",5
"SRP028336","mouse","sra","data_sources/sra","data_sources",60
"SRP057536","mouse","sra","data_sources/sra","data_sources",16
"SRP106036","mouse","sra","data_sources/sra","data_sources",10
"SRP036636","mouse","sra","data_sources/sra","data_sources",8
"SRP181036","mouse","sra","data_sources/sra","data_sources",7
"SRP145536","mouse","sra","data_sources/sra","data_sources",10
"SRP027536","mouse","sra","data_sources/sra","data_sources",8
"ERP003536","mouse","sra","data_sources/sra","data_sources",2
"SRP200436","mouse","sra","data_sources/sra","data_sources",40
"SRP020636","mouse","sra","data_sources/sra","data_sources",1086
"SRP043436","mouse","sra","data_sources/sra","data_sources",20
"SRP052736","mouse","sra","data_sources/sra","data_sources",3
"SRP117936","mouse","sra","data_sources/sra","data_sources",14
"SRP172836","mouse","sra","data_sources/sra","data_sources",160
"SRP026536","mouse","sra","data_sources/sra","data_sources",18
"SRP223836","mouse","sra","data_sources/sra","data_sources",6
"SRP029236","mouse","sra","data_sources/sra","data_sources",4
"SRP095936","mouse","sra","data_sources/sra","data_sources",8
"SRP059236","mouse","sra","data_sources/sra","data_sources",12
"SRP074136","mouse","sra","data_sources/sra","data_sources",16
"SRP220136","mouse","sra","data_sources/sra","data_sources",28
"SRP225936","mouse","sra","data_sources/sra","data_sources",9
"SRP110236","mouse","sra","data_sources/sra","data_sources",16
"SRP133436","mouse","sra","data_sources/sra","data_sources",40
"SRP113336","mouse","sra","data_sources/sra","data_sources",14
"SRP042636","mouse","sra","data_sources/sra","data_sources",12
"SRP017936","mouse","sra","data_sources/sra","data_sources",16
"SRP168636","mouse","sra","data_sources/sra","data_sources",6
"SRP072836","mouse","sra","data_sources/sra","data_sources",6
"SRP190136","mouse","sra","data_sources/sra","data_sources",6
"SRP115136","mouse","sra","data_sources/sra","data_sources",16
"SRP048836","mouse","sra","data_sources/sra","data_sources",2
"SRP095036","mouse","sra","data_sources/sra","data_sources",14
"SRP140436","mouse","sra","data_sources/sra","data_sources",8
"SRP132536","mouse","sra","data_sources/sra","data_sources",6
"SRP142536","mouse","sra","data_sources/sra","data_sources",9
"SRP217736","mouse","sra","data_sources/sra","data_sources",44
"SRP056636","mouse","sra","data_sources/sra","data_sources",35
"SRP217336","mouse","sra","data_sources/sra","data_sources",12
"SRP056236","mouse","sra","data_sources/sra","data_sources",62
"SRP218436","mouse","sra","data_sources/sra","data_sources",22
"SRP079236","mouse","sra","data_sources/sra","data_sources",8
"SRP067636","mouse","sra","data_sources/sra","data_sources",248
"SRP094436","mouse","sra","data_sources/sra","data_sources",8
"SRP187436","mouse","sra","data_sources/sra","data_sources",6
"SRP131036","mouse","sra","data_sources/sra","data_sources",12
"SRP188336","mouse","sra","data_sources/sra","data_sources",6
"SRP225736","mouse","sra","data_sources/sra","data_sources",56
"SRP216236","mouse","sra","data_sources/sra","data_sources",18
"SRP044136","mouse","sra","data_sources/sra","data_sources",2
"SRP115436","mouse","sra","data_sources/sra","data_sources",6
"SRP214336","mouse","sra","data_sources/sra","data_sources",2
"SRP188236","mouse","sra","data_sources/sra","data_sources",8
"SRP131136","mouse","sra","data_sources/sra","data_sources",13
"SRP212036","mouse","sra","data_sources/sra","data_sources",8
"ERP010136","mouse","sra","data_sources/sra","data_sources",9
"SRP062536","mouse","sra","data_sources/sra","data_sources",4
"ERP113236","mouse","sra","data_sources/sra","data_sources",5
"SRP133036","mouse","sra","data_sources/sra","data_sources",2
"SRP079936","mouse","sra","data_sources/sra","data_sources",15
"SRP061436","mouse","sra","data_sources/sra","data_sources",9
"SRP213036","mouse","sra","data_sources/sra","data_sources",2
"SRP114436","mouse","sra","data_sources/sra","data_sources",67
"ERP114136","mouse","sra","data_sources/sra","data_sources",12
"SRP152936","mouse","sra","data_sources/sra","data_sources",4
"SRP033036","mouse","sra","data_sources/sra","data_sources",6
"SRP094736","mouse","sra","data_sources/sra","data_sources",20
"SRP101736","mouse","sra","data_sources/sra","data_sources",6
"SRP155836","mouse","sra","data_sources/sra","data_sources",26
"SRP060636","mouse","sra","data_sources/sra","data_sources",24
"SRP131336","mouse","sra","data_sources/sra","data_sources",12
"SRP055036","mouse","sra","data_sources/sra","data_sources",6
"SRP126336","mouse","sra","data_sources/sra","data_sources",72
"ERP106136","mouse","sra","data_sources/sra","data_sources",10
"SRP219736","mouse","sra","data_sources/sra","data_sources",48
"ERP005336","mouse","sra","data_sources/sra","data_sources",39
"SRP062636","mouse","sra","data_sources/sra","data_sources",23
"SRP154936","mouse","sra","data_sources/sra","data_sources",13
"SRP121136","mouse","sra","data_sources/sra","data_sources",1
"SRP018336","mouse","sra","data_sources/sra","data_sources",64
"SRP125336","mouse","sra","data_sources/sra","data_sources",110
"SRP065536","mouse","sra","data_sources/sra","data_sources",12
"SRP164736","mouse","sra","data_sources/sra","data_sources",2
"SRP212936","mouse","sra","data_sources/sra","data_sources",24
"SRP059736","mouse","sra","data_sources/sra","data_sources",7
"SRP074231","mouse","sra","data_sources/sra","data_sources",6
"SRP059331","mouse","sra","data_sources/sra","data_sources",40
"SRP119531","mouse","sra","data_sources/sra","data_sources",9
"SRP229631","mouse","sra","data_sources/sra","data_sources",32
"SRP166231","mouse","sra","data_sources/sra","data_sources",12
"SRP111131","mouse","sra","data_sources/sra","data_sources",6
"ERP113531","mouse","sra","data_sources/sra","data_sources",5
"SRP074831","mouse","sra","data_sources/sra","data_sources",12
"SRP094831","mouse","sra","data_sources/sra","data_sources",24
"ERP117731","mouse","sra","data_sources/sra","data_sources",9
"SRP028331","mouse","sra","data_sources/sra","data_sources",8
"SRP069731","mouse","sra","data_sources/sra","data_sources",16
"SRP061931","mouse","sra","data_sources/sra","data_sources",8
"SRP156731","mouse","sra","data_sources/sra","data_sources",20
"SRP103831","mouse","sra","data_sources/sra","data_sources",14
"SRP117331","mouse","sra","data_sources/sra","data_sources",222
"SRP167331","mouse","sra","data_sources/sra","data_sources",6
"SRP173831","mouse","sra","data_sources/sra","data_sources",8
"SRP214531","mouse","sra","data_sources/sra","data_sources",7
"SRP222831","mouse","sra","data_sources/sra","data_sources",3
"SRP168431","mouse","sra","data_sources/sra","data_sources",6
"SRP059831","mouse","sra","data_sources/sra","data_sources",6
"SRP013331","mouse","sra","data_sources/sra","data_sources",2
"SRP043431","mouse","sra","data_sources/sra","data_sources",6
"SRP128031","mouse","sra","data_sources/sra","data_sources",8
"SRP038131","mouse","sra","data_sources/sra","data_sources",10
"SRP119431","mouse","sra","data_sources/sra","data_sources",2
"SRP235231","mouse","sra","data_sources/sra","data_sources",19
"SRP187931","mouse","sra","data_sources/sra","data_sources",5
"SRP116131","mouse","sra","data_sources/sra","data_sources",3
"SRP108531","mouse","sra","data_sources/sra","data_sources",18
"SRP169631","mouse","sra","data_sources/sra","data_sources",10
"SRP067331","mouse","sra","data_sources/sra","data_sources",6
"SRP121631","mouse","sra","data_sources/sra","data_sources",87
"SRP220131","mouse","sra","data_sources/sra","data_sources",24
"SRP110831","mouse","sra","data_sources/sra","data_sources",17
"ERP005431","mouse","sra","data_sources/sra","data_sources",192
"SRP117031","mouse","sra","data_sources/sra","data_sources",11
"SRP195831","mouse","sra","data_sources/sra","data_sources",9
"SRP190031","mouse","sra","data_sources/sra","data_sources",8
"SRP137731","mouse","sra","data_sources/sra","data_sources",12
"SRP080131","mouse","sra","data_sources/sra","data_sources",20
"SRP066231","mouse","sra","data_sources/sra","data_sources",81
"DRP004731","mouse","sra","data_sources/sra","data_sources",8
"SRP182831","mouse","sra","data_sources/sra","data_sources",22
"SRP071231","mouse","sra","data_sources/sra","data_sources",80
"SRP113231","mouse","sra","data_sources/sra","data_sources",6
"ERP012531","mouse","sra","data_sources/sra","data_sources",30
"SRP015331","mouse","sra","data_sources/sra","data_sources",10
"SRP136731","mouse","sra","data_sources/sra","data_sources",32
"SRP161931","mouse","sra","data_sources/sra","data_sources",14
"SRP092331","mouse","sra","data_sources/sra","data_sources",17
"SRP048631","mouse","sra","data_sources/sra","data_sources",8
"SRP018131","mouse","sra","data_sources/sra","data_sources",6
"SRP144231","mouse","sra","data_sources/sra","data_sources",12
"SRP136331","mouse","sra","data_sources/sra","data_sources",24
"SRP008831","mouse","sra","data_sources/sra","data_sources",15
"SRP168931","mouse","sra","data_sources/sra","data_sources",18
"SRP190431","mouse","sra","data_sources/sra","data_sources",6
"SRP093731","mouse","sra","data_sources/sra","data_sources",15
"SRP093631","mouse","sra","data_sources/sra","data_sources",18
"SRP156131","mouse","sra","data_sources/sra","data_sources",12
"SRP014631","mouse","sra","data_sources/sra","data_sources",8
"SRP199131","mouse","sra","data_sources/sra","data_sources",8
"SRP230631","mouse","sra","data_sources/sra","data_sources",21
"SRP217831","mouse","sra","data_sources/sra","data_sources",70
"SRP026331","mouse","sra","data_sources/sra","data_sources",3
"ERP108431","mouse","sra","data_sources/sra","data_sources",20
"SRP158431","mouse","sra","data_sources/sra","data_sources",12
"SRP045331","mouse","sra","data_sources/sra","data_sources",47
"SRP160431","mouse","sra","data_sources/sra","data_sources",12
"SRP096631","mouse","sra","data_sources/sra","data_sources",44
"SRP069831","mouse","sra","data_sources/sra","data_sources",36
"SRP132231","mouse","sra","data_sources/sra","data_sources",10
"SRP133231","mouse","sra","data_sources/sra","data_sources",9
"SRP230431","mouse","sra","data_sources/sra","data_sources",36
"SRP187731","mouse","sra","data_sources/sra","data_sources",12
"SRP131331","mouse","sra","data_sources/sra","data_sources",4
"SRP097631","mouse","sra","data_sources/sra","data_sources",20
"ERP016031","mouse","sra","data_sources/sra","data_sources",7
"SRP115631","mouse","sra","data_sources/sra","data_sources",10
"SRP058631","mouse","sra","data_sources/sra","data_sources",6
"SRP117731","mouse","sra","data_sources/sra","data_sources",24
"SRP046331","mouse","sra","data_sources/sra","data_sources",4
"SRP052831","mouse","sra","data_sources/sra","data_sources",8
"SRP106531","mouse","sra","data_sources/sra","data_sources",12
"ERP008531","mouse","sra","data_sources/sra","data_sources",766
"SRP042131","mouse","sra","data_sources/sra","data_sources",1
"SRP030031","mouse","sra","data_sources/sra","data_sources",4
"SRP133331","mouse","sra","data_sources/sra","data_sources",20
"SRP172731","mouse","sra","data_sources/sra","data_sources",63
"SRP201131","mouse","sra","data_sources/sra","data_sources",5
"SRP155931","mouse","sra","data_sources/sra","data_sources",14
"SRP068931","mouse","sra","data_sources/sra","data_sources",75
"SRP121131","mouse","sra","data_sources/sra","data_sources",1
"SRP124931","mouse","sra","data_sources/sra","data_sources",6
"SRP178231","mouse","sra","data_sources/sra","data_sources",23
"SRP101746","mouse","sra","data_sources/sra","data_sources",16
"SRP061646","mouse","sra","data_sources/sra","data_sources",6
"SRP068246","mouse","sra","data_sources/sra","data_sources",12
"SRP035346","mouse","sra","data_sources/sra","data_sources",12
"SRP134146","mouse","sra","data_sources/sra","data_sources",12
"ERP104046","mouse","sra","data_sources/sra","data_sources",8
"SRP115646","mouse","sra","data_sources/sra","data_sources",8
"SRP212246","mouse","sra","data_sources/sra","data_sources",6
"SRP152146","mouse","sra","data_sources/sra","data_sources",30
"SRP221746","mouse","sra","data_sources/sra","data_sources",6
"SRP018846","mouse","sra","data_sources/sra","data_sources",24
"SRP127946","mouse","sra","data_sources/sra","data_sources",122
"SRP108846","mouse","sra","data_sources/sra","data_sources",93
"SRP066446","mouse","sra","data_sources/sra","data_sources",20
"SRP039446","mouse","sra","data_sources/sra","data_sources",2
"SRP080746","mouse","sra","data_sources/sra","data_sources",48
"SRP132946","mouse","sra","data_sources/sra","data_sources",16
"SRP075646","mouse","sra","data_sources/sra","data_sources",18
"SRP052846","mouse","sra","data_sources/sra","data_sources",3
"SRP165746","mouse","sra","data_sources/sra","data_sources",6
"SRP092546","mouse","sra","data_sources/sra","data_sources",6
"SRP035246","mouse","sra","data_sources/sra","data_sources",8
"SRP155346","mouse","sra","data_sources/sra","data_sources",60
"SRP121146","mouse","sra","data_sources/sra","data_sources",1
"SRP034846","mouse","sra","data_sources/sra","data_sources",31
"SRP132346","mouse","sra","data_sources/sra","data_sources",227
"SRP101446","mouse","sra","data_sources/sra","data_sources",4
"SRP041246","mouse","sra","data_sources/sra","data_sources",6
"SRP118946","mouse","sra","data_sources/sra","data_sources",6
"SRP070646","mouse","sra","data_sources/sra","data_sources",12
"SRP061546","mouse","sra","data_sources/sra","data_sources",28
"SRP087646","mouse","sra","data_sources/sra","data_sources",6
"SRP067646","mouse","sra","data_sources/sra","data_sources",8
"SRP224646","mouse","sra","data_sources/sra","data_sources",36
"SRP118346","mouse","sra","data_sources/sra","data_sources",160
"SRP106746","mouse","sra","data_sources/sra","data_sources",9
"SRP135246","mouse","sra","data_sources/sra","data_sources",210
"SRP154146","mouse","sra","data_sources/sra","data_sources",58
"SRP168346","mouse","sra","data_sources/sra","data_sources",6
"ERP012146","mouse","sra","data_sources/sra","data_sources",18
"SRP185546","mouse","sra","data_sources/sra","data_sources",24
"SRP201346","mouse","sra","data_sources/sra","data_sources",36
"SRP169946","mouse","sra","data_sources/sra","data_sources",12
"SRP062546","mouse","sra","data_sources/sra","data_sources",9
"SRP238846","mouse","sra","data_sources/sra","data_sources",12
"SRP106646","mouse","sra","data_sources/sra","data_sources",24
"SRP188846","mouse","sra","data_sources/sra","data_sources",24
"SRP092646","mouse","sra","data_sources/sra","data_sources",10
"SRP098946","mouse","sra","data_sources/sra","data_sources",73
"SRP024246","mouse","sra","data_sources/sra","data_sources",19
"SRP136246","mouse","sra","data_sources/sra","data_sources",14
"ERP108446","mouse","sra","data_sources/sra","data_sources",12
"ERP110346","mouse","sra","data_sources/sra","data_sources",10
"ERP112246","mouse","sra","data_sources/sra","data_sources",191
"SRP151246","mouse","sra","data_sources/sra","data_sources",12
"ERP020546","mouse","sra","data_sources/sra","data_sources",6
"SRP050446","mouse","sra","data_sources/sra","data_sources",12
"SRP162346","mouse","sra","data_sources/sra","data_sources",6
"ERP085746","mouse","sra","data_sources/sra","data_sources",48
"SRP198546","mouse","sra","data_sources/sra","data_sources",6
"SRP016946","mouse","sra","data_sources/sra","data_sources",6
"SRP144746","mouse","sra","data_sources/sra","data_sources",14
"SRP074146","mouse","sra","data_sources/sra","data_sources",22
"SRP092246","mouse","sra","data_sources/sra","data_sources",13
"SRP108546","mouse","sra","data_sources/sra","data_sources",144
"SRP093246","mouse","sra","data_sources/sra","data_sources",32
"SRP075146","mouse","sra","data_sources/sra","data_sources",6
"SRP070946","mouse","sra","data_sources/sra","data_sources",8
"SRP234046","mouse","sra","data_sources/sra","data_sources",4
"SRP190146","mouse","sra","data_sources/sra","data_sources",4
"SRP113346","mouse","sra","data_sources/sra","data_sources",1
"SRP172046","mouse","sra","data_sources/sra","data_sources",10
"SRP015846","mouse","sra","data_sources/sra","data_sources",4
"SRP223146","mouse","sra","data_sources/sra","data_sources",2
"SRP150746","mouse","sra","data_sources/sra","data_sources",2202
"SRP015946","mouse","sra","data_sources/sra","data_sources",2
"SRP048846","mouse","sra","data_sources/sra","data_sources",14
"SRP168746","mouse","sra","data_sources/sra","data_sources",6
"SRP216746","mouse","sra","data_sources/sra","data_sources",12
"SRP092346","mouse","sra","data_sources/sra","data_sources",96
"SRP106946","mouse","sra","data_sources/sra","data_sources",11
"SRP227946","mouse","sra","data_sources/sra","data_sources",7
"SRP110146","mouse","sra","data_sources/sra","data_sources",6
"SRP173346","mouse","sra","data_sources/sra","data_sources",12
"SRP231146","mouse","sra","data_sources/sra","data_sources",12
"SRP067046","mouse","sra","data_sources/sra","data_sources",9
"SRP172946","mouse","sra","data_sources/sra","data_sources",6
"SRP117246","mouse","sra","data_sources/sra","data_sources",9
"SRP046746","mouse","sra","data_sources/sra","data_sources",6
"SRP096946","mouse","sra","data_sources/sra","data_sources",56
"SRP013846","mouse","sra","data_sources/sra","data_sources",6
"ERP109346","mouse","sra","data_sources/sra","data_sources",11
"SRP167246","mouse","sra","data_sources/sra","data_sources",8
"SRP181146","mouse","sra","data_sources/sra","data_sources",36
"SRP074846","mouse","sra","data_sources/sra","data_sources",4
"SRP166846","mouse","sra","data_sources/sra","data_sources",36
"SRP133646","mouse","sra","data_sources/sra","data_sources",8
"SRP102246","mouse","sra","data_sources/sra","data_sources",7
"SRP101946","mouse","sra","data_sources/sra","data_sources",8
"SRP103846","mouse","sra","data_sources/sra","data_sources",9
"SRP062946","mouse","sra","data_sources/sra","data_sources",14
"SRP067146","mouse","sra","data_sources/sra","data_sources",12
"SRP142646","mouse","sra","data_sources/sra","data_sources",12
"SRP213646","mouse","sra","data_sources/sra","data_sources",6
"SRP202546","mouse","sra","data_sources/sra","data_sources",14
"SRP063346","mouse","sra","data_sources/sra","data_sources",4
"SRP012574","mouse","sra","data_sources/sra","data_sources",31
"SRP136874","mouse","sra","data_sources/sra","data_sources",4
"SRP062574","mouse","sra","data_sources/sra","data_sources",4
"SRP141174","mouse","sra","data_sources/sra","data_sources",6
"SRP117574","mouse","sra","data_sources/sra","data_sources",4
"SRP148574","mouse","sra","data_sources/sra","data_sources",50
"SRP093674","mouse","sra","data_sources/sra","data_sources",128
"SRP115474","mouse","sra","data_sources/sra","data_sources",12
"SRP136274","mouse","sra","data_sources/sra","data_sources",2
"SRP150874","mouse","sra","data_sources/sra","data_sources",13
"SRP149574","mouse","sra","data_sources/sra","data_sources",6
"SRP063574","mouse","sra","data_sources/sra","data_sources",8
"DRP004874","mouse","sra","data_sources/sra","data_sources",12
"SRP110674","mouse","sra","data_sources/sra","data_sources",17
"SRP043274","mouse","sra","data_sources/sra","data_sources",9
"SRP153374","mouse","sra","data_sources/sra","data_sources",8
"DRP003074","mouse","sra","data_sources/sra","data_sources",4
"SRP063474","mouse","sra","data_sources/sra","data_sources",14
"SRP069174","mouse","sra","data_sources/sra","data_sources",12
"SRP091674","mouse","sra","data_sources/sra","data_sources",30
"SRP077574","mouse","sra","data_sources/sra","data_sources",29
"SRP049674","mouse","sra","data_sources/sra","data_sources",8
"SRP170674","mouse","sra","data_sources/sra","data_sources",6
"SRP045874","mouse","sra","data_sources/sra","data_sources",31
"SRP068974","mouse","sra","data_sources/sra","data_sources",16
"SRP052874","mouse","sra","data_sources/sra","data_sources",7
"SRP064574","mouse","sra","data_sources/sra","data_sources",40
"SRP044274","mouse","sra","data_sources/sra","data_sources",17
"SRP128574","mouse","sra","data_sources/sra","data_sources",24
"ERP024474","mouse","sra","data_sources/sra","data_sources",9
"SRP144074","mouse","sra","data_sources/sra","data_sources",4
"SRP110574","mouse","sra","data_sources/sra","data_sources",10
"SRP072574","mouse","sra","data_sources/sra","data_sources",12
"SRP121174","mouse","sra","data_sources/sra","data_sources",1
"SRP061774","mouse","sra","data_sources/sra","data_sources",6
"SRP099074","mouse","sra","data_sources/sra","data_sources",9
"SRP043074","mouse","sra","data_sources/sra","data_sources",4
"SRP108374","mouse","sra","data_sources/sra","data_sources",4
"SRP059674","mouse","sra","data_sources/sra","data_sources",15
"SRP134174","mouse","sra","data_sources/sra","data_sources",16
"SRP149774","mouse","sra","data_sources/sra","data_sources",12
"SRP144174","mouse","sra","data_sources/sra","data_sources",5
"SRP191774","mouse","sra","data_sources/sra","data_sources",10
"SRP090574","mouse","sra","data_sources/sra","data_sources",8
"SRP132874","mouse","sra","data_sources/sra","data_sources",6
"SRP131374","mouse","sra","data_sources/sra","data_sources",6
"SRP060674","mouse","sra","data_sources/sra","data_sources",9
"SRP199374","mouse","sra","data_sources/sra","data_sources",40
"SRP102674","mouse","sra","data_sources/sra","data_sources",2
"SRP199774","mouse","sra","data_sources/sra","data_sources",2
"SRP149974","mouse","sra","data_sources/sra","data_sources",6
"SRP166974","mouse","sra","data_sources/sra","data_sources",6
"SRP174174","mouse","sra","data_sources/sra","data_sources",12
"SRP165274","mouse","sra","data_sources/sra","data_sources",120
"SRP109774","mouse","sra","data_sources/sra","data_sources",54
"SRP103874","mouse","sra","data_sources/sra","data_sources",6
"SRP057574","mouse","sra","data_sources/sra","data_sources",21
"SRP179774","mouse","sra","data_sources/sra","data_sources",18
"SRP045774","mouse","sra","data_sources/sra","data_sources",12
"SRP067174","mouse","sra","data_sources/sra","data_sources",10
"SRP108774","mouse","sra","data_sources/sra","data_sources",9
"SRP134574","mouse","sra","data_sources/sra","data_sources",16
"ERP105474","mouse","sra","data_sources/sra","data_sources",12
"SRP167974","mouse","sra","data_sources/sra","data_sources",15
"SRP151474","mouse","sra","data_sources/sra","data_sources",22
"SRP077874","mouse","sra","data_sources/sra","data_sources",13
"SRP123574","mouse","sra","data_sources/sra","data_sources",7
"SRP082974","mouse","sra","data_sources/sra","data_sources",24
"SRP219874","mouse","sra","data_sources/sra","data_sources",6
"SRP096374","mouse","sra","data_sources/sra","data_sources",6
"SRP070074","mouse","sra","data_sources/sra","data_sources",30
"SRP167874","mouse","sra","data_sources/sra","data_sources",12
"SRP009474","mouse","sra","data_sources/sra","data_sources",24
"ERP015474","mouse","sra","data_sources/sra","data_sources",1
"DRP005574","mouse","sra","data_sources/sra","data_sources",8
"SRP062874","mouse","sra","data_sources/sra","data_sources",114
"SRP124774","mouse","sra","data_sources/sra","data_sources",22
"SRP117274","mouse","sra","data_sources/sra","data_sources",12
"SRP109674","mouse","sra","data_sources/sra","data_sources",44
"ERP005774","mouse","sra","data_sources/sra","data_sources",9
"SRP029974","mouse","sra","data_sources/sra","data_sources",10
"ERP108974","mouse","sra","data_sources/sra","data_sources",13
"SRP199674","mouse","sra","data_sources/sra","data_sources",18
"SRP187274","mouse","sra","data_sources/sra","data_sources",30
"SRP017874","mouse","sra","data_sources/sra","data_sources",9
"SRP170074","mouse","sra","data_sources/sra","data_sources",36
"SRP100074","mouse","sra","data_sources/sra","data_sources",33
"SRP190074","mouse","sra","data_sources/sra","data_sources",6
"DRP004774","mouse","sra","data_sources/sra","data_sources",18
"SRP068574","mouse","sra","data_sources/sra","data_sources",22
"SRP178474","mouse","sra","data_sources/sra","data_sources",135
"SRP083074","mouse","sra","data_sources/sra","data_sources",40
"SRP197374","mouse","sra","data_sources/sra","data_sources",10
"SRP066974","mouse","sra","data_sources/sra","data_sources",6
"SRP056774","mouse","sra","data_sources/sra","data_sources",2
"SRP158274","mouse","sra","data_sources/sra","data_sources",12
"SRP074174","mouse","sra","data_sources/sra","data_sources",8
"SRP108574","mouse","sra","data_sources/sra","data_sources",18
"SRP055674","mouse","sra","data_sources/sra","data_sources",5
"SRP091374","mouse","sra","data_sources/sra","data_sources",6
"SRP181274","mouse","sra","data_sources/sra","data_sources",9
"SRP093274","mouse","sra","data_sources/sra","data_sources",2
"SRP192074","mouse","sra","data_sources/sra","data_sources",29
"SRP051474","mouse","sra","data_sources/sra","data_sources",14
"SRP180874","mouse","sra","data_sources/sra","data_sources",4
"SRP111203","mouse","sra","data_sources/sra","data_sources",4
"SRP073203","mouse","sra","data_sources/sra","data_sources",7
"SRP102003","mouse","sra","data_sources/sra","data_sources",47
"SRP065803","mouse","sra","data_sources/sra","data_sources",18
"SRP120603","mouse","sra","data_sources/sra","data_sources",6
"SRP098703","mouse","sra","data_sources/sra","data_sources",6
"SRP066303","mouse","sra","data_sources/sra","data_sources",6
"SRP005103","mouse","sra","data_sources/sra","data_sources",3
"SRP112903","mouse","sra","data_sources/sra","data_sources",8
"SRP070903","mouse","sra","data_sources/sra","data_sources",12
"SRP006003","mouse","sra","data_sources/sra","data_sources",6
"SRP193003","mouse","sra","data_sources/sra","data_sources",8
"SRP103003","mouse","sra","data_sources/sra","data_sources",6
"SRP091903","mouse","sra","data_sources/sra","data_sources",8
"SRP162303","mouse","sra","data_sources/sra","data_sources",6
"SRP014903","mouse","sra","data_sources/sra","data_sources",8
"SRP013003","mouse","sra","data_sources/sra","data_sources",44
"SRP186003","mouse","sra","data_sources/sra","data_sources",24
"SRP155503","mouse","sra","data_sources/sra","data_sources",9
"SRP116003","mouse","sra","data_sources/sra","data_sources",6
"SRP231903","mouse","sra","data_sources/sra","data_sources",29
"SRP195803","mouse","sra","data_sources/sra","data_sources",6
"SRP187003","mouse","sra","data_sources/sra","data_sources",96
"SRP201703","mouse","sra","data_sources/sra","data_sources",11
"SRP133503","mouse","sra","data_sources/sra","data_sources",6
"SRP105803","mouse","sra","data_sources/sra","data_sources",15
"SRP223303","mouse","sra","data_sources/sra","data_sources",24
"SRP149803","mouse","sra","data_sources/sra","data_sources",32
"SRP126603","mouse","sra","data_sources/sra","data_sources",10
"SRP219203","mouse","sra","data_sources/sra","data_sources",6
"SRP158103","mouse","sra","data_sources/sra","data_sources",12
"SRP115903","mouse","sra","data_sources/sra","data_sources",33
"SRP151503","mouse","sra","data_sources/sra","data_sources",12
"SRP200403","mouse","sra","data_sources/sra","data_sources",162
"SRP219903","mouse","sra","data_sources/sra","data_sources",26
"DRP003703","mouse","sra","data_sources/sra","data_sources",39
"SRP045703","mouse","sra","data_sources/sra","data_sources",4
"ERP107503","mouse","sra","data_sources/sra","data_sources",1
"SRP081203","mouse","sra","data_sources/sra","data_sources",8
"SRP074303","mouse","sra","data_sources/sra","data_sources",136
"SRP034703","mouse","sra","data_sources/sra","data_sources",32
"SRP049103","mouse","sra","data_sources/sra","data_sources",6
"SRP117303","mouse","sra","data_sources/sra","data_sources",4
"SRP173803","mouse","sra","data_sources/sra","data_sources",24
"SRP116903","mouse","sra","data_sources/sra","data_sources",24
"SRP010603","mouse","sra","data_sources/sra","data_sources",4
"SRP178903","mouse","sra","data_sources/sra","data_sources",45
"SRP133203","mouse","sra","data_sources/sra","data_sources",13
"SRP212203","mouse","sra","data_sources/sra","data_sources",24
"SRP091503","mouse","sra","data_sources/sra","data_sources",28
"SRP225503","mouse","sra","data_sources/sra","data_sources",63
"ERP014103","mouse","sra","data_sources/sra","data_sources",10
"SRP117703","mouse","sra","data_sources/sra","data_sources",32
"SRP056103","mouse","sra","data_sources/sra","data_sources",8
"SRP156903","mouse","sra","data_sources/sra","data_sources",18
"SRP013703","mouse","sra","data_sources/sra","data_sources",37
"SRP069803","mouse","sra","data_sources/sra","data_sources",6
"SRP173603","mouse","sra","data_sources/sra","data_sources",6
"SRP126903","mouse","sra","data_sources/sra","data_sources",28
"SRP063603","mouse","sra","data_sources/sra","data_sources",9
"SRP178203","mouse","sra","data_sources/sra","data_sources",9
"SRP076703","mouse","sra","data_sources/sra","data_sources",12
"DRP005103","mouse","sra","data_sources/sra","data_sources",6
"SRP052803","mouse","sra","data_sources/sra","data_sources",18
"SRP147103","mouse","sra","data_sources/sra","data_sources",6
"SRP145003","mouse","sra","data_sources/sra","data_sources",6
"SRP131203","mouse","sra","data_sources/sra","data_sources",12
"SRP221603","mouse","sra","data_sources/sra","data_sources",16
"SRP073503","mouse","sra","data_sources/sra","data_sources",12
"SRP194403","mouse","sra","data_sources/sra","data_sources",24
"SRP073703","mouse","sra","data_sources/sra","data_sources",10
"SRP058503","mouse","sra","data_sources/sra","data_sources",205
"SRP119303","mouse","sra","data_sources/sra","data_sources",107
"SRP068103","mouse","sra","data_sources/sra","data_sources",16
"DRP001103","mouse","sra","data_sources/sra","data_sources",1
"ERP110303","mouse","sra","data_sources/sra","data_sources",2
"SRP070703","mouse","sra","data_sources/sra","data_sources",42
"SRP099303","mouse","sra","data_sources/sra","data_sources",10
"SRP090703","mouse","sra","data_sources/sra","data_sources",8
"SRP215303","mouse","sra","data_sources/sra","data_sources",16
"SRP065603","mouse","sra","data_sources/sra","data_sources",23
"SRP008303","mouse","sra","data_sources/sra","data_sources",13
"ERP010103","mouse","sra","data_sources/sra","data_sources",96
"SRP216809","mouse","sra","data_sources/sra","data_sources",19
"SRP050009","mouse","sra","data_sources/sra","data_sources",4
"SRP017709","mouse","sra","data_sources/sra","data_sources",6
"SRP158609","mouse","sra","data_sources/sra","data_sources",18
"ERP109409","mouse","sra","data_sources/sra","data_sources",18
"SRP109109","mouse","sra","data_sources/sra","data_sources",278
"SRP136809","mouse","sra","data_sources/sra","data_sources",9
"SRP073609","mouse","sra","data_sources/sra","data_sources",10
"SRP062509","mouse","sra","data_sources/sra","data_sources",5
"SRP131109","mouse","sra","data_sources/sra","data_sources",18
"SRP217909","mouse","sra","data_sources/sra","data_sources",8
"ERP023509","mouse","sra","data_sources/sra","data_sources",5
"SRP062409","mouse","sra","data_sources/sra","data_sources",6
"SRP075409","mouse","sra","data_sources/sra","data_sources",15
"SRP109009","mouse","sra","data_sources/sra","data_sources",51
"SRP039609","mouse","sra","data_sources/sra","data_sources",6
"SRP181709","mouse","sra","data_sources/sra","data_sources",9
"SRP014709","mouse","sra","data_sources/sra","data_sources",49
"SRP067609","mouse","sra","data_sources/sra","data_sources",6
"SRP150909","mouse","sra","data_sources/sra","data_sources",6
"SRP059509","mouse","sra","data_sources/sra","data_sources",47
"SRP119309","mouse","sra","data_sources/sra","data_sources",12
"SRP043109","mouse","sra","data_sources/sra","data_sources",9
"SRP050309","mouse","sra","data_sources/sra","data_sources",15
"SRP063609","mouse","sra","data_sources/sra","data_sources",6
"ERP015009","mouse","sra","data_sources/sra","data_sources",69
"ERP004309","mouse","sra","data_sources/sra","data_sources",2
"SRP199809","mouse","sra","data_sources/sra","data_sources",8
"ERP114209","mouse","sra","data_sources/sra","data_sources",6
"SRP079009","mouse","sra","data_sources/sra","data_sources",12
"SRP076709","mouse","sra","data_sources/sra","data_sources",6
"ERP009509","mouse","sra","data_sources/sra","data_sources",16
"ERP116309","mouse","sra","data_sources/sra","data_sources",28
"SRP069309","mouse","sra","data_sources/sra","data_sources",5
"SRP020909","mouse","sra","data_sources/sra","data_sources",6
"SRP058709","mouse","sra","data_sources/sra","data_sources",12
"SRP124309","mouse","sra","data_sources/sra","data_sources",20
"SRP064509","mouse","sra","data_sources/sra","data_sources",17
"SRP172709","mouse","sra","data_sources/sra","data_sources",8
"SRP073509","mouse","sra","data_sources/sra","data_sources",24
"SRP111509","mouse","sra","data_sources/sra","data_sources",2
"SRP060709","mouse","sra","data_sources/sra","data_sources",48
"SRP113409","mouse","sra","data_sources/sra","data_sources",8
"SRP188109","mouse","sra","data_sources/sra","data_sources",5
"SRP125909","mouse","sra","data_sources/sra","data_sources",11
"SRP042009","mouse","sra","data_sources/sra","data_sources",20
"SRP018809","mouse","sra","data_sources/sra","data_sources",6
"ERP012209","mouse","sra","data_sources/sra","data_sources",14
"SRP130909","mouse","sra","data_sources/sra","data_sources",6
"SRP057109","mouse","sra","data_sources/sra","data_sources",4
"ERP014109","mouse","sra","data_sources/sra","data_sources",606
"SRP028609","mouse","sra","data_sources/sra","data_sources",4
"SRP137009","mouse","sra","data_sources/sra","data_sources",33
"SRP091509","mouse","sra","data_sources/sra","data_sources",5
"SRP176409","mouse","sra","data_sources/sra","data_sources",6
"SRP134109","mouse","sra","data_sources/sra","data_sources",8
"SRP158409","mouse","sra","data_sources/sra","data_sources",3
"SRP059609","mouse","sra","data_sources/sra","data_sources",20
"SRP173609","mouse","sra","data_sources/sra","data_sources",12
"SRP069809","mouse","sra","data_sources/sra","data_sources",12
"SRP124809","mouse","sra","data_sources/sra","data_sources",6
"SRP013709","mouse","sra","data_sources/sra","data_sources",8
"SRP070109","mouse","sra","data_sources/sra","data_sources",33
"SRP213609","mouse","sra","data_sources/sra","data_sources",6
"SRP028809","mouse","sra","data_sources/sra","data_sources",4
"SRP182109","mouse","sra","data_sources/sra","data_sources",18
"SRP175109","mouse","sra","data_sources/sra","data_sources",20
"SRP144509","mouse","sra","data_sources/sra","data_sources",10
"SRP103809","mouse","sra","data_sources/sra","data_sources",38
"SRP106009","mouse","sra","data_sources/sra","data_sources",64
"SRP225109","mouse","sra","data_sources/sra","data_sources",13
"SRP111009","mouse","sra","data_sources/sra","data_sources",140
"SRP042409","mouse","sra","data_sources/sra","data_sources",6
"SRP152509","mouse","sra","data_sources/sra","data_sources",17
"SRP059909","mouse","sra","data_sources/sra","data_sources",6
"SRP152409","mouse","sra","data_sources/sra","data_sources",4
"SRP030409","mouse","sra","data_sources/sra","data_sources",16
"SRP237809","mouse","sra","data_sources/sra","data_sources",16
"SRP062209","mouse","sra","data_sources/sra","data_sources",29
"SRP109609","mouse","sra","data_sources/sra","data_sources",9
"SRP096909","mouse","sra","data_sources/sra","data_sources",14
"DRP004509","mouse","sra","data_sources/sra","data_sources",25
"SRP115309","mouse","sra","data_sources/sra","data_sources",18
"SRP037709","mouse","sra","data_sources/sra","data_sources",15
"SRP074209","mouse","sra","data_sources/sra","data_sources",8
"SRP125709","mouse","sra","data_sources/sra","data_sources",84
"SRP173309","mouse","sra","data_sources/sra","data_sources",18
"SRP099609","mouse","sra","data_sources/sra","data_sources",30
"SRP132509","mouse","sra","data_sources/sra","data_sources",23
"SRP091809","mouse","sra","data_sources/sra","data_sources",9
"SRP066809","mouse","sra","data_sources/sra","data_sources",31
"SRP157409","mouse","sra","data_sources/sra","data_sources",4
"SRP192109","mouse","sra","data_sources/sra","data_sources",4
"ERP014609","mouse","sra","data_sources/sra","data_sources",12
"SRP090809","mouse","sra","data_sources/sra","data_sources",17
"SRP133509","mouse","sra","data_sources/sra","data_sources",20
"SRP223109","mouse","sra","data_sources/sra","data_sources",6
"SRP021509","mouse","sra","data_sources/sra","data_sources",6
"SRP182809","mouse","sra","data_sources/sra","data_sources",2
"SRP187109","mouse","sra","data_sources/sra","data_sources",14
"SRP131509","mouse","sra","data_sources/sra","data_sources",19
"SRP102009","mouse","sra","data_sources/sra","data_sources",47
"SRP216609","mouse","sra","data_sources/sra","data_sources",14
"SRP192009","mouse","sra","data_sources/sra","data_sources",9
"SRP126509","mouse","sra","data_sources/sra","data_sources",26
"SRP081009","mouse","sra","data_sources/sra","data_sources",8
"SRP111809","mouse","sra","data_sources/sra","data_sources",16
"SRP119609","mouse","sra","data_sources/sra","data_sources",9
"SRP092209","mouse","sra","data_sources/sra","data_sources",12
"SRP107209","mouse","sra","data_sources/sra","data_sources",12
"SRP181809","mouse","sra","data_sources/sra","data_sources",84
"SRP066909","mouse","sra","data_sources/sra","data_sources",6
"SRP072209","mouse","sra","data_sources/sra","data_sources",27
"SRP132409","mouse","sra","data_sources/sra","data_sources",28
"SRP229090","mouse","sra","data_sources/sra","data_sources",9
"SRP149490","mouse","sra","data_sources/sra","data_sources",16
"SRP025990","mouse","sra","data_sources/sra","data_sources",10
"SRP070690","mouse","sra","data_sources/sra","data_sources",12
"SRP021190","mouse","sra","data_sources/sra","data_sources",18
"SRP131090","mouse","sra","data_sources/sra","data_sources",6
"SRP133190","mouse","sra","data_sources/sra","data_sources",13
"SRP058590","mouse","sra","data_sources/sra","data_sources",2
"SRP192590","mouse","sra","data_sources/sra","data_sources",9
"SRP064790","mouse","sra","data_sources/sra","data_sources",14
"SRP019190","mouse","sra","data_sources/sra","data_sources",2
"SRP214290","mouse","sra","data_sources/sra","data_sources",4
"SRP179090","mouse","sra","data_sources/sra","data_sources",10
"SRP115490","mouse","sra","data_sources/sra","data_sources",12
"SRP109190","mouse","sra","data_sources/sra","data_sources",28
"SRP136890","mouse","sra","data_sources/sra","data_sources",16
"SRP051090","mouse","sra","data_sources/sra","data_sources",1
"SRP070790","mouse","sra","data_sources/sra","data_sources",17
"SRP050090","mouse","sra","data_sources/sra","data_sources",4
"SRP110690","mouse","sra","data_sources/sra","data_sources",215
"SRP151290","mouse","sra","data_sources/sra","data_sources",60
"SRP173490","mouse","sra","data_sources/sra","data_sources",36
"SRP018090","mouse","sra","data_sources/sra","data_sources",6
"SRP125090","mouse","sra","data_sources/sra","data_sources",14
"SRP017790","mouse","sra","data_sources/sra","data_sources",6
"SRP026390","mouse","sra","data_sources/sra","data_sources",4
"SRP229390","mouse","sra","data_sources/sra","data_sources",10
"SRP090590","mouse","sra","data_sources/sra","data_sources",4
"SRP132290","mouse","sra","data_sources/sra","data_sources",8
"SRP101790","mouse","sra","data_sources/sra","data_sources",25
"SRP096690","mouse","sra","data_sources/sra","data_sources",9
"SRP198390","mouse","sra","data_sources/sra","data_sources",2
"SRP125890","mouse","sra","data_sources/sra","data_sources",36
"SRP150090","mouse","sra","data_sources/sra","data_sources",6
"SRP234690","mouse","sra","data_sources/sra","data_sources",10
"SRP124290","mouse","sra","data_sources/sra","data_sources",5
"SRP052990","mouse","sra","data_sources/sra","data_sources",15
"SRP046290","mouse","sra","data_sources/sra","data_sources",78
"DRP004090","mouse","sra","data_sources/sra","data_sources",12
"SRP055190","mouse","sra","data_sources/sra","data_sources",16
"SRP117690","mouse","sra","data_sources/sra","data_sources",6
"ERP116990","mouse","sra","data_sources/sra","data_sources",12
"SRP178890","mouse","sra","data_sources/sra","data_sources",84
"SRP045890","mouse","sra","data_sources/sra","data_sources",18
"SRP053290","mouse","sra","data_sources/sra","data_sources",6
"SRP125990","mouse","sra","data_sources/sra","data_sources",6
"SRP103790","mouse","sra","data_sources/sra","data_sources",83
"SRP121190","mouse","sra","data_sources/sra","data_sources",1
"SRP110590","mouse","sra","data_sources/sra","data_sources",8
"SRP200190","mouse","sra","data_sources/sra","data_sources",71
"SRP092590","mouse","sra","data_sources/sra","data_sources",12
"SRP065590","mouse","sra","data_sources/sra","data_sources",6
"SRP108290","mouse","sra","data_sources/sra","data_sources",12
"SRP067490","mouse","sra","data_sources/sra","data_sources",12
"SRP178690","mouse","sra","data_sources/sra","data_sources",36
"SRP095890","mouse","sra","data_sources/sra","data_sources",8
"SRP105090","mouse","sra","data_sources/sra","data_sources",46
"SRP185990","mouse","sra","data_sources/sra","data_sources",4
"SRP059390","mouse","sra","data_sources/sra","data_sources",20
"SRP190890","mouse","sra","data_sources/sra","data_sources",14
"SRP189590","mouse","sra","data_sources/sra","data_sources",10
"SRP043590","mouse","sra","data_sources/sra","data_sources",12
"SRP116890","mouse","sra","data_sources/sra","data_sources",12
"SRP071090","mouse","sra","data_sources/sra","data_sources",3
"SRP212790","mouse","sra","data_sources/sra","data_sources",6
"SRP122490","mouse","sra","data_sources/sra","data_sources",6
"SRP076990","mouse","sra","data_sources/sra","data_sources",4
"SRP064190","mouse","sra","data_sources/sra","data_sources",12
"SRP039090","mouse","sra","data_sources/sra","data_sources",37
"SRP063890","mouse","sra","data_sources/sra","data_sources",24
"SRP181190","mouse","sra","data_sources/sra","data_sources",12
"SRP069790","mouse","sra","data_sources/sra","data_sources",42
"SRP167390","mouse","sra","data_sources/sra","data_sources",56
"SRP104190","mouse","sra","data_sources/sra","data_sources",16
"SRP156790","mouse","sra","data_sources/sra","data_sources",441
"ERP014590","mouse","sra","data_sources/sra","data_sources",16
"SRP216490","mouse","sra","data_sources/sra","data_sources",4
"SRP165290","mouse","sra","data_sources/sra","data_sources",12
"SRP096890","mouse","sra","data_sources/sra","data_sources",8
"SRP159090","mouse","sra","data_sources/sra","data_sources",9
"SRP098590","mouse","sra","data_sources/sra","data_sources",2
"SRP108790","mouse","sra","data_sources/sra","data_sources",36
"SRP097890","mouse","sra","data_sources/sra","data_sources",75
"SRP185890","mouse","sra","data_sources/sra","data_sources",10
"SRP149190","mouse","sra","data_sources/sra","data_sources",8
"SRP072290","mouse","sra","data_sources/sra","data_sources",6
"SRP110290","mouse","sra","data_sources/sra","data_sources",2112
"SRP020490","mouse","sra","data_sources/sra","data_sources",317
"SRP048990","mouse","sra","data_sources/sra","data_sources",30
"ERP001690","mouse","sra","data_sources/sra","data_sources",135
"SRP201690","mouse","sra","data_sources/sra","data_sources",47
"SRP228490","mouse","sra","data_sources/sra","data_sources",20
"SRP058190","mouse","sra","data_sources/sra","data_sources",13
"SRP070890","mouse","sra","data_sources/sra","data_sources",124
"SRP087890","mouse","sra","data_sources/sra","data_sources",8
"SRP010190","mouse","sra","data_sources/sra","data_sources",12
"SRP051590","mouse","sra","data_sources/sra","data_sources",4
"SRP143590","mouse","sra","data_sources/sra","data_sources",25
"SRP098690","mouse","sra","data_sources/sra","data_sources",10
"SRP160390","mouse","sra","data_sources/sra","data_sources",4
"SRP225890","mouse","sra","data_sources/sra","data_sources",32
"SRP121790","mouse","sra","data_sources/sra","data_sources",34
"SRP140490","mouse","sra","data_sources/sra","data_sources",19
"SRP158390","mouse","sra","data_sources/sra","data_sources",16
"SRP144690","mouse","sra","data_sources/sra","data_sources",8
"SRP079690","mouse","sra","data_sources/sra","data_sources",72
"SRP055528","mouse","sra","data_sources/sra","data_sources",13
"SRP109628","mouse","sra","data_sources/sra","data_sources",2
"SRP163028","mouse","sra","data_sources/sra","data_sources",2
"SRP218828","mouse","sra","data_sources/sra","data_sources",6
"SRP186228","mouse","sra","data_sources/sra","data_sources",40
"SRP075828","mouse","sra","data_sources/sra","data_sources",8
"SRP096328","mouse","sra","data_sources/sra","data_sources",12
"SRP167828","mouse","sra","data_sources/sra","data_sources",6
"ERP019828","mouse","sra","data_sources/sra","data_sources",6
"SRP187828","mouse","sra","data_sources/sra","data_sources",6
"SRP056428","mouse","sra","data_sources/sra","data_sources",6
"SRP092128","mouse","sra","data_sources/sra","data_sources",1
"SRP191228","mouse","sra","data_sources/sra","data_sources",6
"SRP127628","mouse","sra","data_sources/sra","data_sources",48
"SRP226028","mouse","sra","data_sources/sra","data_sources",12
"SRP237328","mouse","sra","data_sources/sra","data_sources",3
"SRP065028","mouse","sra","data_sources/sra","data_sources",9
"SRP190928","mouse","sra","data_sources/sra","data_sources",20
"SRP070128","mouse","sra","data_sources/sra","data_sources",16
"SRP220328","mouse","sra","data_sources/sra","data_sources",81
"SRP186328","mouse","sra","data_sources/sra","data_sources",144
"SRP060228","mouse","sra","data_sources/sra","data_sources",10
"SRP102228","mouse","sra","data_sources/sra","data_sources",10
"ERP012628","mouse","sra","data_sources/sra","data_sources",292
"SRP117328","mouse","sra","data_sources/sra","data_sources",4
"SRP168428","mouse","sra","data_sources/sra","data_sources",79
"SRP014028","mouse","sra","data_sources/sra","data_sources",3
"SRP049328","mouse","sra","data_sources/sra","data_sources",75
"SRP226828","mouse","sra","data_sources/sra","data_sources",24
"SRP120628","mouse","sra","data_sources/sra","data_sources",18
"SRP186128","mouse","sra","data_sources/sra","data_sources",6
"SRP121628","mouse","sra","data_sources/sra","data_sources",2
"SRP033628","mouse","sra","data_sources/sra","data_sources",26
"SRP149128","mouse","sra","data_sources/sra","data_sources",8
"SRP090328","mouse","sra","data_sources/sra","data_sources",73
"SRP073928","mouse","sra","data_sources/sra","data_sources",10
"SRP123628","mouse","sra","data_sources/sra","data_sources",5
"SRP233228","mouse","sra","data_sources/sra","data_sources",12
"SRP227928","mouse","sra","data_sources/sra","data_sources",6
"SRP097128","mouse","sra","data_sources/sra","data_sources",9
"SRP143528","mouse","sra","data_sources/sra","data_sources",384
"SRP073328","mouse","sra","data_sources/sra","data_sources",9
"SRP219028","mouse","sra","data_sources/sra","data_sources",15
"SRP216728","mouse","sra","data_sources/sra","data_sources",8
"SRP137728","mouse","sra","data_sources/sra","data_sources",18
"SRP190028","mouse","sra","data_sources/sra","data_sources",13
"SRP039628","mouse","sra","data_sources/sra","data_sources",12
"SRP167428","mouse","sra","data_sources/sra","data_sources",8
"SRP062428","mouse","sra","data_sources/sra","data_sources",54
"SRP052028","mouse","sra","data_sources/sra","data_sources",4
"SRP094428","mouse","sra","data_sources/sra","data_sources",8
"SRP055928","mouse","sra","data_sources/sra","data_sources",64
"SRP184528","mouse","sra","data_sources/sra","data_sources",8
"SRP218428","mouse","sra","data_sources/sra","data_sources",12
"SRP067628","mouse","sra","data_sources/sra","data_sources",4
"ERP001828","mouse","sra","data_sources/sra","data_sources",3
"SRP125028","mouse","sra","data_sources/sra","data_sources",4
"SRP187528","mouse","sra","data_sources/sra","data_sources",22
"SRP194728","mouse","sra","data_sources/sra","data_sources",8
"SRP136828","mouse","sra","data_sources/sra","data_sources",4
"SRP095528","mouse","sra","data_sources/sra","data_sources",6
"SRP109128","mouse","sra","data_sources/sra","data_sources",10
"SRP156128","mouse","sra","data_sources/sra","data_sources",4
"SRP036028","mouse","sra","data_sources/sra","data_sources",6
"SRP014628","mouse","sra","data_sources/sra","data_sources",11
"ERP112828","mouse","sra","data_sources/sra","data_sources",18
"SRP066728","mouse","sra","data_sources/sra","data_sources",61
"SRP239228","mouse","sra","data_sources/sra","data_sources",1
"DRP004228","mouse","sra","data_sources/sra","data_sources",6
"SRP014428","mouse","sra","data_sources/sra","data_sources",33
"SRP130928","mouse","sra","data_sources/sra","data_sources",12
"SRP159428","mouse","sra","data_sources/sra","data_sources",21
"ERP014128","mouse","sra","data_sources/sra","data_sources",6
"SRP234628","mouse","sra","data_sources/sra","data_sources",36
"SRP165628","mouse","sra","data_sources/sra","data_sources",6
"SRP100728","mouse","sra","data_sources/sra","data_sources",8
"SRP095728","mouse","sra","data_sources/sra","data_sources",24
"SRP133228","mouse","sra","data_sources/sra","data_sources",18
"SRP185628","mouse","sra","data_sources/sra","data_sources",2
"SRP060628","mouse","sra","data_sources/sra","data_sources",8
"SRP113528","mouse","sra","data_sources/sra","data_sources",16
"SRP131328","mouse","sra","data_sources/sra","data_sources",4
"SRP098128","mouse","sra","data_sources/sra","data_sources",24
"SRP126928","mouse","sra","data_sources/sra","data_sources",40
"SRP151028","mouse","sra","data_sources/sra","data_sources",14
"SRP173628","mouse","sra","data_sources/sra","data_sources",9
"SRP178328","mouse","sra","data_sources/sra","data_sources",6
"SRP215028","mouse","sra","data_sources/sra","data_sources",24
"SRP127228","mouse","sra","data_sources/sra","data_sources",4
"SRP105428","mouse","sra","data_sources/sra","data_sources",4
"SRP063628","mouse","sra","data_sources/sra","data_sources",74
"SRP070428","mouse","sra","data_sources/sra","data_sources",24
"SRP121128","mouse","sra","data_sources/sra","data_sources",1
"SRP096728","mouse","sra","data_sources/sra","data_sources",16
"SRP030028","mouse","sra","data_sources/sra","data_sources",6
"SRP018928","mouse","sra","data_sources/sra","data_sources",2
"SRP068928","mouse","sra","data_sources/sra","data_sources",8
"SRP045828","mouse","sra","data_sources/sra","data_sources",25
"SRP127828","mouse","sra","data_sources/sra","data_sources",60
"SRP159528","mouse","sra","data_sources/sra","data_sources",9
"SRP217722","mouse","sra","data_sources/sra","data_sources",6
"SRP171022","mouse","sra","data_sources/sra","data_sources",4
"SRP142522","mouse","sra","data_sources/sra","data_sources",6
"SRP106922","mouse","sra","data_sources/sra","data_sources",9
"SRP189722","mouse","sra","data_sources/sra","data_sources",22
"SRP093922","mouse","sra","data_sources/sra","data_sources",11
"SRP090822","mouse","sra","data_sources/sra","data_sources",12
"SRP055722","mouse","sra","data_sources/sra","data_sources",14
"SRP118722","mouse","sra","data_sources/sra","data_sources",18
"SRP106322","mouse","sra","data_sources/sra","data_sources",12
"SRP066322","mouse","sra","data_sources/sra","data_sources",151
"SRP115022","mouse","sra","data_sources/sra","data_sources",6
"SRP190122","mouse","sra","data_sources/sra","data_sources",2
"SRP090922","mouse","sra","data_sources/sra","data_sources",12
"SRP121622","mouse","sra","data_sources/sra","data_sources",26
"SRP159822","mouse","sra","data_sources/sra","data_sources",12
"SRP067322","mouse","sra","data_sources/sra","data_sources",97
"ERP107722","mouse","sra","data_sources/sra","data_sources",58
"SRP139122","mouse","sra","data_sources/sra","data_sources",6
"SRP105122","mouse","sra","data_sources/sra","data_sources",276
"SRP127722","mouse","sra","data_sources/sra","data_sources",11
"SRP103222","mouse","sra","data_sources/sra","data_sources",12
"SRP200422","mouse","sra","data_sources/sra","data_sources",6
"SRP100322","mouse","sra","data_sources/sra","data_sources",1
"SRP133622","mouse","sra","data_sources/sra","data_sources",36
"SRP152522","mouse","sra","data_sources/sra","data_sources",7
"SRP097222","mouse","sra","data_sources/sra","data_sources",12
"SRP129022","mouse","sra","data_sources/sra","data_sources",8
"SRP173822","mouse","sra","data_sources/sra","data_sources",20
"ERP109222","mouse","sra","data_sources/sra","data_sources",24
"SRP104122","mouse","sra","data_sources/sra","data_sources",12
"SRP220922","mouse","sra","data_sources/sra","data_sources",6
"SRP124622","mouse","sra","data_sources/sra","data_sources",20
"SRP103922","mouse","sra","data_sources/sra","data_sources",8
"SRP066022","mouse","sra","data_sources/sra","data_sources",2
"SRP080322","mouse","sra","data_sources/sra","data_sources",12
"ERP010622","mouse","sra","data_sources/sra","data_sources",5
"SRP062222","mouse","sra","data_sources/sra","data_sources",7
"SRP115922","mouse","sra","data_sources/sra","data_sources",6
"SRP075822","mouse","sra","data_sources/sra","data_sources",18
"SRP171222","mouse","sra","data_sources/sra","data_sources",6
"SRP090022","mouse","sra","data_sources/sra","data_sources",24
"SRP136522","mouse","sra","data_sources/sra","data_sources",6
"DRP005522","mouse","sra","data_sources/sra","data_sources",6
"SRP067022","mouse","sra","data_sources/sra","data_sources",12
"ERP006622","mouse","sra","data_sources/sra","data_sources",30
"SRP108622","mouse","sra","data_sources/sra","data_sources",32
"ERP004722","mouse","sra","data_sources/sra","data_sources",3
"SRP175022","mouse","sra","data_sources/sra","data_sources",12
"SRP045222","mouse","sra","data_sources/sra","data_sources",4
"SRP068322","mouse","sra","data_sources/sra","data_sources",5
"SRP121122","mouse","sra","data_sources/sra","data_sources",1
"SRP013622","mouse","sra","data_sources/sra","data_sources",3
"SRP033122","mouse","sra","data_sources/sra","data_sources",4
"SRP184722","mouse","sra","data_sources/sra","data_sources",24
"ERP006822","mouse","sra","data_sources/sra","data_sources",18
"SRP131222","mouse","sra","data_sources/sra","data_sources",8
"SRP044222","mouse","sra","data_sources/sra","data_sources",52
"ERP109722","mouse","sra","data_sources/sra","data_sources",200
"SRP165722","mouse","sra","data_sources/sra","data_sources",11
"SRP130922","mouse","sra","data_sources/sra","data_sources",6
"SRP055022","mouse","sra","data_sources/sra","data_sources",7
"SRP187722","mouse","sra","data_sources/sra","data_sources",73
"ERP001022","mouse","sra","data_sources/sra","data_sources",4
"SRP062722","mouse","sra","data_sources/sra","data_sources",32
"SRP095722","mouse","sra","data_sources/sra","data_sources",10
"SRP162522","mouse","sra","data_sources/sra","data_sources",6
"SRP173622","mouse","sra","data_sources/sra","data_sources",8
"SRP226422","mouse","sra","data_sources/sra","data_sources",6
"SRP059622","mouse","sra","data_sources/sra","data_sources",8
"SRP158422","mouse","sra","data_sources/sra","data_sources",40
"SRP131922","mouse","sra","data_sources/sra","data_sources",32
"SRP226622","mouse","sra","data_sources/sra","data_sources",602
"SRP168822","mouse","sra","data_sources/sra","data_sources",20
"SRP137822","mouse","sra","data_sources/sra","data_sources",2
"SRP063522","mouse","sra","data_sources/sra","data_sources",4
"SRP215922","mouse","sra","data_sources/sra","data_sources",24
"SRP079922","mouse","sra","data_sources/sra","data_sources",2
"SRP131122","mouse","sra","data_sources/sra","data_sources",15
"SRP137222","mouse","sra","data_sources/sra","data_sources",12
"SRP091722","mouse","sra","data_sources/sra","data_sources",24
"SRP181622","mouse","sra","data_sources/sra","data_sources",336
"SRP109122","mouse","sra","data_sources/sra","data_sources",3
"SRP049722","mouse","sra","data_sources/sra","data_sources",28
"SRP192522","mouse","sra","data_sources/sra","data_sources",18
"SRP106722","mouse","sra","data_sources/sra","data_sources",8
"SRP093722","mouse","sra","data_sources/sra","data_sources",574
"SRP066622","mouse","sra","data_sources/sra","data_sources",24
"SRP077522","mouse","sra","data_sources/sra","data_sources",8
"SRP126022","mouse","sra","data_sources/sra","data_sources",2
"ERP015822","mouse","sra","data_sources/sra","data_sources",240
"SRP212122","mouse","sra","data_sources/sra","data_sources",35
"SRP150322","mouse","sra","data_sources/sra","data_sources",12
"SRP163622","mouse","sra","data_sources/sra","data_sources",8
"SRP136322","mouse","sra","data_sources/sra","data_sources",19
"DRP005322","mouse","sra","data_sources/sra","data_sources",12
"SRP048622","mouse","sra","data_sources/sra","data_sources",4
"SRP188922","mouse","sra","data_sources/sra","data_sources",7
"SRP149422","mouse","sra","data_sources/sra","data_sources",48
"SRP163055","mouse","sra","data_sources/sra","data_sources",11
"SRP120555","mouse","sra","data_sources/sra","data_sources",7
"SRP059955","mouse","sra","data_sources/sra","data_sources",15
"SRP101855","mouse","sra","data_sources/sra","data_sources",16
"ERP106455","mouse","sra","data_sources/sra","data_sources",16
"SRP055555","mouse","sra","data_sources/sra","data_sources",5
"SRP094855","mouse","sra","data_sources/sra","data_sources",14
"SRP069755","mouse","sra","data_sources/sra","data_sources",4
"SRP078455","mouse","sra","data_sources/sra","data_sources",12
"SRP064155","mouse","sra","data_sources/sra","data_sources",26
"SRP187855","mouse","sra","data_sources/sra","data_sources",106
"SRP095855","mouse","sra","data_sources/sra","data_sources",18
"ERP107455","mouse","sra","data_sources/sra","data_sources",12
"SRP155755","mouse","sra","data_sources/sra","data_sources",4
"SRP010955","mouse","sra","data_sources/sra","data_sources",4
"SRP061355","mouse","sra","data_sources/sra","data_sources",16
"SRP219855","mouse","sra","data_sources/sra","data_sources",6
"SRP096355","mouse","sra","data_sources/sra","data_sources",9
"SRP123455","mouse","sra","data_sources/sra","data_sources",4
"SRP151455","mouse","sra","data_sources/sra","data_sources",45
"SRP165855","mouse","sra","data_sources/sra","data_sources",9
"SRP117955","mouse","sra","data_sources/sra","data_sources",39
"SRP075955","mouse","sra","data_sources/sra","data_sources",15
"SRP139355","mouse","sra","data_sources/sra","data_sources",18
"SRP095955","mouse","sra","data_sources/sra","data_sources",3
"SRP059255","mouse","sra","data_sources/sra","data_sources",2
"SRP119455","mouse","sra","data_sources/sra","data_sources",38
"SRP074355","mouse","sra","data_sources/sra","data_sources",13
"SRP106055","mouse","sra","data_sources/sra","data_sources",11
"SRP181055","mouse","sra","data_sources/sra","data_sources",6
"SRP129055","mouse","sra","data_sources/sra","data_sources",23
"SRP077255","mouse","sra","data_sources/sra","data_sources",12
"SRP063955","mouse","sra","data_sources/sra","data_sources",2
"ERP010755","mouse","sra","data_sources/sra","data_sources",36
"SRP133655","mouse","sra","data_sources/sra","data_sources",12
"SRP133455","mouse","sra","data_sources/sra","data_sources",9
"SRP071355","mouse","sra","data_sources/sra","data_sources",16
"SRP012155","mouse","sra","data_sources/sra","data_sources",8
"SRP143455","mouse","sra","data_sources/sra","data_sources",6
"SRP230255","mouse","sra","data_sources/sra","data_sources",24
"SRP077055","mouse","sra","data_sources/sra","data_sources",6
"SRP019455","mouse","sra","data_sources/sra","data_sources",11
"SRP074155","mouse","sra","data_sources/sra","data_sources",12
"SRP068455","mouse","sra","data_sources/sra","data_sources",22
"SRP096055","mouse","sra","data_sources/sra","data_sources",6
"SRP159855","mouse","sra","data_sources/sra","data_sources",2290
"SRP064855","mouse","sra","data_sources/sra","data_sources",16
"SRP197255","mouse","sra","data_sources/sra","data_sources",96
"SRP016955","mouse","sra","data_sources/sra","data_sources",6
"SRP091955","mouse","sra","data_sources/sra","data_sources",12
"SRP066955","mouse","sra","data_sources/sra","data_sources",4
"SRP181955","mouse","sra","data_sources/sra","data_sources",8
"SRP066855","mouse","sra","data_sources/sra","data_sources",7
"SRP041655","mouse","sra","data_sources/sra","data_sources",8
"SRP189755","mouse","sra","data_sources/sra","data_sources",12
"SRP037555","mouse","sra","data_sources/sra","data_sources",12
"SRP144655","mouse","sra","data_sources/sra","data_sources",8
"SRP136755","mouse","sra","data_sources/sra","data_sources",3
"SRP018555","mouse","sra","data_sources/sra","data_sources",24
"SRP174255","mouse","sra","data_sources/sra","data_sources",9
"SRP135655","mouse","sra","data_sources/sra","data_sources",5
"SRP129355","mouse","sra","data_sources/sra","data_sources",4
"SRP143555","mouse","sra","data_sources/sra","data_sources",12
"SRP065955","mouse","sra","data_sources/sra","data_sources",18
"SRP136955","mouse","sra","data_sources/sra","data_sources",6
"SRP042355","mouse","sra","data_sources/sra","data_sources",19
"SRP131055","mouse","sra","data_sources/sra","data_sources",10
"SRP113655","mouse","sra","data_sources/sra","data_sources",24
"SRP167455","mouse","sra","data_sources/sra","data_sources",18
"SRP151955","mouse","sra","data_sources/sra","data_sources",6
"SRP027255","mouse","sra","data_sources/sra","data_sources",8
"SRP192555","mouse","sra","data_sources/sra","data_sources",10
"SRP135255","mouse","sra","data_sources/sra","data_sources",4
"SRP224655","mouse","sra","data_sources/sra","data_sources",48
"SRP182655","mouse","sra","data_sources/sra","data_sources",37
"SRP047155","mouse","sra","data_sources/sra","data_sources",12
"SRP026255","mouse","sra","data_sources/sra","data_sources",2
"SRP220455","mouse","sra","data_sources/sra","data_sources",16
"SRP189355","mouse","sra","data_sources/sra","data_sources",7
"SRP063455","mouse","sra","data_sources/sra","data_sources",384
"SRP094555","mouse","sra","data_sources/sra","data_sources",24
"SRP076455","mouse","sra","data_sources/sra","data_sources",16
"SRP054255","mouse","sra","data_sources/sra","data_sources",7
"SRP191555","mouse","sra","data_sources/sra","data_sources",4
"SRP092655","mouse","sra","data_sources/sra","data_sources",8
"SRP152955","mouse","sra","data_sources/sra","data_sources",12
"SRP146255","mouse","sra","data_sources/sra","data_sources",20
"SRP190555","mouse","sra","data_sources/sra","data_sources",18
"SRP014655","mouse","sra","data_sources/sra","data_sources",11
"SRP131155","mouse","sra","data_sources/sra","data_sources",2
"ERP001255","mouse","sra","data_sources/sra","data_sources",13
"SRP150255","mouse","sra","data_sources/sra","data_sources",9
"SRP068855","mouse","sra","data_sources/sra","data_sources",6
"SRP018855","mouse","sra","data_sources/sra","data_sources",25
"SRP131355","mouse","sra","data_sources/sra","data_sources",18
"SRP007655","mouse","sra","data_sources/sra","data_sources",4
"SRP082755","mouse","sra","data_sources/sra","data_sources",384
"SRP057155","mouse","sra","data_sources/sra","data_sources",12
"SRP159455","mouse","sra","data_sources/sra","data_sources",48
"SRP083755","mouse","sra","data_sources/sra","data_sources",462
"SRP081655","mouse","sra","data_sources/sra","data_sources",20
"SRP096655","mouse","sra","data_sources/sra","data_sources",12
"SRP198355","mouse","sra","data_sources/sra","data_sources",30
"SRP101755","mouse","sra","data_sources/sra","data_sources",40
"SRP123055","mouse","sra","data_sources/sra","data_sources",6
"SRP121155","mouse","sra","data_sources/sra","data_sources",1
"SRP099055","mouse","sra","data_sources/sra","data_sources",8
"SRP034855","mouse","sra","data_sources/sra","data_sources",25
"SRP127255","mouse","sra","data_sources/sra","data_sources",12
"SRP068355","mouse","sra","data_sources/sra","data_sources",19
"SRP131855","mouse","sra","data_sources/sra","data_sources",24
"SRP065555","mouse","sra","data_sources/sra","data_sources",15
"SRP212955","mouse","sra","data_sources/sra","data_sources",12
"SRP091455","mouse","sra","data_sources/sra","data_sources",10
"SRP014555","mouse","sra","data_sources/sra","data_sources",8
"ERP016155","mouse","sra","data_sources/sra","data_sources",8
"SRP097755","mouse","sra","data_sources/sra","data_sources",6
"SRP155955","mouse","sra","data_sources/sra","data_sources",12
"SRP175083","mouse","sra","data_sources/sra","data_sources",4
"SRP155783","mouse","sra","data_sources/sra","data_sources",16
"SRP101283","mouse","sra","data_sources/sra","data_sources",17
"SRP120583","mouse","sra","data_sources/sra","data_sources",48
"SRP187283","mouse","sra","data_sources/sra","data_sources",1
"SRP069783","mouse","sra","data_sources/sra","data_sources",34
"SRP005283","mouse","sra","data_sources/sra","data_sources",1
"SRP011983","mouse","sra","data_sources/sra","data_sources",12
"SRP148283","mouse","sra","data_sources/sra","data_sources",128
"SRP075283","mouse","sra","data_sources/sra","data_sources",19
"SRP118483","mouse","sra","data_sources/sra","data_sources",16
"SRP078583","mouse","sra","data_sources/sra","data_sources",15
"ERP023283","mouse","sra","data_sources/sra","data_sources",8
"SRP111083","mouse","sra","data_sources/sra","data_sources",12
"SRP076283","mouse","sra","data_sources/sra","data_sources",6
"ERP015583","mouse","sra","data_sources/sra","data_sources",69
"SRP157583","mouse","sra","data_sources/sra","data_sources",5
"SRP105383","mouse","sra","data_sources/sra","data_sources",4
"SRP001983","mouse","sra","data_sources/sra","data_sources",2
"SRP052583","mouse","sra","data_sources/sra","data_sources",8
"SRP066983","mouse","sra","data_sources/sra","data_sources",24
"SRP050483","mouse","sra","data_sources/sra","data_sources",6
"SRP129883","mouse","sra","data_sources/sra","data_sources",4
"SRP162383","mouse","sra","data_sources/sra","data_sources",16
"SRP102083","mouse","sra","data_sources/sra","data_sources",10
"SRP199583","mouse","sra","data_sources/sra","data_sources",60
"SRP158883","mouse","sra","data_sources/sra","data_sources",12
"SRP048983","mouse","sra","data_sources/sra","data_sources",24
"SRP228583","mouse","sra","data_sources/sra","data_sources",43
"SRP093283","mouse","sra","data_sources/sra","data_sources",15
"SRP160883","mouse","sra","data_sources/sra","data_sources",19
"SRP170083","mouse","sra","data_sources/sra","data_sources",6
"SRP102183","mouse","sra","data_sources/sra","data_sources",6
"SRP150783","mouse","sra","data_sources/sra","data_sources",463
"SRP194283","mouse","sra","data_sources/sra","data_sources",17
"SRP111383","mouse","sra","data_sources/sra","data_sources",5
"SRP073383","mouse","sra","data_sources/sra","data_sources",6
"SRP072383","mouse","sra","data_sources/sra","data_sources",12
"ERP024283","mouse","sra","data_sources/sra","data_sources",6
"SRP071883","mouse","sra","data_sources/sra","data_sources",12
"SRP149083","mouse","sra","data_sources/sra","data_sources",12
"SRP149483","mouse","sra","data_sources/sra","data_sources",8
"SRP090683","mouse","sra","data_sources/sra","data_sources",18
"SRP135883","mouse","sra","data_sources/sra","data_sources",3
"SRP094483","mouse","sra","data_sources/sra","data_sources",6
"SRP050183","mouse","sra","data_sources/sra","data_sources",8
"SRP132183","mouse","sra","data_sources/sra","data_sources",26
"SRP185583","mouse","sra","data_sources/sra","data_sources",152
"SRP152283","mouse","sra","data_sources/sra","data_sources",4
"ERP106283","mouse","sra","data_sources/sra","data_sources",6
"SRP126083","mouse","sra","data_sources/sra","data_sources",12
"DRP004383","mouse","sra","data_sources/sra","data_sources",12
"SRP077583","mouse","sra","data_sources/sra","data_sources",4
"SRP066683","mouse","sra","data_sources/sra","data_sources",5
"SRP031883","mouse","sra","data_sources/sra","data_sources",21
"SRP135283","mouse","sra","data_sources/sra","data_sources",30
"SRP106683","mouse","sra","data_sources/sra","data_sources",4
"SRP093683","mouse","sra","data_sources/sra","data_sources",21
"SRP168283","mouse","sra","data_sources/sra","data_sources",23
"ERP007183","mouse","sra","data_sources/sra","data_sources",21
"SRP133083","mouse","sra","data_sources/sra","data_sources",3
"SRP094583","mouse","sra","data_sources/sra","data_sources",15
"DRP003183","mouse","sra","data_sources/sra","data_sources",2
"SRP191583","mouse","sra","data_sources/sra","data_sources",50
"SRP026383","mouse","sra","data_sources/sra","data_sources",2
"ERP024583","mouse","sra","data_sources/sra","data_sources",14
"SRP127383","mouse","sra","data_sources/sra","data_sources",123
"SRP070583","mouse","sra","data_sources/sra","data_sources",16
"SRP043083","mouse","sra","data_sources/sra","data_sources",12
"SRP132283","mouse","sra","data_sources/sra","data_sources",30
"SRP223683","mouse","sra","data_sources/sra","data_sources",12
"SRP221783","mouse","sra","data_sources/sra","data_sources",12
"ERP013883","mouse","sra","data_sources/sra","data_sources",24
"SRP069283","mouse","sra","data_sources/sra","data_sources",12
"SRP055083","mouse","sra","data_sources/sra","data_sources",6
"SRP049583","mouse","sra","data_sources/sra","data_sources",31
"SRP130983","mouse","sra","data_sources/sra","data_sources",12
"SRP156283","mouse","sra","data_sources/sra","data_sources",15
"ERP005383","mouse","sra","data_sources/sra","data_sources",2
"SRP109283","mouse","sra","data_sources/sra","data_sources",48
"SRP132983","mouse","sra","data_sources/sra","data_sources",6
"SRP102783","mouse","sra","data_sources/sra","data_sources",8
"SRP041083","mouse","sra","data_sources/sra","data_sources",3
"SRP121183","mouse","sra","data_sources/sra","data_sources",1
"SRP186683","mouse","sra","data_sources/sra","data_sources",34
"SRP226583","mouse","sra","data_sources/sra","data_sources",26
"SRP217183","mouse","sra","data_sources/sra","data_sources",12
"SRP108489","mouse","sra","data_sources/sra","data_sources",20
"SRP229489","mouse","sra","data_sources/sra","data_sources",53
"SRP191089","mouse","sra","data_sources/sra","data_sources",28
"SRP144689","mouse","sra","data_sources/sra","data_sources",12
"DRP003489","mouse","sra","data_sources/sra","data_sources",2
"SRP186089","mouse","sra","data_sources/sra","data_sources",8
"SRP091889","mouse","sra","data_sources/sra","data_sources",8
"SRP195289","mouse","sra","data_sources/sra","data_sources",12
"SRP111389","mouse","sra","data_sources/sra","data_sources",9
"ERP023189","mouse","sra","data_sources/sra","data_sources",12
"SRP115189","mouse","sra","data_sources/sra","data_sources",30
"SRP072989","mouse","sra","data_sources/sra","data_sources",2
"ERP118289","mouse","sra","data_sources/sra","data_sources",24
"SRP087889","mouse","sra","data_sources/sra","data_sources",12
"SRP165189","mouse","sra","data_sources/sra","data_sources",12
"SRP070989","mouse","sra","data_sources/sra","data_sources",188
"ERP106789","mouse","sra","data_sources/sra","data_sources",6
"SRP187189","mouse","sra","data_sources/sra","data_sources",232
"SRP150689","mouse","sra","data_sources/sra","data_sources",18
"SRP133489","mouse","sra","data_sources/sra","data_sources",38
"SRP090989","mouse","sra","data_sources/sra","data_sources",85
"SRP038989","mouse","sra","data_sources/sra","data_sources",6
"SRP129889","mouse","sra","data_sources/sra","data_sources",15
"SRP181889","mouse","sra","data_sources/sra","data_sources",6
"SRP222089","mouse","sra","data_sources/sra","data_sources",12
"SRP233389","mouse","sra","data_sources/sra","data_sources",360
"SRP151689","mouse","sra","data_sources/sra","data_sources",12
"SRP072289","mouse","sra","data_sources/sra","data_sources",38
"ERP000689","mouse","sra","data_sources/sra","data_sources",3
"SRP106889","mouse","sra","data_sources/sra","data_sources",51
"SRP081089","mouse","sra","data_sources/sra","data_sources",23
"SRP047489","mouse","sra","data_sources/sra","data_sources",11
"SRP116189","mouse","sra","data_sources/sra","data_sources",2
"SRP090189","mouse","sra","data_sources/sra","data_sources",1
"SRP052789","mouse","sra","data_sources/sra","data_sources",5
"SRP082989","mouse","sra","data_sources/sra","data_sources",18
"SRP211789","mouse","sra","data_sources/sra","data_sources",12
"ERP109889","mouse","sra","data_sources/sra","data_sources",24
"ERP020389","mouse","sra","data_sources/sra","data_sources",8
"SRP151489","mouse","sra","data_sources/sra","data_sources",23
"SRP114889","mouse","sra","data_sources/sra","data_sources",4
"SRP223289","mouse","sra","data_sources/sra","data_sources",16
"ERP108889","mouse","sra","data_sources/sra","data_sources",24
"SRP057589","mouse","sra","data_sources/sra","data_sources",2
"SRP049189","mouse","sra","data_sources/sra","data_sources",4
"SRP183189","mouse","sra","data_sources/sra","data_sources",12
"SRP183089","mouse","sra","data_sources/sra","data_sources",36
"ERP005789","mouse","sra","data_sources/sra","data_sources",6
"SRP096989","mouse","sra","data_sources/sra","data_sources",18
"SRP214489","mouse","sra","data_sources/sra","data_sources",12
"SRP039089","mouse","sra","data_sources/sra","data_sources",12
"SRP063889","mouse","sra","data_sources/sra","data_sources",2
"SRP083889","mouse","sra","data_sources/sra","data_sources",4
"ERP111489","mouse","sra","data_sources/sra","data_sources",6
"SRP072189","mouse","sra","data_sources/sra","data_sources",36
"SRP043589","mouse","sra","data_sources/sra","data_sources",36
"DRP005589","mouse","sra","data_sources/sra","data_sources",4
"SRP178689","mouse","sra","data_sources/sra","data_sources",24
"SRP175089","mouse","sra","data_sources/sra","data_sources",10
"SRP182089","mouse","sra","data_sources/sra","data_sources",48
"SRP102989","mouse","sra","data_sources/sra","data_sources",19
"SRP158589","mouse","sra","data_sources/sra","data_sources",38
"SRP092589","mouse","sra","data_sources/sra","data_sources",4
"SRP131889","mouse","sra","data_sources/sra","data_sources",16
"ERP024489","mouse","sra","data_sources/sra","data_sources",24
"SRP114789","mouse","sra","data_sources/sra","data_sources",6
"SRP019989","mouse","sra","data_sources/sra","data_sources",1
"SRP121189","mouse","sra","data_sources/sra","data_sources",1
"SRP173789","mouse","sra","data_sources/sra","data_sources",96
"SRP068989","mouse","sra","data_sources/sra","data_sources",8
"SRP143389","mouse","sra","data_sources/sra","data_sources",380
"SRP188189","mouse","sra","data_sources/sra","data_sources",17
"SRP102789","mouse","sra","data_sources/sra","data_sources",11
"SRP066489","mouse","sra","data_sources/sra","data_sources",28
"SRP117689","mouse","sra","data_sources/sra","data_sources",12
"ERP005289","mouse","sra","data_sources/sra","data_sources",180
"SRP115689","mouse","sra","data_sources/sra","data_sources",48
"SRP091589","mouse","sra","data_sources/sra","data_sources",8
"ERP016089","mouse","sra","data_sources/sra","data_sources",11
"SRP053389","mouse","sra","data_sources/sra","data_sources",168
"SRP125889","mouse","sra","data_sources/sra","data_sources",36
"SRP062789","mouse","sra","data_sources/sra","data_sources",6
"SRP151089","mouse","sra","data_sources/sra","data_sources",4
"SRP189089","mouse","sra","data_sources/sra","data_sources",63
"SRP096689","mouse","sra","data_sources/sra","data_sources",6
"SRP125289","mouse","sra","data_sources/sra","data_sources",6
"SRP164689","mouse","sra","data_sources/sra","data_sources",8
"SRP152989","mouse","sra","data_sources/sra","data_sources",12
"SRP125089","mouse","sra","data_sources/sra","data_sources",4
"SRP144389","mouse","sra","data_sources/sra","data_sources",136
"ERP006189","mouse","sra","data_sources/sra","data_sources",30
"SRP090789","mouse","sra","data_sources/sra","data_sources",18
"ERP002389","mouse","sra","data_sources/sra","data_sources",30
"SRP144989","mouse","sra","data_sources/sra","data_sources",23
"ERP001289","mouse","sra","data_sources/sra","data_sources",120
"SRP021089","mouse","sra","data_sources/sra","data_sources",6
"ERP010189","mouse","sra","data_sources/sra","data_sources",8
"SRP042289","mouse","sra","data_sources/sra","data_sources",8
"SRP053189","mouse","sra","data_sources/sra","data_sources",4
"SRP199189","mouse","sra","data_sources/sra","data_sources",15
"SRP192489","mouse","sra","data_sources/sra","data_sources",30
"SRP225789","mouse","sra","data_sources/sra","data_sources",24
"SRP148489","mouse","sra","data_sources/sra","data_sources",10
"SRP041889","mouse","sra","data_sources/sra","data_sources",2
"SRP069189","mouse","sra","data_sources/sra","data_sources",3
"ERP118689","mouse","sra","data_sources/sra","data_sources",18
"ERP001389","mouse","sra","data_sources/sra","data_sources",18
"SRP119989","mouse","sra","data_sources/sra","data_sources",16
"SRP133189","mouse","sra","data_sources/sra","data_sources",5
"SRP201389","mouse","sra","data_sources/sra","data_sources",24
"SRP173589","mouse","sra","data_sources/sra","data_sources",16
"SRP076589","mouse","sra","data_sources/sra","data_sources",6
"ERP001989","mouse","sra","data_sources/sra","data_sources",84
"SRP179667","mouse","sra","data_sources/sra","data_sources",6
"SRP166867","mouse","sra","data_sources/sra","data_sources",8
"SRP059967","mouse","sra","data_sources/sra","data_sources",8
"SRP035667","mouse","sra","data_sources/sra","data_sources",37
"SRP119567","mouse","sra","data_sources/sra","data_sources",2
"SRP009467","mouse","sra","data_sources/sra","data_sources",2
"SRP090067","mouse","sra","data_sources/sra","data_sources",31
"SRP067167","mouse","sra","data_sources/sra","data_sources",12
"ERP017467","mouse","sra","data_sources/sra","data_sources",36
"ERP105467","mouse","sra","data_sources/sra","data_sources",12
"SRP235267","mouse","sra","data_sources/sra","data_sources",4
"SRP193267","mouse","sra","data_sources/sra","data_sources",13
"ERP019967","mouse","sra","data_sources/sra","data_sources",6
"SRP028867","mouse","sra","data_sources/sra","data_sources",28
"SRP151467","mouse","sra","data_sources/sra","data_sources",12
"SRP022767","mouse","sra","data_sources/sra","data_sources",4
"SRP099567","mouse","sra","data_sources/sra","data_sources",8
"SRP131767","mouse","sra","data_sources/sra","data_sources",14
"DRP000667","mouse","sra","data_sources/sra","data_sources",1
"SRP159067","mouse","sra","data_sources/sra","data_sources",83
"SRP082367","mouse","sra","data_sources/sra","data_sources",12
"SRP049167","mouse","sra","data_sources/sra","data_sources",12
"SRP104167","mouse","sra","data_sources/sra","data_sources",24
"SRP091367","mouse","sra","data_sources/sra","data_sources",17
"SRP109567","mouse","sra","data_sources/sra","data_sources",4
"SRP034567","mouse","sra","data_sources/sra","data_sources",2
"SRP095167","mouse","sra","data_sources/sra","data_sources",9
"DRP000467","mouse","sra","data_sources/sra","data_sources",2
"SRP221167","mouse","sra","data_sources/sra","data_sources",12
"SRP048967","mouse","sra","data_sources/sra","data_sources",8
"SRP041767","mouse","sra","data_sources/sra","data_sources",12
"SRP119667","mouse","sra","data_sources/sra","data_sources",13
"SRP218167","mouse","sra","data_sources/sra","data_sources",1475
"SRP125467","mouse","sra","data_sources/sra","data_sources",2
"SRP158267","mouse","sra","data_sources/sra","data_sources",21
"SRP105267","mouse","sra","data_sources/sra","data_sources",2
"SRP081167","mouse","sra","data_sources/sra","data_sources",9
"SRP166067","mouse","sra","data_sources/sra","data_sources",12
"SRP026667","mouse","sra","data_sources/sra","data_sources",25
"SRP131467","mouse","sra","data_sources/sra","data_sources",4
"SRP097167","mouse","sra","data_sources/sra","data_sources",2
"SRP170067","mouse","sra","data_sources/sra","data_sources",6
"SRP163267","mouse","sra","data_sources/sra","data_sources",2688
"SRP137767","mouse","sra","data_sources/sra","data_sources",4
"SRP091667","mouse","sra","data_sources/sra","data_sources",4
"SRP043967","mouse","sra","data_sources/sra","data_sources",30
"SRP007567","mouse","sra","data_sources/sra","data_sources",37
"SRP049667","mouse","sra","data_sources/sra","data_sources",6
"SRP150367","mouse","sra","data_sources/sra","data_sources",5
"SRP060567","mouse","sra","data_sources/sra","data_sources",6
"ERP023567","mouse","sra","data_sources/sra","data_sources",36
"SRP094467","mouse","sra","data_sources/sra","data_sources",8
"SRP033367","mouse","sra","data_sources/sra","data_sources",32
"SRP000667","mouse","sra","data_sources/sra","data_sources",2
"SRP065767","mouse","sra","data_sources/sra","data_sources",30
"SRP158767","mouse","sra","data_sources/sra","data_sources",3
"SRP056267","mouse","sra","data_sources/sra","data_sources",7
"SRP182667","mouse","sra","data_sources/sra","data_sources",72
"SRP108067","mouse","sra","data_sources/sra","data_sources",4
"SRP067667","mouse","sra","data_sources/sra","data_sources",6
"SRP191467","mouse","sra","data_sources/sra","data_sources",9
"SRP149567","mouse","sra","data_sources/sra","data_sources",6
"SRP151267","mouse","sra","data_sources/sra","data_sources",7
"SRP063567","mouse","sra","data_sources/sra","data_sources",16
"SRP094567","mouse","sra","data_sources/sra","data_sources",30
"SRP070767","mouse","sra","data_sources/sra","data_sources",96
"SRP217867","mouse","sra","data_sources/sra","data_sources",18
"SRP133067","mouse","sra","data_sources/sra","data_sources",4
"SRP062567","mouse","sra","data_sources/sra","data_sources",6
"SRP117567","mouse","sra","data_sources/sra","data_sources",12
"SRP069067","mouse","sra","data_sources/sra","data_sources",15
"SRP126167","mouse","sra","data_sources/sra","data_sources",140
"SRP077667","mouse","sra","data_sources/sra","data_sources",21
"SRP075767","mouse","sra","data_sources/sra","data_sources",4
"ERP115367","mouse","sra","data_sources/sra","data_sources",12
"SRP133267","mouse","sra","data_sources/sra","data_sources",12
"SRP155867","mouse","sra","data_sources/sra","data_sources",6
"SRP201067","mouse","sra","data_sources/sra","data_sources",6
"SRP042067","mouse","sra","data_sources/sra","data_sources",6
"SRP060667","mouse","sra","data_sources/sra","data_sources",24
"DRP002367","mouse","sra","data_sources/sra","data_sources",4
"SRP126967","mouse","sra","data_sources/sra","data_sources",5
"SRP200067","mouse","sra","data_sources/sra","data_sources",2
"SRP108367","mouse","sra","data_sources/sra","data_sources",6
"SRP212867","mouse","sra","data_sources/sra","data_sources",44
"SRP127367","mouse","sra","data_sources/sra","data_sources",11
"SRP026167","mouse","sra","data_sources/sra","data_sources",4
"SRP178267","mouse","sra","data_sources/sra","data_sources",8
"SRP164767","mouse","sra","data_sources/sra","data_sources",4
"SRP119167","mouse","sra","data_sources/sra","data_sources",18
"SRP101667","mouse","sra","data_sources/sra","data_sources",20
"SRP142367","mouse","sra","data_sources/sra","data_sources",12
"SRP121167","mouse","sra","data_sources/sra","data_sources",1
"SRP087467","mouse","sra","data_sources/sra","data_sources",6
"SRP061767","mouse","sra","data_sources/sra","data_sources",4
"SRP125967","mouse","sra","data_sources/sra","data_sources",2
"ERP116967","mouse","sra","data_sources/sra","data_sources",12
"SRP095667","mouse","sra","data_sources/sra","data_sources",1
"SRP109267","mouse","sra","data_sources/sra","data_sources",28
"SRP117667","mouse","sra","data_sources/sra","data_sources",16
"SRP075667","mouse","sra","data_sources/sra","data_sources",16
"SRP145067","mouse","sra","data_sources/sra","data_sources",36
"SRP007510","mouse","sra","data_sources/sra","data_sources",12
"SRP095410","mouse","sra","data_sources/sra","data_sources",4
"SRP062410","mouse","sra","data_sources/sra","data_sources",16
"SRP150310","mouse","sra","data_sources/sra","data_sources",12
"SRP071610","mouse","sra","data_sources/sra","data_sources",12
"SRP221410","mouse","sra","data_sources/sra","data_sources",10
"SRP112610","mouse","sra","data_sources/sra","data_sources",15
"SRP121310","mouse","sra","data_sources/sra","data_sources",9
"DRP001110","mouse","sra","data_sources/sra","data_sources",1
"SRP132110","mouse","sra","data_sources/sra","data_sources",11
"SRP119310","mouse","sra","data_sources/sra","data_sources",6
"SRP040810","mouse","sra","data_sources/sra","data_sources",4
"SRP032810","mouse","sra","data_sources/sra","data_sources",2
"SRP038710","mouse","sra","data_sources/sra","data_sources",2
"SRP098910","mouse","sra","data_sources/sra","data_sources",8
"SRP182710","mouse","sra","data_sources/sra","data_sources",12
"SRP078910","mouse","sra","data_sources/sra","data_sources",5
"SRP131110","mouse","sra","data_sources/sra","data_sources",8
"SRP079910","mouse","sra","data_sources/sra","data_sources",4
"SRP046010","mouse","sra","data_sources/sra","data_sources",4
"SRP064610","mouse","sra","data_sources/sra","data_sources",4
"SRP069010","mouse","sra","data_sources/sra","data_sources",30
"SRP179110","mouse","sra","data_sources/sra","data_sources",6
"SRP028610","mouse","sra","data_sources/sra","data_sources",6
"SRP176410","mouse","sra","data_sources/sra","data_sources",12
"SRP019210","mouse","sra","data_sources/sra","data_sources",2
"SRP109310","mouse","sra","data_sources/sra","data_sources",8
"SRP016510","mouse","sra","data_sources/sra","data_sources",26
"SRP111410","mouse","sra","data_sources/sra","data_sources",2
"SRP221710","mouse","sra","data_sources/sra","data_sources",13
"SRP153110","mouse","sra","data_sources/sra","data_sources",2
"SRP213210","mouse","sra","data_sources/sra","data_sources",24
"ERP013210","mouse","sra","data_sources/sra","data_sources",5
"SRP173610","mouse","sra","data_sources/sra","data_sources",5
"SRP059610","mouse","sra","data_sources/sra","data_sources",8
"SRP076610","mouse","sra","data_sources/sra","data_sources",25
"SRP090510","mouse","sra","data_sources/sra","data_sources",6
"ERP012910","mouse","sra","data_sources/sra","data_sources",27
"SRP076710","mouse","sra","data_sources/sra","data_sources",46
"SRP056010","mouse","sra","data_sources/sra","data_sources",3
"SRP013610","mouse","sra","data_sources/sra","data_sources",9
"SRP189110","mouse","sra","data_sources/sra","data_sources",13
"SRP097710","mouse","sra","data_sources/sra","data_sources",8
"ERP111010","mouse","sra","data_sources/sra","data_sources",6
"SRP060710","mouse","sra","data_sources/sra","data_sources",12
"SRP148610","mouse","sra","data_sources/sra","data_sources",6
"DRP003810","mouse","sra","data_sources/sra","data_sources",39
"SRP159510","mouse","sra","data_sources/sra","data_sources",4
"SRP198810","mouse","sra","data_sources/sra","data_sources",576
"SRP069310","mouse","sra","data_sources/sra","data_sources",2
"SRP028710","mouse","sra","data_sources/sra","data_sources",4
"SRP222910","mouse","sra","data_sources/sra","data_sources",6
"SRP115310","mouse","sra","data_sources/sra","data_sources",39
"SRP228610","mouse","sra","data_sources/sra","data_sources",12
"SRP174010","mouse","sra","data_sources/sra","data_sources",18
"SRP051710","mouse","sra","data_sources/sra","data_sources",20
"SRP062210","mouse","sra","data_sources/sra","data_sources",8
"SRP152410","mouse","sra","data_sources/sra","data_sources",34
"SRP187210","mouse","sra","data_sources/sra","data_sources",8
"SRP059910","mouse","sra","data_sources/sra","data_sources",3
"SRP160110","mouse","sra","data_sources/sra","data_sources",10
"SRP157610","mouse","sra","data_sources/sra","data_sources",6
"SRP170810","mouse","sra","data_sources/sra","data_sources",15
"SRP136410","mouse","sra","data_sources/sra","data_sources",25
"SRP090110","mouse","sra","data_sources/sra","data_sources",574
"SRP017110","mouse","sra","data_sources/sra","data_sources",24
"ERP023810","mouse","sra","data_sources/sra","data_sources",6
"SRP182110","mouse","sra","data_sources/sra","data_sources",7
"SRP173210","mouse","sra","data_sources/sra","data_sources",7
"SRP121410","mouse","sra","data_sources/sra","data_sources",76
"SRP186310","mouse","sra","data_sources/sra","data_sources",12
"SRP122510","mouse","sra","data_sources/sra","data_sources",4
"SRP150410","mouse","sra","data_sources/sra","data_sources",12
"ERP115710","mouse","sra","data_sources/sra","data_sources",10
"SRP117310","mouse","sra","data_sources/sra","data_sources",4
"SRP063910","mouse","sra","data_sources/sra","data_sources",6
"SRP181010","mouse","sra","data_sources/sra","data_sources",2
"DRP004610","mouse","sra","data_sources/sra","data_sources",6
"SRP115010","mouse","sra","data_sources/sra","data_sources",43
"SRP156510","mouse","sra","data_sources/sra","data_sources",6
"SRP066910","mouse","sra","data_sources/sra","data_sources",18
"SRP127510","mouse","sra","data_sources/sra","data_sources",18
"SRP018510","mouse","sra","data_sources/sra","data_sources",12
"SRP218010","mouse","sra","data_sources/sra","data_sources",15
"SRP107310","mouse","sra","data_sources/sra","data_sources",6
"SRP123610","mouse","sra","data_sources/sra","data_sources",6
"SRP181910","mouse","sra","data_sources/sra","data_sources",25
"SRP189710","mouse","sra","data_sources/sra","data_sources",6
"SRP113210","mouse","sra","data_sources/sra","data_sources",32
"SRP133510","mouse","sra","data_sources/sra","data_sources",32
"SRP073310","mouse","sra","data_sources/sra","data_sources",8
"SRP064310","mouse","sra","data_sources/sra","data_sources",16
"ERP115410","mouse","sra","data_sources/sra","data_sources",21
"SRP174210","mouse","sra","data_sources/sra","data_sources",192
"SRP066320","mouse","sra","data_sources/sra","data_sources",139
"SRP058020","mouse","sra","data_sources/sra","data_sources",64
"SRP057720","mouse","sra","data_sources/sra","data_sources",46
"SRP106220","mouse","sra","data_sources/sra","data_sources",4
"SRP107220","mouse","sra","data_sources/sra","data_sources",18
"SRP125420","mouse","sra","data_sources/sra","data_sources",8
"SRP068420","mouse","sra","data_sources/sra","data_sources",9
"SRP111820","mouse","sra","data_sources/sra","data_sources",9
"SRP136620","mouse","sra","data_sources/sra","data_sources",6
"SRP090320","mouse","sra","data_sources/sra","data_sources",4
"SRP094120","mouse","sra","data_sources/sra","data_sources",8
"SRP014920","mouse","sra","data_sources/sra","data_sources",9
"SRP151720","mouse","sra","data_sources/sra","data_sources",8
"SRP198420","mouse","sra","data_sources/sra","data_sources",23
"SRP106920","mouse","sra","data_sources/sra","data_sources",6
"SRP064920","mouse","sra","data_sources/sra","data_sources",6
"DRP005720","mouse","sra","data_sources/sra","data_sources",18
"SRP068520","mouse","sra","data_sources/sra","data_sources",64
"SRP125520","mouse","sra","data_sources/sra","data_sources",17
"SRP116020","mouse","sra","data_sources/sra","data_sources",43
"SRP108420","mouse","sra","data_sources/sra","data_sources",12
"SRP235120","mouse","sra","data_sources/sra","data_sources",20
"SRP035420","mouse","sra","data_sources/sra","data_sources",10
"SRP124520","mouse","sra","data_sources/sra","data_sources",24
"SRP115120","mouse","sra","data_sources/sra","data_sources",6
"SRP080120","mouse","sra","data_sources/sra","data_sources",2
"SRP170020","mouse","sra","data_sources/sra","data_sources",10
"SRP133520","mouse","sra","data_sources/sra","data_sources",13
"SRP062020","mouse","sra","data_sources/sra","data_sources",2
"SRP113020","mouse","sra","data_sources/sra","data_sources",6
"SRP078420","mouse","sra","data_sources/sra","data_sources",227
"SRP115320","mouse","sra","data_sources/sra","data_sources",15
"SRP034620","mouse","sra","data_sources/sra","data_sources",16
"SRP225020","mouse","sra","data_sources/sra","data_sources",4
"SRP169520","mouse","sra","data_sources/sra","data_sources",18
"SRP190820","mouse","sra","data_sources/sra","data_sources",5
"SRP072120","mouse","sra","data_sources/sra","data_sources",10
"SRP063320","mouse","sra","data_sources/sra","data_sources",4
"SRP219920","mouse","sra","data_sources/sra","data_sources",9
"SRP106020","mouse","sra","data_sources/sra","data_sources",2
"SRP165220","mouse","sra","data_sources/sra","data_sources",22
"SRP129020","mouse","sra","data_sources/sra","data_sources",52
"SRP188420","mouse","sra","data_sources/sra","data_sources",4
"SRP095320","mouse","sra","data_sources/sra","data_sources",22
"SRP178920","mouse","sra","data_sources/sra","data_sources",14
"SRP125820","mouse","sra","data_sources/sra","data_sources",14
"SRP230420","mouse","sra","data_sources/sra","data_sources",84
"SRP132820","mouse","sra","data_sources/sra","data_sources",8
"SRP064420","mouse","sra","data_sources/sra","data_sources",12
"SRP075720","mouse","sra","data_sources/sra","data_sources",384
"SRP216020","mouse","sra","data_sources/sra","data_sources",10
"SRP125220","mouse","sra","data_sources/sra","data_sources",3
"SRP131920","mouse","sra","data_sources/sra","data_sources",16
"SRP218720","mouse","sra","data_sources/sra","data_sources",6
"SRP124820","mouse","sra","data_sources/sra","data_sources",20
"SRP061620","mouse","sra","data_sources/sra","data_sources",4
"SRP186720","mouse","sra","data_sources/sra","data_sources",24
"SRP072420","mouse","sra","data_sources/sra","data_sources",6
"SRP033020","mouse","sra","data_sources/sra","data_sources",2
"SRP173620","mouse","sra","data_sources/sra","data_sources",6
"ERP013320","mouse","sra","data_sources/sra","data_sources",224
"SRP198220","mouse","sra","data_sources/sra","data_sources",7
"SRP124920","mouse","sra","data_sources/sra","data_sources",12
"SRP121120","mouse","sra","data_sources/sra","data_sources",1
"SRP144020","mouse","sra","data_sources/sra","data_sources",13
"SRP021920","mouse","sra","data_sources/sra","data_sources",6
"SRP164720","mouse","sra","data_sources/sra","data_sources",4
"ERP114220","mouse","sra","data_sources/sra","data_sources",5
"SRP158520","mouse","sra","data_sources/sra","data_sources",10
"SRP065520","mouse","sra","data_sources/sra","data_sources",2
"SRP049420","mouse","sra","data_sources/sra","data_sources",6
"DRP003820","mouse","sra","data_sources/sra","data_sources",4
"SRP106520","mouse","sra","data_sources/sra","data_sources",6
"SRP066420","mouse","sra","data_sources/sra","data_sources",36
"SRP044220","mouse","sra","data_sources/sra","data_sources",18
"SRP095620","mouse","sra","data_sources/sra","data_sources",60
"SRP111520","mouse","sra","data_sources/sra","data_sources",132
"SRP100420","mouse","sra","data_sources/sra","data_sources",7
"SRP111720","mouse","sra","data_sources/sra","data_sources",384
"SRP104620","mouse","sra","data_sources/sra","data_sources",10
"SRP009220","mouse","sra","data_sources/sra","data_sources",9
"SRP017620","mouse","sra","data_sources/sra","data_sources",8
"SRP008820","mouse","sra","data_sources/sra","data_sources",2
"SRP121320","mouse","sra","data_sources/sra","data_sources",6
"DRP001120","mouse","sra","data_sources/sra","data_sources",5
"SRP033220","mouse","sra","data_sources/sra","data_sources",30
"SRP137820","mouse","sra","data_sources/sra","data_sources",6
"SRP118820","mouse","sra","data_sources/sra","data_sources",42
"SRP121220","mouse","sra","data_sources/sra","data_sources",4
"DRP003120","mouse","sra","data_sources/sra","data_sources",2
"SRP155020","mouse","sra","data_sources/sra","data_sources",535
"SRP076420","mouse","sra","data_sources/sra","data_sources",13
"SRP164420","mouse","sra","data_sources/sra","data_sources",5
"SRP182720","mouse","sra","data_sources/sra","data_sources",8
"SRP092620","mouse","sra","data_sources/sra","data_sources",6
"SRP153920","mouse","sra","data_sources/sra","data_sources",16
"SRP082520","mouse","sra","data_sources/sra","data_sources",9
"ERP109420","mouse","sra","data_sources/sra","data_sources",12
"SRP044120","mouse","sra","data_sources/sra","data_sources",5
"SRP161620","mouse","sra","data_sources/sra","data_sources",63
"SRP199120","mouse","sra","data_sources/sra","data_sources",8
"SRP215920","mouse","sra","data_sources/sra","data_sources",4
"SRP149357","mouse","sra","data_sources/sra","data_sources",72
"SRP172857","mouse","sra","data_sources/sra","data_sources",6
"SRP191357","mouse","sra","data_sources/sra","data_sources",20
"SRP142657","mouse","sra","data_sources/sra","data_sources",6
"SRP184257","mouse","sra","data_sources/sra","data_sources",4
"ERP113457","mouse","sra","data_sources/sra","data_sources",12
"SRP139957","mouse","sra","data_sources/sra","data_sources",12
"SRP149957","mouse","sra","data_sources/sra","data_sources",18
"SRP193857","mouse","sra","data_sources/sra","data_sources",13
"SRP126757","mouse","sra","data_sources/sra","data_sources",4
"SRP082357","mouse","sra","data_sources/sra","data_sources",16
"SRP186857","mouse","sra","data_sources/sra","data_sources",12
"SRP147557","mouse","sra","data_sources/sra","data_sources",10
"SRP019757","mouse","sra","data_sources/sra","data_sources",44
"SRP014157","mouse","sra","data_sources/sra","data_sources",5
"SRP078457","mouse","sra","data_sources/sra","data_sources",12
"SRP145457","mouse","sra","data_sources/sra","data_sources",12
"SRP059957","mouse","sra","data_sources/sra","data_sources",4
"ERP111457","mouse","sra","data_sources/sra","data_sources",2
"SRP237857","mouse","sra","data_sources/sra","data_sources",2
"SRP166857","mouse","sra","data_sources/sra","data_sources",12
"SRP073157","mouse","sra","data_sources/sra","data_sources",4
"SRP173357","mouse","sra","data_sources/sra","data_sources",14
"SRP142757","mouse","sra","data_sources/sra","data_sources",6
"SRP155757","mouse","sra","data_sources/sra","data_sources",18
"SRP187857","mouse","sra","data_sources/sra","data_sources",6
"SRP094057","mouse","sra","data_sources/sra","data_sources",10
"SRP133557","mouse","sra","data_sources/sra","data_sources",9
"SRP107957","mouse","sra","data_sources/sra","data_sources",15
"SRP064357","mouse","sra","data_sources/sra","data_sources",21
"SRP008657","mouse","sra","data_sources/sra","data_sources",2
"SRP135657","mouse","sra","data_sources/sra","data_sources",9
"SRP216757","mouse","sra","data_sources/sra","data_sources",64
"SRP049257","mouse","sra","data_sources/sra","data_sources",48
"SRP216657","mouse","sra","data_sources/sra","data_sources",6
"ERP109057","mouse","sra","data_sources/sra","data_sources",28
"SRP162957","mouse","sra","data_sources/sra","data_sources",6
"SRP230257","mouse","sra","data_sources/sra","data_sources",2642
"SRP221157","mouse","sra","data_sources/sra","data_sources",8
"SRP095157","mouse","sra","data_sources/sra","data_sources",3
"SRP033657","mouse","sra","data_sources/sra","data_sources",8
"SRP014857","mouse","sra","data_sources/sra","data_sources",2
"SRP041757","mouse","sra","data_sources/sra","data_sources",3
"SRP039957","mouse","sra","data_sources/sra","data_sources",4
"SRP110257","mouse","sra","data_sources/sra","data_sources",12
"SRP064857","mouse","sra","data_sources/sra","data_sources",18
"SRP175357","mouse","sra","data_sources/sra","data_sources",8
"SRP054257","mouse","sra","data_sources/sra","data_sources",6
"SRP055857","mouse","sra","data_sources/sra","data_sources",6
"SRP101557","mouse","sra","data_sources/sra","data_sources",6
"SRP062557","mouse","sra","data_sources/sra","data_sources",4
"SRP133057","mouse","sra","data_sources/sra","data_sources",17
"SRP113757","mouse","sra","data_sources/sra","data_sources",15
"SRP069057","mouse","sra","data_sources/sra","data_sources",10
"SRP126157","mouse","sra","data_sources/sra","data_sources",17
"SRP075457","mouse","sra","data_sources/sra","data_sources",4
"ERP110857","mouse","sra","data_sources/sra","data_sources",14
"SRP031857","mouse","sra","data_sources/sra","data_sources",9
"SRP126057","mouse","sra","data_sources/sra","data_sources",9
"SRP036157","mouse","sra","data_sources/sra","data_sources",4
"SRP221457","mouse","sra","data_sources/sra","data_sources",6
"SRP100457","mouse","sra","data_sources/sra","data_sources",5
"SRP110757","mouse","sra","data_sources/sra","data_sources",11
"SRP076557","mouse","sra","data_sources/sra","data_sources",24
"SRP152857","mouse","sra","data_sources/sra","data_sources",2
"SRP035257","mouse","sra","data_sources/sra","data_sources",5
"SRP108257","mouse","sra","data_sources/sra","data_sources",16
"SRP149657","mouse","sra","data_sources/sra","data_sources",6
"SRP045257","mouse","sra","data_sources/sra","data_sources",6
"SRP197557","mouse","sra","data_sources/sra","data_sources",28
"SRP061757","mouse","sra","data_sources/sra","data_sources",24
"SRP121157","mouse","sra","data_sources/sra","data_sources",1
"SRP094657","mouse","sra","data_sources/sra","data_sources",12
"SRP167657","mouse","sra","data_sources/sra","data_sources",6
"SRP078057","mouse","sra","data_sources/sra","data_sources",6
"SRP028757","mouse","sra","data_sources/sra","data_sources",4
"SRP075657","mouse","sra","data_sources/sra","data_sources",9
"SRP046257","mouse","sra","data_sources/sra","data_sources",12
"SRP082757","mouse","sra","data_sources/sra","data_sources",383
"SRP057157","mouse","sra","data_sources/sra","data_sources",12
"SRP117757","mouse","sra","data_sources/sra","data_sources",8
"ERP106157","mouse","sra","data_sources/sra","data_sources",12
"SRP176457","mouse","sra","data_sources/sra","data_sources",16
"SRP060657","mouse","sra","data_sources/sra","data_sources",12
"SRP212257","mouse","sra","data_sources/sra","data_sources",12
"SRP108957","mouse","sra","data_sources/sra","data_sources",6
"SRP062757","mouse","sra","data_sources/sra","data_sources",4
"SRP045957","mouse","sra","data_sources/sra","data_sources",5
"SRP150057","mouse","sra","data_sources/sra","data_sources",90
"SRP072457","mouse","sra","data_sources/sra","data_sources",12
"SRP154857","mouse","sra","data_sources/sra","data_sources",9
"SRP121057","mouse","sra","data_sources/sra","data_sources",4
"SRP153157","mouse","sra","data_sources/sra","data_sources",53
"SRP074757","mouse","sra","data_sources/sra","data_sources",768
"SRP126581","mouse","sra","data_sources/sra","data_sources",12
"SRP091381","mouse","sra","data_sources/sra","data_sources",6
"SRP228581","mouse","sra","data_sources/sra","data_sources",40
"SRP072881","mouse","sra","data_sources/sra","data_sources",12
"SRP148181","mouse","sra","data_sources/sra","data_sources",20
"SRP159281","mouse","sra","data_sources/sra","data_sources",16
"SRP073281","mouse","sra","data_sources/sra","data_sources",6
"ERP113681","mouse","sra","data_sources/sra","data_sources",70
"SRP133481","mouse","sra","data_sources/sra","data_sources",15
"SRP122781","mouse","sra","data_sources/sra","data_sources",8
"SRP107881","mouse","sra","data_sources/sra","data_sources",6
"SRP096081","mouse","sra","data_sources/sra","data_sources",4
"SRP142481","mouse","sra","data_sources/sra","data_sources",36
"SRP050481","mouse","sra","data_sources/sra","data_sources",12
"SRP065281","mouse","sra","data_sources/sra","data_sources",8
"SRP047481","mouse","sra","data_sources/sra","data_sources",7
"ERP015781","mouse","sra","data_sources/sra","data_sources",192
"SRP178581","mouse","sra","data_sources/sra","data_sources",18
"SRP081081","mouse","sra","data_sources/sra","data_sources",64
"SRP079681","mouse","sra","data_sources/sra","data_sources",2
"SRP166081","mouse","sra","data_sources/sra","data_sources",15
"SRP090281","mouse","sra","data_sources/sra","data_sources",6
"SRP127481","mouse","sra","data_sources/sra","data_sources",2
"SRP111981","mouse","sra","data_sources/sra","data_sources",14
"SRP149081","mouse","sra","data_sources/sra","data_sources",96
"SRP064981","mouse","sra","data_sources/sra","data_sources",12
"SRP221081","mouse","sra","data_sources/sra","data_sources",9
"SRP170081","mouse","sra","data_sources/sra","data_sources",4
"SRP131481","mouse","sra","data_sources/sra","data_sources",6
"SRP106381","mouse","sra","data_sources/sra","data_sources",48
"SRP162881","mouse","sra","data_sources/sra","data_sources",2
"SRP110981","mouse","sra","data_sources/sra","data_sources",32
"SRP214481","mouse","sra","data_sources/sra","data_sources",672
"SRP011981","mouse","sra","data_sources/sra","data_sources",12
"SRP148281","mouse","sra","data_sources/sra","data_sources",96
"ERP005781","mouse","sra","data_sources/sra","data_sources",8
"SRP133781","mouse","sra","data_sources/sra","data_sources",29
"SRP191881","mouse","sra","data_sources/sra","data_sources",6
"ERP012781","mouse","sra","data_sources/sra","data_sources",22
"ERP111481","mouse","sra","data_sources/sra","data_sources",22
"SRP161181","mouse","sra","data_sources/sra","data_sources",18
"SRP075881","mouse","sra","data_sources/sra","data_sources",2
"SRP061381","mouse","sra","data_sources/sra","data_sources",4
"SRP231181","mouse","sra","data_sources/sra","data_sources",8
"SRP186281","mouse","sra","data_sources/sra","data_sources",9
"SRP101281","mouse","sra","data_sources/sra","data_sources",12
"SRP167881","mouse","sra","data_sources/sra","data_sources",11
"SRP173381","mouse","sra","data_sources/sra","data_sources",24
"SRP151581","mouse","sra","data_sources/sra","data_sources",8
"SRP175081","mouse","sra","data_sources/sra","data_sources",8
"SRP136581","mouse","sra","data_sources/sra","data_sources",6
"SRP127681","mouse","sra","data_sources/sra","data_sources",18
"SRP105081","mouse","sra","data_sources/sra","data_sources",17
"SRP100881","mouse","sra","data_sources/sra","data_sources",34
"SRP108781","mouse","sra","data_sources/sra","data_sources",8
"SRP158081","mouse","sra","data_sources/sra","data_sources",882
"SRP222281","mouse","sra","data_sources/sra","data_sources",17
"SRP151481","mouse","sra","data_sources/sra","data_sources",30
"SRP200481","mouse","sra","data_sources/sra","data_sources",15
"SRP073081","mouse","sra","data_sources/sra","data_sources",8
"SRP145581","mouse","sra","data_sources/sra","data_sources",2
"SRP027581","mouse","sra","data_sources/sra","data_sources",2
"SRP176481","mouse","sra","data_sources/sra","data_sources",48
"SRP044381","mouse","sra","data_sources/sra","data_sources",12
"SRP091581","mouse","sra","data_sources/sra","data_sources",6
"SRP174581","mouse","sra","data_sources/sra","data_sources",8
"SRP223681","mouse","sra","data_sources/sra","data_sources",8
"SRP100781","mouse","sra","data_sources/sra","data_sources",23
"ERP113081","mouse","sra","data_sources/sra","data_sources",16
"SRP070581","mouse","sra","data_sources/sra","data_sources",17
"SRP089881","mouse","sra","data_sources/sra","data_sources",12
"SRP092481","mouse","sra","data_sources/sra","data_sources",12
"ERP024581","mouse","sra","data_sources/sra","data_sources",12
"SRP166781","mouse","sra","data_sources/sra","data_sources",30
"SRP136181","mouse","sra","data_sources/sra","data_sources",12
"ERP116381","mouse","sra","data_sources/sra","data_sources",2188
"SRP076781","mouse","sra","data_sources/sra","data_sources",6
"SRP125381","mouse","sra","data_sources/sra","data_sources",2
"ERP013381","mouse","sra","data_sources/sra","data_sources",1205
"SRP121181","mouse","sra","data_sources/sra","data_sources",1
"SRP034881","mouse","sra","data_sources/sra","data_sources",10
"SRP010781","mouse","sra","data_sources/sra","data_sources",4
"SRP117681","mouse","sra","data_sources/sra","data_sources",30
"SRP052881","mouse","sra","data_sources/sra","data_sources",8
"SRP174481","mouse","sra","data_sources/sra","data_sources",47
"SRP066481","mouse","sra","data_sources/sra","data_sources",22
"SRP227781","mouse","sra","data_sources/sra","data_sources",4
"SRP189981","mouse","sra","data_sources/sra","data_sources",6
"ERP023581","mouse","sra","data_sources/sra","data_sources",12
"SRP102581","mouse","sra","data_sources/sra","data_sources",30
"SRP101481","mouse","sra","data_sources/sra","data_sources",9
"SRP132181","mouse","sra","data_sources/sra","data_sources",6
"SRP164581","mouse","sra","data_sources/sra","data_sources",8
"SRP092781","mouse","sra","data_sources/sra","data_sources",27
"SRP026281","mouse","sra","data_sources/sra","data_sources",13
"SRP029581","mouse","sra","data_sources/sra","data_sources",12
"SRP150881","mouse","sra","data_sources/sra","data_sources",18
"SRP065681","mouse","sra","data_sources/sra","data_sources",12
"SRP152981","mouse","sra","data_sources/sra","data_sources",2
"SRP101581","mouse","sra","data_sources/sra","data_sources",20
"SRP162781","mouse","sra","data_sources/sra","data_sources",4
"ERP110381","mouse","sra","data_sources/sra","data_sources",10
"SRP056981","mouse","sra","data_sources/sra","data_sources",4
"SRP111681","mouse","sra","data_sources/sra","data_sources",20
"ERP107981","mouse","sra","data_sources/sra","data_sources",8
"SRP141181","mouse","sra","data_sources/sra","data_sources",62
"SRP091781","mouse","sra","data_sources/sra","data_sources",36
"SRP234718","mouse","sra","data_sources/sra","data_sources",10
"SRP156218","mouse","sra","data_sources/sra","data_sources",8
"ERP109718","mouse","sra","data_sources/sra","data_sources",20
"SRP163418","mouse","sra","data_sources/sra","data_sources",4
"SRP101618","mouse","sra","data_sources/sra","data_sources",6
"ERP018618","mouse","sra","data_sources/sra","data_sources",6
"SRP158518","mouse","sra","data_sources/sra","data_sources",15
"SRP018218","mouse","sra","data_sources/sra","data_sources",7
"SRP056118","mouse","sra","data_sources/sra","data_sources",19
"SRP089818","mouse","sra","data_sources/sra","data_sources",6
"SRP048518","mouse","sra","data_sources/sra","data_sources",6
"SRP045318","mouse","sra","data_sources/sra","data_sources",9
"ERP013218","mouse","sra","data_sources/sra","data_sources",16
"SRP084418","mouse","sra","data_sources/sra","data_sources",49
"ERP111118","mouse","sra","data_sources/sra","data_sources",5
"SRP115618","mouse","sra","data_sources/sra","data_sources",6
"SRP167718","mouse","sra","data_sources/sra","data_sources",6
"SRP176418","mouse","sra","data_sources/sra","data_sources",23
"SRP046218","mouse","sra","data_sources/sra","data_sources",9
"SRP049518","mouse","sra","data_sources/sra","data_sources",3
"ERP014118","mouse","sra","data_sources/sra","data_sources",39
"SRP049718","mouse","sra","data_sources/sra","data_sources",4
"SRP064618","mouse","sra","data_sources/sra","data_sources",2
"SRP078318","mouse","sra","data_sources/sra","data_sources",6
"SRP145318","mouse","sra","data_sources/sra","data_sources",15
"SRP044118","mouse","sra","data_sources/sra","data_sources",3
"SRP131118","mouse","sra","data_sources/sra","data_sources",10
"SRP078918","mouse","sra","data_sources/sra","data_sources",88
"DRP004818","mouse","sra","data_sources/sra","data_sources",11
"SRP213018","mouse","sra","data_sources/sra","data_sources",10
"SRP087718","mouse","sra","data_sources/sra","data_sources",18
"ERP003918","mouse","sra","data_sources/sra","data_sources",28
"SRP215318","mouse","sra","data_sources/sra","data_sources",27
"SRP006418","mouse","sra","data_sources/sra","data_sources",3
"SRP048718","mouse","sra","data_sources/sra","data_sources",8
"SRP098918","mouse","sra","data_sources/sra","data_sources",12
"SRP125118","mouse","sra","data_sources/sra","data_sources",18
"SRP135818","mouse","sra","data_sources/sra","data_sources",6
"SRP099218","mouse","sra","data_sources/sra","data_sources",8
"SRP195618","mouse","sra","data_sources/sra","data_sources",10
"SRP041818","mouse","sra","data_sources/sra","data_sources",4
"DRP004318","mouse","sra","data_sources/sra","data_sources",8
"SRP093718","mouse","sra","data_sources/sra","data_sources",6
"SRP148418","mouse","sra","data_sources/sra","data_sources",40
"SRP118318","mouse","sra","data_sources/sra","data_sources",8
"SRP117018","mouse","sra","data_sources/sra","data_sources",6
"SRP174218","mouse","sra","data_sources/sra","data_sources",4
"SRP012018","mouse","sra","data_sources/sra","data_sources",20
"ERP112718","mouse","sra","data_sources/sra","data_sources",6
"SRP050518","mouse","sra","data_sources/sra","data_sources",24
"SRP041618","mouse","sra","data_sources/sra","data_sources",56
"SRP063018","mouse","sra","data_sources/sra","data_sources",4
"DRP003418","mouse","sra","data_sources/sra","data_sources",16
"SRP106918","mouse","sra","data_sources/sra","data_sources",4
"SRP144618","mouse","sra","data_sources/sra","data_sources",2
"SRP158318","mouse","sra","data_sources/sra","data_sources",10
"SRP035418","mouse","sra","data_sources/sra","data_sources",4
"SRP065218","mouse","sra","data_sources/sra","data_sources",14
"SRP191118","mouse","sra","data_sources/sra","data_sources",6
"SRP068418","mouse","sra","data_sources/sra","data_sources",12
"SRP194918","mouse","sra","data_sources/sra","data_sources",17
"SRP076018","mouse","sra","data_sources/sra","data_sources",6
"SRP093818","mouse","sra","data_sources/sra","data_sources",6
"SRP162318","mouse","sra","data_sources/sra","data_sources",15
"ERP013418","mouse","sra","data_sources/sra","data_sources",18
"SRP132418","mouse","sra","data_sources/sra","data_sources",9
"SRP223018","mouse","sra","data_sources/sra","data_sources",2
"SRP012118","mouse","sra","data_sources/sra","data_sources",3
"SRP120618","mouse","sra","data_sources/sra","data_sources",4
"DRP002518","mouse","sra","data_sources/sra","data_sources",16
"SRP181218","mouse","sra","data_sources/sra","data_sources",79
"SRP110818","mouse","sra","data_sources/sra","data_sources",15
"SRP118618","mouse","sra","data_sources/sra","data_sources",8
"SRP156518","mouse","sra","data_sources/sra","data_sources",10
"SRP057718","mouse","sra","data_sources/sra","data_sources",12
"SRP179718","mouse","sra","data_sources/sra","data_sources",12
"SRP223218","mouse","sra","data_sources/sra","data_sources",26
"SRP139918","mouse","sra","data_sources/sra","data_sources",18
"SRP052718","mouse","sra","data_sources/sra","data_sources",6
"SRP220318","mouse","sra","data_sources/sra","data_sources",6
"SRP081218","mouse","sra","data_sources/sra","data_sources",8
"SRP076218","mouse","sra","data_sources/sra","data_sources",178
"SRP237318","mouse","sra","data_sources/sra","data_sources",24
"SRP108718","mouse","sra","data_sources/sra","data_sources",36
"SRP059318","mouse","sra","data_sources/sra","data_sources",18
"SRP144418","mouse","sra","data_sources/sra","data_sources",2
"SRP095818","mouse","sra","data_sources/sra","data_sources",10
"SRP136518","mouse","sra","data_sources/sra","data_sources",2
"SRP213718","mouse","sra","data_sources/sra","data_sources",6
"SRP033518","mouse","sra","data_sources/sra","data_sources",8
"SRP011318","mouse","sra","data_sources/sra","data_sources",26
"SRP073118","mouse","sra","data_sources/sra","data_sources",8
"SRP174018","mouse","sra","data_sources/sra","data_sources",13
"SRP195765","mouse","sra","data_sources/sra","data_sources",9
"SRP145965","mouse","sra","data_sources/sra","data_sources",3
"ERP104865","mouse","sra","data_sources/sra","data_sources",26
"ERP110365","mouse","sra","data_sources/sra","data_sources",2
"SRP067765","mouse","sra","data_sources/sra","data_sources",8
"SRP119265","mouse","sra","data_sources/sra","data_sources",2
"SRP188865","mouse","sra","data_sources/sra","data_sources",23
"SRP118265","mouse","sra","data_sources/sra","data_sources",6
"SRP134965","mouse","sra","data_sources/sra","data_sources",9
"ERP111365","mouse","sra","data_sources/sra","data_sources",6
"SRP079965","mouse","sra","data_sources/sra","data_sources",292
"SRP172565","mouse","sra","data_sources/sra","data_sources",54
"SRP134865","mouse","sra","data_sources/sra","data_sources",18
"SRP056865","mouse","sra","data_sources/sra","data_sources",48
"SRP113665","mouse","sra","data_sources/sra","data_sources",2
"SRP187465","mouse","sra","data_sources/sra","data_sources",16
"SRP091665","mouse","sra","data_sources/sra","data_sources",78
"SRP148465","mouse","sra","data_sources/sra","data_sources",6
"SRP043965","mouse","sra","data_sources/sra","data_sources",6
"SRP120965","mouse","sra","data_sources/sra","data_sources",6
"SRP134265","mouse","sra","data_sources/sra","data_sources",4
"ERP017365","mouse","sra","data_sources/sra","data_sources",1140
"SRP191465","mouse","sra","data_sources/sra","data_sources",4
"SRP013465","mouse","sra","data_sources/sra","data_sources",8
"SRP213165","mouse","sra","data_sources/sra","data_sources",24
"SRP041265","mouse","sra","data_sources/sra","data_sources",3
"SRP222565","mouse","sra","data_sources/sra","data_sources",9
"SRP173765","mouse","sra","data_sources/sra","data_sources",9
"SRP222765","mouse","sra","data_sources/sra","data_sources",68
"SRP072565","mouse","sra","data_sources/sra","data_sources",6
"SRP101665","mouse","sra","data_sources/sra","data_sources",12
"SRP099065","mouse","sra","data_sources/sra","data_sources",8
"ERP110065","mouse","sra","data_sources/sra","data_sources",12
"SRP121165","mouse","sra","data_sources/sra","data_sources",1
"SRP237665","mouse","sra","data_sources/sra","data_sources",12
"SRP128565","mouse","sra","data_sources/sra","data_sources",15
"SRP164765","mouse","sra","data_sources/sra","data_sources",12
"SRP047365","mouse","sra","data_sources/sra","data_sources",18
"SRP104465","mouse","sra","data_sources/sra","data_sources",8
"SRP161565","mouse","sra","data_sources/sra","data_sources",17
"SRP229965","mouse","sra","data_sources/sra","data_sources",19
"SRP199365","mouse","sra","data_sources/sra","data_sources",16
"SRP018865","mouse","sra","data_sources/sra","data_sources",55
"SRP014465","mouse","sra","data_sources/sra","data_sources",4
"ERP109665","mouse","sra","data_sources/sra","data_sources",288
"SRP124265","mouse","sra","data_sources/sra","data_sources",5
"SRP016565","mouse","sra","data_sources/sra","data_sources",2
"SRP074765","mouse","sra","data_sources/sra","data_sources",82
"SRP067565","mouse","sra","data_sources/sra","data_sources",6
"SRP045365","mouse","sra","data_sources/sra","data_sources",9
"SRP215165","mouse","sra","data_sources/sra","data_sources",12
"SRP079165","mouse","sra","data_sources/sra","data_sources",18
"SRP026165","mouse","sra","data_sources/sra","data_sources",4
"SRP124865","mouse","sra","data_sources/sra","data_sources",33
"SRP094765","mouse","sra","data_sources/sra","data_sources",3
"SRP173665","mouse","sra","data_sources/sra","data_sources",8
"SRP041565","mouse","sra","data_sources/sra","data_sources",4
"SRP190965","mouse","sra","data_sources/sra","data_sources",6
"SRP121465","mouse","sra","data_sources/sra","data_sources",160
"DRP003765","mouse","sra","data_sources/sra","data_sources",12
"SRP081265","mouse","sra","data_sources/sra","data_sources",9
"SRP139365","mouse","sra","data_sources/sra","data_sources",15
"SRP125665","mouse","sra","data_sources/sra","data_sources",14
"SRP175165","mouse","sra","data_sources/sra","data_sources",8
"SRP235265","mouse","sra","data_sources/sra","data_sources",40
"SRP159065","mouse","sra","data_sources/sra","data_sources",8
"SRP118465","mouse","sra","data_sources/sra","data_sources",6
"SRP137465","mouse","sra","data_sources/sra","data_sources",1
"ERP023265","mouse","sra","data_sources/sra","data_sources",45
"ERP108865","mouse","sra","data_sources/sra","data_sources",22
"SRP227165","mouse","sra","data_sources/sra","data_sources",16
"SRP078465","mouse","sra","data_sources/sra","data_sources",60
"SRP101865","mouse","sra","data_sources/sra","data_sources",9
"SRP063865","mouse","sra","data_sources/sra","data_sources",4
"SRP066065","mouse","sra","data_sources/sra","data_sources",9
"SRP075265","mouse","sra","data_sources/sra","data_sources",9
"SRP182065","mouse","sra","data_sources/sra","data_sources",31
"SRP237265","mouse","sra","data_sources/sra","data_sources",3
"SRP037765","mouse","sra","data_sources/sra","data_sources",3
"ERP116765","mouse","sra","data_sources/sra","data_sources",10
"SRP136565","mouse","sra","data_sources/sra","data_sources",4
"SRP045665","mouse","sra","data_sources/sra","data_sources",4
"SRP099465","mouse","sra","data_sources/sra","data_sources",6
"SRP031465","mouse","sra","data_sources/sra","data_sources",6
"SRP096365","mouse","sra","data_sources/sra","data_sources",8
"SRP167865","mouse","sra","data_sources/sra","data_sources",80
"SRP222365","mouse","sra","data_sources/sra","data_sources",11
"SRP063065","mouse","sra","data_sources/sra","data_sources",3
"ERP013565","mouse","sra","data_sources/sra","data_sources",13
"SRP067265","mouse","sra","data_sources/sra","data_sources",18
"SRP076165","mouse","sra","data_sources/sra","data_sources",14
"SRP006165","mouse","sra","data_sources/sra","data_sources",6
"SRP066265","mouse","sra","data_sources/sra","data_sources",16
"SRP137765","mouse","sra","data_sources/sra","data_sources",24
"SRP065965","mouse","sra","data_sources/sra","data_sources",6
"SRP194265","mouse","sra","data_sources/sra","data_sources",6
"SRP201665","mouse","sra","data_sources/sra","data_sources",186
"DRP000465","mouse","sra","data_sources/sra","data_sources",2
"SRP098765","mouse","sra","data_sources/sra","data_sources",12
"SRP154465","mouse","sra","data_sources/sra","data_sources",16
"SRP126565","mouse","sra","data_sources/sra","data_sources",15
"SRP093265","mouse","sra","data_sources/sra","data_sources",4
"ERP004465","mouse","sra","data_sources/sra","data_sources",12
"SRP068465","mouse","sra","data_sources/sra","data_sources",12
"SRP127565","mouse","sra","data_sources/sra","data_sources",12
"SRP049965","mouse","sra","data_sources/sra","data_sources",47
"SRP171165","mouse","sra","data_sources/sra","data_sources",22
"SRP173065","mouse","sra","data_sources/sra","data_sources",12
"SRP041765","mouse","sra","data_sources/sra","data_sources",8
"SRP135812","mouse","sra","data_sources/sra","data_sources",9
"SRP055912","mouse","sra","data_sources/sra","data_sources",4
"SRP063412","mouse","sra","data_sources/sra","data_sources",6
"SRP074412","mouse","sra","data_sources/sra","data_sources",7
"SRP044012","mouse","sra","data_sources/sra","data_sources",40
"SRP115512","mouse","sra","data_sources/sra","data_sources",2
"SRP066612","mouse","sra","data_sources/sra","data_sources",4
"SRP007512","mouse","sra","data_sources/sra","data_sources",2
"SRP223512","mouse","sra","data_sources/sra","data_sources",28
"SRP212112","mouse","sra","data_sources/sra","data_sources",9
"SRP120212","mouse","sra","data_sources/sra","data_sources",18
"SRP133012","mouse","sra","data_sources/sra","data_sources",8
"SRP100512","mouse","sra","data_sources/sra","data_sources",15
"SRP082512","mouse","sra","data_sources/sra","data_sources",6
"SRP007412","mouse","sra","data_sources/sra","data_sources",20
"SRP225712","mouse","sra","data_sources/sra","data_sources",6
"SRP115412","mouse","sra","data_sources/sra","data_sources",6
"SRP068012","mouse","sra","data_sources/sra","data_sources",177
"SRP191512","mouse","sra","data_sources/sra","data_sources",6
"SRP056312","mouse","sra","data_sources/sra","data_sources",4
"SRP157112","mouse","sra","data_sources/sra","data_sources",28
"SRP217212","mouse","sra","data_sources/sra","data_sources",6
"SRP063512","mouse","sra","data_sources/sra","data_sources",2
"SRP099312","mouse","sra","data_sources/sra","data_sources",10
"SRP197612","mouse","sra","data_sources/sra","data_sources",216
"SRP186712","mouse","sra","data_sources/sra","data_sources",5
"SRP069812","mouse","sra","data_sources/sra","data_sources",30
"SRP035312","mouse","sra","data_sources/sra","data_sources",12
"SRP092412","mouse","sra","data_sources/sra","data_sources",60
"SRP051812","mouse","sra","data_sources/sra","data_sources",20
"SRP183512","mouse","sra","data_sources/sra","data_sources",18
"SRP075712","mouse","sra","data_sources/sra","data_sources",11
"SRP023312","mouse","sra","data_sources/sra","data_sources",8
"SRP003412","mouse","sra","data_sources/sra","data_sources",8
"SRP113512","mouse","sra","data_sources/sra","data_sources",11
"SRP102612","mouse","sra","data_sources/sra","data_sources",28
"SRP199312","mouse","sra","data_sources/sra","data_sources",4
"SRP125912","mouse","sra","data_sources/sra","data_sources",4
"SRP170612","mouse","sra","data_sources/sra","data_sources",4
"SRP157812","mouse","sra","data_sources/sra","data_sources",2
"SRP201112","mouse","sra","data_sources/sra","data_sources",10
"SRP174412","mouse","sra","data_sources/sra","data_sources",20
"ERP117312","mouse","sra","data_sources/sra","data_sources",70
"SRP114712","mouse","sra","data_sources/sra","data_sources",8
"SRP158512","mouse","sra","data_sources/sra","data_sources",130
"SRP131812","mouse","sra","data_sources/sra","data_sources",21
"SRP132312","mouse","sra","data_sources/sra","data_sources",16
"ERP013312","mouse","sra","data_sources/sra","data_sources",12
"SRP061712","mouse","sra","data_sources/sra","data_sources",4
"SRP043512","mouse","sra","data_sources/sra","data_sources",14
"SRP061312","mouse","sra","data_sources/sra","data_sources",4
"SRP022612","mouse","sra","data_sources/sra","data_sources",15
"SRP158112","mouse","sra","data_sources/sra","data_sources",16
"SRP157612","mouse","sra","data_sources/sra","data_sources",16
"SRP035612","mouse","sra","data_sources/sra","data_sources",14
"SRP095812","mouse","sra","data_sources/sra","data_sources",6
"SRP145412","mouse","sra","data_sources/sra","data_sources",17
"ERP104512","mouse","sra","data_sources/sra","data_sources",2312
"SRP075212","mouse","sra","data_sources/sra","data_sources",32
"SRP225012","mouse","sra","data_sources/sra","data_sources",9
"SRP062212","mouse","sra","data_sources/sra","data_sources",4
"SRP029912","mouse","sra","data_sources/sra","data_sources",31
"SRP139812","mouse","sra","data_sources/sra","data_sources",6
"SRP032512","mouse","sra","data_sources/sra","data_sources",2
"SRP089712","mouse","sra","data_sources/sra","data_sources",90
"SRP131712","mouse","sra","data_sources/sra","data_sources",12
"SRP116912","mouse","sra","data_sources/sra","data_sources",3
"SRP150412","mouse","sra","data_sources/sra","data_sources",6
"SRP004912","mouse","sra","data_sources/sra","data_sources",3
"SRP076212","mouse","sra","data_sources/sra","data_sources",3774
"SRP238412","mouse","sra","data_sources/sra","data_sources",3
"SRP006212","mouse","sra","data_sources/sra","data_sources",2
"SRP123512","mouse","sra","data_sources/sra","data_sources",12
"SRP080812","mouse","sra","data_sources/sra","data_sources",8
"SRP056712","mouse","sra","data_sources/sra","data_sources",2
"SRP116112","mouse","sra","data_sources/sra","data_sources",8
"SRP119612","mouse","sra","data_sources/sra","data_sources",15
"SRP068412","mouse","sra","data_sources/sra","data_sources",6
"SRP232912","mouse","sra","data_sources/sra","data_sources",89
"SRP104312","mouse","sra","data_sources/sra","data_sources",19
"SRP015812","mouse","sra","data_sources/sra","data_sources",2
"SRP071312","mouse","sra","data_sources/sra","data_sources",6
"SRP223112","mouse","sra","data_sources/sra","data_sources",6
"SRP133512","mouse","sra","data_sources/sra","data_sources",8
"ERP014612","mouse","sra","data_sources/sra","data_sources",15
"SRP124512","mouse","sra","data_sources/sra","data_sources",29
"SRP106312","mouse","sra","data_sources/sra","data_sources",30
"SRP064312","mouse","sra","data_sources/sra","data_sources",4
"SRP137712","mouse","sra","data_sources/sra","data_sources",9
"SRP080112","mouse","sra","data_sources/sra","data_sources",6
"SRP226312","mouse","sra","data_sources/sra","data_sources",8
"SRP105212","mouse","sra","data_sources/sra","data_sources",4
"SRP125512","mouse","sra","data_sources/sra","data_sources",29
"SRP151712","mouse","sra","data_sources/sra","data_sources",12
"SRP132512","mouse","sra","data_sources/sra","data_sources",12
"SRP225812","mouse","sra","data_sources/sra","data_sources",8
"SRP093912","mouse","sra","data_sources/sra","data_sources",41
"DRP003412","mouse","sra","data_sources/sra","data_sources",3
"SRP172733","mouse","sra","data_sources/sra","data_sources",99
"SRP185733","mouse","sra","data_sources/sra","data_sources",44
"SRP068933","mouse","sra","data_sources/sra","data_sources",2
"ERP114833","mouse","sra","data_sources/sra","data_sources",24
"SRP181533","mouse","sra","data_sources/sra","data_sources",4
"SRP164733","mouse","sra","data_sources/sra","data_sources",9
"SRP127233","mouse","sra","data_sources/sra","data_sources",15
"SRP121133","mouse","sra","data_sources/sra","data_sources",1
"SRP070433","mouse","sra","data_sources/sra","data_sources",13
"SRP154933","mouse","sra","data_sources/sra","data_sources",6
"SRP126833","mouse","sra","data_sources/sra","data_sources",529
"SRP124833","mouse","sra","data_sources/sra","data_sources",22
"SRP133833","mouse","sra","data_sources/sra","data_sources",4
"SRP127333","mouse","sra","data_sources/sra","data_sources",8
"SRP119033","mouse","sra","data_sources/sra","data_sources",12
"SRP089833","mouse","sra","data_sources/sra","data_sources",12
"SRP159433","mouse","sra","data_sources/sra","data_sources",7
"SRP064433","mouse","sra","data_sources/sra","data_sources",9
"SRP130933","mouse","sra","data_sources/sra","data_sources",3
"SRP022933","mouse","sra","data_sources/sra","data_sources",12
"SRP131333","mouse","sra","data_sources/sra","data_sources",14
"SRP095733","mouse","sra","data_sources/sra","data_sources",16
"SRP073433","mouse","sra","data_sources/sra","data_sources",2
"SRP185633","mouse","sra","data_sources/sra","data_sources",24
"SRP201033","mouse","sra","data_sources/sra","data_sources",12
"SRP056933","mouse","sra","data_sources/sra","data_sources",26
"SRP102433","mouse","sra","data_sources/sra","data_sources",192
"SRP176633","mouse","sra","data_sources/sra","data_sources",47
"SRP109133","mouse","sra","data_sources/sra","data_sources",9
"SRP059433","mouse","sra","data_sources/sra","data_sources",25
"SRP047033","mouse","sra","data_sources/sra","data_sources",8
"SRP149533","mouse","sra","data_sources/sra","data_sources",35
"SRP166533","mouse","sra","data_sources/sra","data_sources",3
"SRP029433","mouse","sra","data_sources/sra","data_sources",12
"SRP033333","mouse","sra","data_sources/sra","data_sources",6
"ERP011033","mouse","sra","data_sources/sra","data_sources",8
"SRP119333","mouse","sra","data_sources/sra","data_sources",36
"SRP093733","mouse","sra","data_sources/sra","data_sources",24
"SRP058533","mouse","sra","data_sources/sra","data_sources",8
"SRP200933","mouse","sra","data_sources/sra","data_sources",17
"SRP131033","mouse","sra","data_sources/sra","data_sources",9
"SRP056833","mouse","sra","data_sources/sra","data_sources",4
"SRP042333","mouse","sra","data_sources/sra","data_sources",16
"SRP073733","mouse","sra","data_sources/sra","data_sources",2
"SRP062433","mouse","sra","data_sources/sra","data_sources",10
"SRP111333","mouse","sra","data_sources/sra","data_sources",4
"SRP095033","mouse","sra","data_sources/sra","data_sources",1955
"SRP053433","mouse","sra","data_sources/sra","data_sources",12
"SRP158333","mouse","sra","data_sources/sra","data_sources",6
"ERP004533","mouse","sra","data_sources/sra","data_sources",120
"DRP003433","mouse","sra","data_sources/sra","data_sources",2
"SRP200633","mouse","sra","data_sources/sra","data_sources",6
"SRP091933","mouse","sra","data_sources/sra","data_sources",9
"SRP121633","mouse","sra","data_sources/sra","data_sources",9
"SRP017333","mouse","sra","data_sources/sra","data_sources",4
"SRP087933","mouse","sra","data_sources/sra","data_sources",16
"SRP093233","mouse","sra","data_sources/sra","data_sources",6
"SRP102033","mouse","sra","data_sources/sra","data_sources",36
"SRP199533","mouse","sra","data_sources/sra","data_sources",2
"SRP071333","mouse","sra","data_sources/sra","data_sources",24
"SRP040733","mouse","sra","data_sources/sra","data_sources",9
"SRP090933","mouse","sra","data_sources/sra","data_sources",6
"SRP122533","mouse","sra","data_sources/sra","data_sources",14
"SRP133633","mouse","sra","data_sources/sra","data_sources",16
"SRP060233","mouse","sra","data_sources/sra","data_sources",6
"SRP171933","mouse","sra","data_sources/sra","data_sources",54
"SRP056533","mouse","sra","data_sources/sra","data_sources",9
"ERP004633","mouse","sra","data_sources/sra","data_sources",3
"SRP178733","mouse","sra","data_sources/sra","data_sources",1
"SRP067133","mouse","sra","data_sources/sra","data_sources",8
"SRP013333","mouse","sra","data_sources/sra","data_sources",6
"SRP220333","mouse","sra","data_sources/sra","data_sources",41
"SRP142633","mouse","sra","data_sources/sra","data_sources",18
"SRP115833","mouse","sra","data_sources/sra","data_sources",8
"SRP132633","mouse","sra","data_sources/sra","data_sources",8
"SRP167833","mouse","sra","data_sources/sra","data_sources",2
"SRP165933","mouse","sra","data_sources/sra","data_sources",84
"SRP075833","mouse","sra","data_sources/sra","data_sources",19
"DRP005533","mouse","sra","data_sources/sra","data_sources",24
"SRP081333","mouse","sra","data_sources/sra","data_sources",9
"ERP015433","mouse","sra","data_sources/sra","data_sources",12
"SRP074233","mouse","sra","data_sources/sra","data_sources",8
"SRP109633","mouse","sra","data_sources/sra","data_sources",10
"SRP103933","mouse","sra","data_sources/sra","data_sources",6
"SRP227133","mouse","sra","data_sources/sra","data_sources",12
"SRP173933","mouse","sra","data_sources/sra","data_sources",35
"SRP063833","mouse","sra","data_sources/sra","data_sources",7
"SRP149833","mouse","sra","data_sources/sra","data_sources",16
"SRP032533","mouse","sra","data_sources/sra","data_sources",6
"SRP029933","mouse","sra","data_sources/sra","data_sources",52
"SRP051733","mouse","sra","data_sources/sra","data_sources",6
"SRP063044","mouse","sra","data_sources/sra","data_sources",8
"SRP091844","mouse","sra","data_sources/sra","data_sources",4
"ERP015644","mouse","sra","data_sources/sra","data_sources",566
"SRP074044","mouse","sra","data_sources/sra","data_sources",10
"SRP066244","mouse","sra","data_sources/sra","data_sources",81
"SRP201744","mouse","sra","data_sources/sra","data_sources",28
"SRP111344","mouse","sra","data_sources/sra","data_sources",12
"SRP212544","mouse","sra","data_sources/sra","data_sources",18
"SRP071344","mouse","sra","data_sources/sra","data_sources",6
"SRP120644","mouse","sra","data_sources/sra","data_sources",13
"SRP143444","mouse","sra","data_sources/sra","data_sources",24
"SRP070944","mouse","sra","data_sources/sra","data_sources",29
"SRP072844","mouse","sra","data_sources/sra","data_sources",8
"SRP190144","mouse","sra","data_sources/sra","data_sources",51
"SRP105344","mouse","sra","data_sources/sra","data_sources",16
"SRP041744","mouse","sra","data_sources/sra","data_sources",2
"SRP162344","mouse","sra","data_sources/sra","data_sources",8
"SRP064844","mouse","sra","data_sources/sra","data_sources",21
"SRP049944","mouse","sra","data_sources/sra","data_sources",257
"SRP020644","mouse","sra","data_sources/sra","data_sources",2
"SRP202544","mouse","sra","data_sources/sra","data_sources",12
"SRP110044","mouse","sra","data_sources/sra","data_sources",4
"SRP063344","mouse","sra","data_sources/sra","data_sources",6
"SRP158044","mouse","sra","data_sources/sra","data_sources",4
"SRP149344","mouse","sra","data_sources/sra","data_sources",15
"SRP172844","mouse","sra","data_sources/sra","data_sources",7
"SRP068644","mouse","sra","data_sources/sra","data_sources",11
"SRP038144","mouse","sra","data_sources/sra","data_sources",10
"SRP101944","mouse","sra","data_sources/sra","data_sources",15
"SRP103844","mouse","sra","data_sources/sra","data_sources",18
"SRP163144","mouse","sra","data_sources/sra","data_sources",24
"SRP076844","mouse","sra","data_sources/sra","data_sources",6
"SRP149944","mouse","sra","data_sources/sra","data_sources",18
"SRP149844","mouse","sra","data_sources/sra","data_sources",16
"SRP193944","mouse","sra","data_sources/sra","data_sources",155
"SRP170244","mouse","sra","data_sources/sra","data_sources",15
"SRP133744","mouse","sra","data_sources/sra","data_sources",2
"SRP201544","mouse","sra","data_sources/sra","data_sources",21
"SRP096944","mouse","sra","data_sources/sra","data_sources",4
"SRP034644","mouse","sra","data_sources/sra","data_sources",12
"SRP173944","mouse","sra","data_sources/sra","data_sources",60
"SRP167244","mouse","sra","data_sources/sra","data_sources",6
"SRP095844","mouse","sra","data_sources/sra","data_sources",8
"SRP062844","mouse","sra","data_sources/sra","data_sources",46
"SRP068744","mouse","sra","data_sources/sra","data_sources",8
"SRP218244","mouse","sra","data_sources/sra","data_sources",36
"SRP158144","mouse","sra","data_sources/sra","data_sources",13
"SRP173344","mouse","sra","data_sources/sra","data_sources",376
"SRP130644","mouse","sra","data_sources/sra","data_sources",39
"SRP043544","mouse","sra","data_sources/sra","data_sources",9
"SRP192944","mouse","sra","data_sources/sra","data_sources",4
"SRP121144","mouse","sra","data_sources/sra","data_sources",1
"SRP173744","mouse","sra","data_sources/sra","data_sources",120
"SRP162444","mouse","sra","data_sources/sra","data_sources",56
"SRP199844","mouse","sra","data_sources/sra","data_sources",16
"SRP133944","mouse","sra","data_sources/sra","data_sources",96
"DRP005144","mouse","sra","data_sources/sra","data_sources",40
"SRP039444","mouse","sra","data_sources/sra","data_sources",4
"SRP132944","mouse","sra","data_sources/sra","data_sources",6
"SRP091444","mouse","sra","data_sources/sra","data_sources",60
"SRP137144","mouse","sra","data_sources/sra","data_sources",22
"SRP068944","mouse","sra","data_sources/sra","data_sources",16
"ERP004944","mouse","sra","data_sources/sra","data_sources",12
"SRP060644","mouse","sra","data_sources/sra","data_sources",8
"SRP097644","mouse","sra","data_sources/sra","data_sources",12
"SRP163544","mouse","sra","data_sources/sra","data_sources",1
"SRP133244","mouse","sra","data_sources/sra","data_sources",12
"SRP156344","mouse","sra","data_sources/sra","data_sources",12
"SRP225544","mouse","sra","data_sources/sra","data_sources",19
"SRP130944","mouse","sra","data_sources/sra","data_sources",12
"SRP145144","mouse","sra","data_sources/sra","data_sources",14
"SRP176444","mouse","sra","data_sources/sra","data_sources",2
"SRP132844","mouse","sra","data_sources/sra","data_sources",22
"SRP044344","mouse","sra","data_sources/sra","data_sources",4
"ERP114344","mouse","sra","data_sources/sra","data_sources",6
"SRP061644","mouse","sra","data_sources/sra","data_sources",17
"ERP104844","mouse","sra","data_sources/sra","data_sources",12
"SRP189244","mouse","sra","data_sources/sra","data_sources",6
"SRP123344","mouse","sra","data_sources/sra","data_sources",9
"SRP132044","mouse","sra","data_sources/sra","data_sources",9
"SRP078944","mouse","sra","data_sources/sra","data_sources",3
"SRP092644","mouse","sra","data_sources/sra","data_sources",12
"SRP067744","mouse","sra","data_sources/sra","data_sources",29
"SRP136244","mouse","sra","data_sources/sra","data_sources",8
"SRP081444","mouse","sra","data_sources/sra","data_sources",14
"SRP128644","mouse","sra","data_sources/sra","data_sources",2
"SRP139544","mouse","sra","data_sources/sra","data_sources",12
"SRP155044","mouse","sra","data_sources/sra","data_sources",10
"SRP106644","mouse","sra","data_sources/sra","data_sources",1507
"SRP042244","mouse","sra","data_sources/sra","data_sources",4
"SRP131044","mouse","sra","data_sources/sra","data_sources",18
"SRP113644","mouse","sra","data_sources/sra","data_sources",20
"SRP185544","mouse","sra","data_sources/sra","data_sources",4
"ERP021444","mouse","sra","data_sources/sra","data_sources",15
"SRP172544","mouse","sra","data_sources/sra","data_sources",6
"SRP058544","mouse","sra","data_sources/sra","data_sources",2
"SRP057244","mouse","sra","data_sources/sra","data_sources",26
"SRP154144","mouse","sra","data_sources/sra","data_sources",192
"SRP091644","mouse","sra","data_sources/sra","data_sources",42
"SRP179044","mouse","sra","data_sources/sra","data_sources",16
"SRP191444","mouse","sra","data_sources/sra","data_sources",15
"SRP067644","mouse","sra","data_sources/sra","data_sources",4
"SRP229044","mouse","sra","data_sources/sra","data_sources",11
"SRP152844","mouse","sra","data_sources/sra","data_sources",11
"SRP158744","mouse","sra","data_sources/sra","data_sources",6
"SRP101444","mouse","sra","data_sources/sra","data_sources",8
"SRP041244","mouse","sra","data_sources/sra","data_sources",6
"SRP118944","mouse","sra","data_sources/sra","data_sources",2
"SRP220444","mouse","sra","data_sources/sra","data_sources",9
"SRP061544","mouse","sra","data_sources/sra","data_sources",6
"SRP070644","mouse","sra","data_sources/sra","data_sources",4
"DRP003044","mouse","sra","data_sources/sra","data_sources",5
"ERP110244","mouse","sra","data_sources/sra","data_sources",30
"SRP185339","mouse","sra","data_sources/sra","data_sources",12
"SRP029939","mouse","sra","data_sources/sra","data_sources",20
"SRP095239","mouse","sra","data_sources/sra","data_sources",62
"SRP071039","mouse","sra","data_sources/sra","data_sources",17
"SRP216539","mouse","sra","data_sources/sra","data_sources",9
"SRP174039","mouse","sra","data_sources/sra","data_sources",8
"ERP115639","mouse","sra","data_sources/sra","data_sources",24
"SRP103939","mouse","sra","data_sources/sra","data_sources",6
"SRP125739","mouse","sra","data_sources/sra","data_sources",24
"SRP218239","mouse","sra","data_sources/sra","data_sources",58
"SRP185939","mouse","sra","data_sources/sra","data_sources",23
"SRP076339","mouse","sra","data_sources/sra","data_sources",9
"SRP061339","mouse","sra","data_sources/sra","data_sources",6
"SRP080939","mouse","sra","data_sources/sra","data_sources",4
"SRP101339","mouse","sra","data_sources/sra","data_sources",2
"SRP136439","mouse","sra","data_sources/sra","data_sources",24
"SRP127739","mouse","sra","data_sources/sra","data_sources",25
"SRP056539","mouse","sra","data_sources/sra","data_sources",24
"SRP116339","mouse","sra","data_sources/sra","data_sources",6
"SRP170939","mouse","sra","data_sources/sra","data_sources",168
"ERP115739","mouse","sra","data_sources/sra","data_sources",15
"SRP135539","mouse","sra","data_sources/sra","data_sources",60
"SRP124639","mouse","sra","data_sources/sra","data_sources",18
"SRP049139","mouse","sra","data_sources/sra","data_sources",12
"SRP126739","mouse","sra","data_sources/sra","data_sources",22
"SRP193839","mouse","sra","data_sources/sra","data_sources",14
"SRP073239","mouse","sra","data_sources/sra","data_sources",8
"SRP228539","mouse","sra","data_sources/sra","data_sources",48
"SRP192039","mouse","sra","data_sources/sra","data_sources",12
"SRP093239","mouse","sra","data_sources/sra","data_sources",6
"SRP047439","mouse","sra","data_sources/sra","data_sources",5
"SRP127539","mouse","sra","data_sources/sra","data_sources",12
"SRP067339","mouse","sra","data_sources/sra","data_sources",82
"DRP003539","mouse","sra","data_sources/sra","data_sources",8
"SRP064839","mouse","sra","data_sources/sra","data_sources",2
"SRP066839","mouse","sra","data_sources/sra","data_sources",2
"SRP181939","mouse","sra","data_sources/sra","data_sources",15
"SRP139039","mouse","sra","data_sources/sra","data_sources",30
"SRP037539","mouse","sra","data_sources/sra","data_sources",12
"SRP191039","mouse","sra","data_sources/sra","data_sources",24
"SRP057639","mouse","sra","data_sources/sra","data_sources",6
"SRP219039","mouse","sra","data_sources/sra","data_sources",12
"SRP115139","mouse","sra","data_sources/sra","data_sources",24
"SRP066239","mouse","sra","data_sources/sra","data_sources",2
"SRP071239","mouse","sra","data_sources/sra","data_sources",15
"SRP062039","mouse","sra","data_sources/sra","data_sources",16
"SRP100439","mouse","sra","data_sources/sra","data_sources",8
"SRP131039","mouse","sra","data_sources/sra","data_sources",5
"SRP115539","mouse","sra","data_sources/sra","data_sources",4
"SRP128739","mouse","sra","data_sources/sra","data_sources",8
"SRP237439","mouse","sra","data_sources/sra","data_sources",12
"SRP191439","mouse","sra","data_sources/sra","data_sources",12
"SRP118939","mouse","sra","data_sources/sra","data_sources",11
"SRP013439","mouse","sra","data_sources/sra","data_sources",9
"SRP101439","mouse","sra","data_sources/sra","data_sources",28
"ERP016939","mouse","sra","data_sources/sra","data_sources",19
"SRP135939","mouse","sra","data_sources/sra","data_sources",4
"SRP226639","mouse","sra","data_sources/sra","data_sources",2
"ERP114139","mouse","sra","data_sources/sra","data_sources",12
"SRP176639","mouse","sra","data_sources/sra","data_sources",15
"SRP145339","mouse","sra","data_sources/sra","data_sources",6
"SRP104739","mouse","sra","data_sources/sra","data_sources",9
"SRP119839","mouse","sra","data_sources/sra","data_sources",24
"SRP134939","mouse","sra","data_sources/sra","data_sources",10
"SRP113739","mouse","sra","data_sources/sra","data_sources",24
"SRP141139","mouse","sra","data_sources/sra","data_sources",6
"SRP051039","mouse","sra","data_sources/sra","data_sources",4
"SRP120039","mouse","sra","data_sources/sra","data_sources",6
"SRP131339","mouse","sra","data_sources/sra","data_sources",4
"SRP060639","mouse","sra","data_sources/sra","data_sources",4
"SRP091539","mouse","sra","data_sources/sra","data_sources",6
"ERP013839","mouse","sra","data_sources/sra","data_sources",26
"SRP117739","mouse","sra","data_sources/sra","data_sources",56
"SRP216039","mouse","sra","data_sources/sra","data_sources",31
"SRP212839","mouse","sra","data_sources/sra","data_sources",6
"SRP048539","mouse","sra","data_sources/sra","data_sources",7
"SRP127339","mouse","sra","data_sources/sra","data_sources",6
"SRP112539","mouse","sra","data_sources/sra","data_sources",6
"SRP160439","mouse","sra","data_sources/sra","data_sources",8
"SRP013739","mouse","sra","data_sources/sra","data_sources",3
"SRP156939","mouse","sra","data_sources/sra","data_sources",6
"SRP154939","mouse","sra","data_sources/sra","data_sources",25
"SRP109839","mouse","sra","data_sources/sra","data_sources",16
"SRP121139","mouse","sra","data_sources/sra","data_sources",1
"SRP026039","mouse","sra","data_sources/sra","data_sources",8
"SRP158539","mouse","sra","data_sources/sra","data_sources",12
"SRP109239","mouse","sra","data_sources/sra","data_sources",2
"SRP145039","mouse","sra","data_sources/sra","data_sources",4
"SRP091439","mouse","sra","data_sources/sra","data_sources",8
"SRP055139","mouse","sra","data_sources/sra","data_sources",4
"SRP039439","mouse","sra","data_sources/sra","data_sources",2
"SRP201139","mouse","sra","data_sources/sra","data_sources",376
"SRP062639","mouse","sra","data_sources/sra","data_sources",16
"SRP045839","mouse","sra","data_sources/sra","data_sources",2
"SRP100676","mouse","sra","data_sources/sra","data_sources",12
"SRP113476","mouse","sra","data_sources/sra","data_sources",6
"SRP131276","mouse","sra","data_sources/sra","data_sources",6
"SRP145076","mouse","sra","data_sources/sra","data_sources",22
"SRP211876","mouse","sra","data_sources/sra","data_sources",16
"SRP143976","mouse","sra","data_sources/sra","data_sources",9
"ERP105176","mouse","sra","data_sources/sra","data_sources",9
"SRP090476","mouse","sra","data_sources/sra","data_sources",20
"SRP121176","mouse","sra","data_sources/sra","data_sources",1
"SRP124976","mouse","sra","data_sources/sra","data_sources",4
"SRP195476","mouse","sra","data_sources/sra","data_sources",3
"SRP173776","mouse","sra","data_sources/sra","data_sources",6
"SRP110576","mouse","sra","data_sources/sra","data_sources",8
"SRP126976","mouse","sra","data_sources/sra","data_sources",4
"SRP151076","mouse","sra","data_sources/sra","data_sources",10
"ERP002176","mouse","sra","data_sources/sra","data_sources",12
"SRP043076","mouse","sra","data_sources/sra","data_sources",12
"SRP114676","mouse","sra","data_sources/sra","data_sources",7
"ERP012876","mouse","sra","data_sources/sra","data_sources",75
"SRP164676","mouse","sra","data_sources/sra","data_sources",954
"SRP059676","mouse","sra","data_sources/sra","data_sources",8
"SRP052976","mouse","sra","data_sources/sra","data_sources",4
"ERP014176","mouse","sra","data_sources/sra","data_sources",20
"SRP176476","mouse","sra","data_sources/sra","data_sources",56
"SRP188076","mouse","sra","data_sources/sra","data_sources",30
"SRP108976","mouse","sra","data_sources/sra","data_sources",6
"SRP051076","mouse","sra","data_sources/sra","data_sources",6
"SRP119876","mouse","sra","data_sources/sra","data_sources",4
"SRP170576","mouse","sra","data_sources/sra","data_sources",4
"SRP134976","mouse","sra","data_sources/sra","data_sources",12
"SRP066776","mouse","sra","data_sources/sra","data_sources",8
"SRP082576","mouse","sra","data_sources/sra","data_sources",54
"SRP119276","mouse","sra","data_sources/sra","data_sources",5
"SRP193476","mouse","sra","data_sources/sra","data_sources",7
"SRP149576","mouse","sra","data_sources/sra","data_sources",43
"SRP074576","mouse","sra","data_sources/sra","data_sources",10
"SRP201876","mouse","sra","data_sources/sra","data_sources",15
"SRP186576","mouse","sra","data_sources/sra","data_sources",10
"SRP101576","mouse","sra","data_sources/sra","data_sources",11
"SRP050076","mouse","sra","data_sources/sra","data_sources",33
"SRP055876","mouse","sra","data_sources/sra","data_sources",6
"SRP041376","mouse","sra","data_sources/sra","data_sources",2
"SRP043376","mouse","sra","data_sources/sra","data_sources",4
"SRP057876","mouse","sra","data_sources/sra","data_sources",14
"SRP107776","mouse","sra","data_sources/sra","data_sources",4
"SRP120976","mouse","sra","data_sources/sra","data_sources",8
"SRP134276","mouse","sra","data_sources/sra","data_sources",12
"SRP047176","mouse","sra","data_sources/sra","data_sources",15
"SRP125176","mouse","sra","data_sources/sra","data_sources",378
"SRP093776","mouse","sra","data_sources/sra","data_sources",5
"SRP075476","mouse","sra","data_sources/sra","data_sources",158
"SRP077576","mouse","sra","data_sources/sra","data_sources",5
"ERP007076","mouse","sra","data_sources/sra","data_sources",69
"SRP131076","mouse","sra","data_sources/sra","data_sources",6
"SRP097576","mouse","sra","data_sources/sra","data_sources",10
"SRP100476","mouse","sra","data_sources/sra","data_sources",8
"SRP133176","mouse","sra","data_sources/sra","data_sources",4
"SRP131476","mouse","sra","data_sources/sra","data_sources",24
"SRP187076","mouse","sra","data_sources/sra","data_sources",8
"SRP110976","mouse","sra","data_sources/sra","data_sources",30
"SRP135676","mouse","sra","data_sources/sra","data_sources",16
"SRP064376","mouse","sra","data_sources/sra","data_sources",24
"SRP156476","mouse","sra","data_sources/sra","data_sources",8
"SRP071876","mouse","sra","data_sources/sra","data_sources",160
"SRP074076","mouse","sra","data_sources/sra","data_sources",4
"SRP158376","mouse","sra","data_sources/sra","data_sources",22
"DRP003476","mouse","sra","data_sources/sra","data_sources",106
"SRP189776","mouse","sra","data_sources/sra","data_sources",8
"SRP197376","mouse","sra","data_sources/sra","data_sources",10
"SRP091876","mouse","sra","data_sources/sra","data_sources",2
"SRP151676","mouse","sra","data_sources/sra","data_sources",4
"SRP191176","mouse","sra","data_sources/sra","data_sources",16
"ERP117476","mouse","sra","data_sources/sra","data_sources",47
"SRP030776","mouse","sra","data_sources/sra","data_sources",12
"SRP021476","mouse","sra","data_sources/sra","data_sources",6
"ERP113676","mouse","sra","data_sources/sra","data_sources",48
"SRP067976","mouse","sra","data_sources/sra","data_sources",12
"SRP095376","mouse","sra","data_sources/sra","data_sources",36
"SRP131776","mouse","sra","data_sources/sra","data_sources",4
"SRP083976","mouse","sra","data_sources/sra","data_sources",6
"SRP066176","mouse","sra","data_sources/sra","data_sources",4
"SRP228776","mouse","sra","data_sources/sra","data_sources",6
"SRP078576","mouse","sra","data_sources/sra","data_sources",8
"SRP056576","mouse","sra","data_sources/sra","data_sources",56
"SRP119476","mouse","sra","data_sources/sra","data_sources",10
"SRP187976","mouse","sra","data_sources/sra","data_sources",12
"SRP185876","mouse","sra","data_sources/sra","data_sources",32
"SRP191376","mouse","sra","data_sources/sra","data_sources",136
"SRP139376","mouse","sra","data_sources/sra","data_sources",64
"SRP234876","mouse","sra","data_sources/sra","data_sources",71
"SRP151576","mouse","sra","data_sources/sra","data_sources",24
"SRP167876","mouse","sra","data_sources/sra","data_sources",14
"SRP070076","mouse","sra","data_sources/sra","data_sources",16
"SRP198676","mouse","sra","data_sources/sra","data_sources",6
"SRP061376","mouse","sra","data_sources/sra","data_sources",9
"SRP166276","mouse","sra","data_sources/sra","data_sources",12
"SRP185976","mouse","sra","data_sources/sra","data_sources",4
"SRP125776","mouse","sra","data_sources/sra","data_sources",2
"SRP117276","mouse","sra","data_sources/sra","data_sources",4
"SRP148276","mouse","sra","data_sources/sra","data_sources",33
"SRP063876","mouse","sra","data_sources/sra","data_sources",8
"SRP089776","mouse","sra","data_sources/sra","data_sources",24
"SRP114976","mouse","sra","data_sources/sra","data_sources",66
"SRP045501","mouse","sra","data_sources/sra","data_sources",90
"SRP090301","mouse","sra","data_sources/sra","data_sources",20
"SRP180201","mouse","sra","data_sources/sra","data_sources",9
"SRP074101","mouse","sra","data_sources/sra","data_sources",6
"SRP094101","mouse","sra","data_sources/sra","data_sources",6
"SRP225901","mouse","sra","data_sources/sra","data_sources",10
"SRP065801","mouse","sra","data_sources/sra","data_sources",20
"SRP098701","mouse","sra","data_sources/sra","data_sources",48
"SRP048901","mouse","sra","data_sources/sra","data_sources",10
"SRP015801","mouse","sra","data_sources/sra","data_sources",4
"SRP156501","mouse","sra","data_sources/sra","data_sources",6
"SRP080001","mouse","sra","data_sources/sra","data_sources",9
"SRP126501","mouse","sra","data_sources/sra","data_sources",9
"SRP126401","mouse","sra","data_sources/sra","data_sources",6
"SRP124501","mouse","sra","data_sources/sra","data_sources",30
"SRP051501","mouse","sra","data_sources/sra","data_sources",12
"SRP053401","mouse","sra","data_sources/sra","data_sources",173
"SRP131401","mouse","sra","data_sources/sra","data_sources",16
"SRP020501","mouse","sra","data_sources/sra","data_sources",4
"SRP106901","mouse","sra","data_sources/sra","data_sources",9
"SRP061101","mouse","sra","data_sources/sra","data_sources",8
"SRP033701","mouse","sra","data_sources/sra","data_sources",2
"SRP014901","mouse","sra","data_sources/sra","data_sources",4
"SRP050501","mouse","sra","data_sources/sra","data_sources",11
"SRP041601","mouse","sra","data_sources/sra","data_sources",8
"SRP107301","mouse","sra","data_sources/sra","data_sources",4
"SRP076101","mouse","sra","data_sources/sra","data_sources",16
"SRP081101","mouse","sra","data_sources/sra","data_sources",4
"SRP127601","mouse","sra","data_sources/sra","data_sources",29
"SRP081301","mouse","sra","data_sources/sra","data_sources",4
"SRP136501","mouse","sra","data_sources/sra","data_sources",6
"SRP033501","mouse","sra","data_sources/sra","data_sources",8
"SRP189501","mouse","sra","data_sources/sra","data_sources",14
"SRP237801","mouse","sra","data_sources/sra","data_sources",2
"SRP150501","mouse","sra","data_sources/sra","data_sources",6
"SRP159101","mouse","sra","data_sources/sra","data_sources",4
"SRP028301","mouse","sra","data_sources/sra","data_sources",13
"DRP004501","mouse","sra","data_sources/sra","data_sources",2
"SRP173901","mouse","sra","data_sources/sra","data_sources",20
"ERP109201","mouse","sra","data_sources/sra","data_sources",8
"SRP214501","mouse","sra","data_sources/sra","data_sources",23
"SRP118401","mouse","sra","data_sources/sra","data_sources",160
"SRP124601","mouse","sra","data_sources/sra","data_sources",34
"SRP187301","mouse","sra","data_sources/sra","data_sources",12
"SRP031501","mouse","sra","data_sources/sra","data_sources",6
"SRP173201","mouse","sra","data_sources/sra","data_sources",8
"SRP182101","mouse","sra","data_sources/sra","data_sources",24
"SRP017101","mouse","sra","data_sources/sra","data_sources",47
"SRP056501","mouse","sra","data_sources/sra","data_sources",18
"SRP107001","mouse","sra","data_sources/sra","data_sources",16
"SRP074301","mouse","sra","data_sources/sra","data_sources",16
"SRP045701","mouse","sra","data_sources/sra","data_sources",6
"SRP076201","mouse","sra","data_sources/sra","data_sources",4
"SRP059601","mouse","sra","data_sources/sra","data_sources",6
"SRP158401","mouse","sra","data_sources/sra","data_sources",46
"SRP200001","mouse","sra","data_sources/sra","data_sources",20
"SRP069801","mouse","sra","data_sources/sra","data_sources",55
"SRP101701","mouse","sra","data_sources/sra","data_sources",18
"SRP041101","mouse","sra","data_sources/sra","data_sources",11
"SRP094701","mouse","sra","data_sources/sra","data_sources",10
"SRP153101","mouse","sra","data_sources/sra","data_sources",15
"SRP120001","mouse","sra","data_sources/sra","data_sources",4
"SRP068801","mouse","sra","data_sources/sra","data_sources",18
"SRP100701","mouse","sra","data_sources/sra","data_sources",24
"SRP016501","mouse","sra","data_sources/sra","data_sources",26
"SRP192601","mouse","sra","data_sources/sra","data_sources",9
"SRP167701","mouse","sra","data_sources/sra","data_sources",412
"SRP039501","mouse","sra","data_sources/sra","data_sources",9
"SRP137001","mouse","sra","data_sources/sra","data_sources",6
"SRP044301","mouse","sra","data_sources/sra","data_sources",6
"SRP154301","mouse","sra","data_sources/sra","data_sources",4
"SRP057001","mouse","sra","data_sources/sra","data_sources",4
"SRP159501","mouse","sra","data_sources/sra","data_sources",16
"ERP005901","mouse","sra","data_sources/sra","data_sources",13
"SRP074601","mouse","sra","data_sources/sra","data_sources",9
"SRP128701","mouse","sra","data_sources/sra","data_sources",7
"SRP144201","mouse","sra","data_sources/sra","data_sources",5
"SRP127001","mouse","sra","data_sources/sra","data_sources",7
"SRP017601","mouse","sra","data_sources/sra","data_sources",6
"SRP173501","mouse","sra","data_sources/sra","data_sources",108
"SRP220401","mouse","sra","data_sources/sra","data_sources",13
"SRP186401","mouse","sra","data_sources/sra","data_sources",18
"SRP152201","mouse","sra","data_sources/sra","data_sources",3
"SRP021101","mouse","sra","data_sources/sra","data_sources",8
"SRP131001","mouse","sra","data_sources/sra","data_sources",12
"SRP066601","mouse","sra","data_sources/sra","data_sources",2
"SRP055201","mouse","sra","data_sources/sra","data_sources",24
"SRP153901","mouse","sra","data_sources/sra","data_sources",8
"ERP110301","mouse","sra","data_sources/sra","data_sources",2
"SRP101501","mouse","sra","data_sources/sra","data_sources",24
"SRP063501","mouse","sra","data_sources/sra","data_sources",20
"SRP200201","mouse","sra","data_sources/sra","data_sources",24
"SRP188801","mouse","sra","data_sources/sra","data_sources",8
"SRP098901","mouse","sra","data_sources/sra","data_sources",6
"SRP144301","mouse","sra","data_sources/sra","data_sources",9
"SRP191501","mouse","sra","data_sources/sra","data_sources",10
"SRP131098","mouse","sra","data_sources/sra","data_sources",4
"SRP051198","mouse","sra","data_sources/sra","data_sources",12
"SRP109098","mouse","sra","data_sources/sra","data_sources",4
"SRP168398","mouse","sra","data_sources/sra","data_sources",16
"SRP201998","mouse","sra","data_sources/sra","data_sources",5
"SRP155198","mouse","sra","data_sources/sra","data_sources",1
"SRP090698","mouse","sra","data_sources/sra","data_sources",11
"SRP173598","mouse","sra","data_sources/sra","data_sources",6
"SRP118998","mouse","sra","data_sources/sra","data_sources",26
"SRP112698","mouse","sra","data_sources/sra","data_sources",4
"SRP094598","mouse","sra","data_sources/sra","data_sources",12
"SRP151298","mouse","sra","data_sources/sra","data_sources",24
"SRP184498","mouse","sra","data_sources/sra","data_sources",24
"ERP004098","mouse","sra","data_sources/sra","data_sources",4
"SRP048798","mouse","sra","data_sources/sra","data_sources",8
"SRP090798","mouse","sra","data_sources/sra","data_sources",26
"SRP105798","mouse","sra","data_sources/sra","data_sources",16
"SRP114498","mouse","sra","data_sources/sra","data_sources",10
"SRP076498","mouse","sra","data_sources/sra","data_sources",68
"ERP112898","mouse","sra","data_sources/sra","data_sources",94
"SRP044198","mouse","sra","data_sources/sra","data_sources",4
"SRP082598","mouse","sra","data_sources/sra","data_sources",13
"SRP216298","mouse","sra","data_sources/sra","data_sources",32
"SRP185498","mouse","sra","data_sources/sra","data_sources",27
"SRP215998","mouse","sra","data_sources/sra","data_sources",4
"SRP053398","mouse","sra","data_sources/sra","data_sources",208
"SRP073498","mouse","sra","data_sources/sra","data_sources",24
"SRP229998","mouse","sra","data_sources/sra","data_sources",24
"SRP159498","mouse","sra","data_sources/sra","data_sources",4
"SRP078198","mouse","sra","data_sources/sra","data_sources",16
"SRP039598","mouse","sra","data_sources/sra","data_sources",10
"SRP055098","mouse","sra","data_sources/sra","data_sources",2
"SRP048598","mouse","sra","data_sources/sra","data_sources",12
"SRP089898","mouse","sra","data_sources/sra","data_sources",6
"SRP110498","mouse","sra","data_sources/sra","data_sources",12
"SRP186798","mouse","sra","data_sources/sra","data_sources",20
"SRP121198","mouse","sra","data_sources/sra","data_sources",1
"SRP094698","mouse","sra","data_sources/sra","data_sources",4
"SRP041098","mouse","sra","data_sources/sra","data_sources",8
"SRP132398","mouse","sra","data_sources/sra","data_sources",2
"SRP101698","mouse","sra","data_sources/sra","data_sources",8
"SRP089998","mouse","sra","data_sources/sra","data_sources",24
"ERP024498","mouse","sra","data_sources/sra","data_sources",24
"SRP126298","mouse","sra","data_sources/sra","data_sources",20
"SRP022898","mouse","sra","data_sources/sra","data_sources",3
"SRP109298","mouse","sra","data_sources/sra","data_sources",6
"SRP095698","mouse","sra","data_sources/sra","data_sources",1
"SRP194498","mouse","sra","data_sources/sra","data_sources",8
"SRP116898","mouse","sra","data_sources/sra","data_sources",18
"SRP102398","mouse","sra","data_sources/sra","data_sources",9
"SRP193998","mouse","sra","data_sources/sra","data_sources",16
"SRP019798","mouse","sra","data_sources/sra","data_sources",10
"SRP095898","mouse","sra","data_sources/sra","data_sources",3
"SRP144498","mouse","sra","data_sources/sra","data_sources",6
"SRP068798","mouse","sra","data_sources/sra","data_sources",3
"SRP041498","mouse","sra","data_sources/sra","data_sources",10
"SRP165998","mouse","sra","data_sources/sra","data_sources",8
"ERP022298","mouse","sra","data_sources/sra","data_sources",96
"SRP197098","mouse","sra","data_sources/sra","data_sources",12
"SRP115898","mouse","sra","data_sources/sra","data_sources",20
"SRP009598","mouse","sra","data_sources/sra","data_sources",4
"SRP092098","mouse","sra","data_sources/sra","data_sources",9
"SRP128098","mouse","sra","data_sources/sra","data_sources",6
"SRP095998","mouse","sra","data_sources/sra","data_sources",76
"SRP156798","mouse","sra","data_sources/sra","data_sources",18
"SRP046698","mouse","sra","data_sources/sra","data_sources",3
"SRP230098","mouse","sra","data_sources/sra","data_sources",12
"SRP164898","mouse","sra","data_sources/sra","data_sources",2
"SRP064298","mouse","sra","data_sources/sra","data_sources",643
"ERP115598","mouse","sra","data_sources/sra","data_sources",2
"SRP082198","mouse","sra","data_sources/sra","data_sources",21
"SRP078798","mouse","sra","data_sources/sra","data_sources",6
"SRP066998","mouse","sra","data_sources/sra","data_sources",4
"ERP013498","mouse","sra","data_sources/sra","data_sources",656
"SRP198598","mouse","sra","data_sources/sra","data_sources",8
"SRP160398","mouse","sra","data_sources/sra","data_sources",4
"SRP213598","mouse","sra","data_sources/sra","data_sources",78
"SRP121798","mouse","sra","data_sources/sra","data_sources",9
"SRP173198","mouse","sra","data_sources/sra","data_sources",12
"SRP071898","mouse","sra","data_sources/sra","data_sources",33
"SRP079698","mouse","sra","data_sources/sra","data_sources",16
"SRP105298","mouse","sra","data_sources/sra","data_sources",8
"SRP135698","mouse","sra","data_sources/sra","data_sources",15
"SRP111398","mouse","sra","data_sources/sra","data_sources",16
"SRP048898","mouse","sra","data_sources/sra","data_sources",14
"ERP023198","mouse","sra","data_sources/sra","data_sources",12
"SRP199498","mouse","sra","data_sources/sra","data_sources",12
"SRP099592","mouse","sra","data_sources/sra","data_sources",32
"SRP121492","mouse","sra","data_sources/sra","data_sources",5
"SRP072092","mouse","sra","data_sources/sra","data_sources",6
"SRP115892","mouse","sra","data_sources/sra","data_sources",5
"SRP136492","mouse","sra","data_sources/sra","data_sources",12
"SRP090192","mouse","sra","data_sources/sra","data_sources",31
"SRP214592","mouse","sra","data_sources/sra","data_sources",6
"SRP222892","mouse","sra","data_sources/sra","data_sources",18
"SRP101992","mouse","sra","data_sources/sra","data_sources",24
"ERP106592","mouse","sra","data_sources/sra","data_sources",6
"SRP049192","mouse","sra","data_sources/sra","data_sources",8
"SRP058292","mouse","sra","data_sources/sra","data_sources",28
"SRP186992","mouse","sra","data_sources/sra","data_sources",24
"SRP029892","mouse","sra","data_sources/sra","data_sources",13
"SRP164892","mouse","sra","data_sources/sra","data_sources",23
"SRP131792","mouse","sra","data_sources/sra","data_sources",6
"SRP149892","mouse","sra","data_sources/sra","data_sources",36
"SRP116892","mouse","sra","data_sources/sra","data_sources",7
"SRP074892","mouse","sra","data_sources/sra","data_sources",16
"SRP111192","mouse","sra","data_sources/sra","data_sources",12
"SRP194092","mouse","sra","data_sources/sra","data_sources",4
"SRP115392","mouse","sra","data_sources/sra","data_sources",4
"SRP063892","mouse","sra","data_sources/sra","data_sources",3
"SRP104092","mouse","sra","data_sources/sra","data_sources",12
"SRP067092","mouse","sra","data_sources/sra","data_sources",84
"SRP127692","mouse","sra","data_sources/sra","data_sources",8
"SRP180192","mouse","sra","data_sources/sra","data_sources",21
"SRP065192","mouse","sra","data_sources/sra","data_sources",2
"SRP101292","mouse","sra","data_sources/sra","data_sources",6
"SRP189592","mouse","sra","data_sources/sra","data_sources",23
"SRP192992","mouse","sra","data_sources/sra","data_sources",12
"SRP058992","mouse","sra","data_sources/sra","data_sources",25
"SRP213792","mouse","sra","data_sources/sra","data_sources",64
"SRP099692","mouse","sra","data_sources/sra","data_sources",12
"SRP140492","mouse","sra","data_sources/sra","data_sources",6
"SRP173192","mouse","sra","data_sources/sra","data_sources",70
"SRP200792","mouse","sra","data_sources/sra","data_sources",6
"SRP068592","mouse","sra","data_sources/sra","data_sources",4
"SRP081192","mouse","sra","data_sources/sra","data_sources",6
"SRP154592","mouse","sra","data_sources/sra","data_sources",9
"SRP078692","mouse","sra","data_sources/sra","data_sources",16
"SRP118792","mouse","sra","data_sources/sra","data_sources",11
"SRP133592","mouse","sra","data_sources/sra","data_sources",12
"SRP048892","mouse","sra","data_sources/sra","data_sources",6
"SRP092892","mouse","sra","data_sources/sra","data_sources",15
"SRP143492","mouse","sra","data_sources/sra","data_sources",11
"SRP021492","mouse","sra","data_sources/sra","data_sources",3
"SRP084292","mouse","sra","data_sources/sra","data_sources",16
"ERP021192","mouse","sra","data_sources/sra","data_sources",232
"SRP219192","mouse","sra","data_sources/sra","data_sources",4
"SRP078792","mouse","sra","data_sources/sra","data_sources",6
"ERP009292","mouse","sra","data_sources/sra","data_sources",4
"SRP158292","mouse","sra","data_sources/sra","data_sources",12
"SRP162392","mouse","sra","data_sources/sra","data_sources",4
"SRP198592","mouse","sra","data_sources/sra","data_sources",32
"DRP003592","mouse","sra","data_sources/sra","data_sources",40
"SRP107692","mouse","sra","data_sources/sra","data_sources",8
"SRP059492","mouse","sra","data_sources/sra","data_sources",16
"SRP106692","mouse","sra","data_sources/sra","data_sources",105
"SRP189892","mouse","sra","data_sources/sra","data_sources",9
"SRP117592","mouse","sra","data_sources/sra","data_sources",12
"SRP007492","mouse","sra","data_sources/sra","data_sources",4
"SRP118292","mouse","sra","data_sources/sra","data_sources",22
"SRP192492","mouse","sra","data_sources/sra","data_sources",3
"SRP079992","mouse","sra","data_sources/sra","data_sources",9
"SRP071792","mouse","sra","data_sources/sra","data_sources",8
"SRP113692","mouse","sra","data_sources/sra","data_sources",5
"SRP053092","mouse","sra","data_sources/sra","data_sources",15
"SRP169992","mouse","sra","data_sources/sra","data_sources",11
"SRP216392","mouse","sra","data_sources/sra","data_sources",48
"SRP093792","mouse","sra","data_sources/sra","data_sources",21
"SRP148492","mouse","sra","data_sources/sra","data_sources",18
"SRP126092","mouse","sra","data_sources/sra","data_sources",4
"ERP019492","mouse","sra","data_sources/sra","data_sources",12
"ERP015292","mouse","sra","data_sources/sra","data_sources",36
"SRP123292","mouse","sra","data_sources/sra","data_sources",6
"SRP189392","mouse","sra","data_sources/sra","data_sources",7
"SRP121192","mouse","sra","data_sources/sra","data_sources",1
"SRP034892","mouse","sra","data_sources/sra","data_sources",6
"SRP092592","mouse","sra","data_sources/sra","data_sources",6
"SRP059792","mouse","sra","data_sources/sra","data_sources",27
"SRP143992","mouse","sra","data_sources/sra","data_sources",12
"ERP009592","mouse","sra","data_sources/sra","data_sources",59
"SRP155392","mouse","sra","data_sources/sra","data_sources",10
"ERP016192","mouse","sra","data_sources/sra","data_sources",213
"SRP167692","mouse","sra","data_sources/sra","data_sources",48
"SRP117692","mouse","sra","data_sources/sra","data_sources",6
"SRP037992","mouse","sra","data_sources/sra","data_sources",14
"SRP053292","mouse","sra","data_sources/sra","data_sources",4
"SRP157892","mouse","sra","data_sources/sra","data_sources",12
"SRP143392","mouse","sra","data_sources/sra","data_sources",9
"SRP097692","mouse","sra","data_sources/sra","data_sources",9
"SRP201092","mouse","sra","data_sources/sra","data_sources",8
"SRP172692","mouse","sra","data_sources/sra","data_sources",15
"SRP106492","mouse","sra","data_sources/sra","data_sources",32
"SRP069292","mouse","sra","data_sources/sra","data_sources",16
"SRP127392","mouse","sra","data_sources/sra","data_sources",4
"SRP133892","mouse","sra","data_sources/sra","data_sources",24
"SRP114692","mouse","sra","data_sources/sra","data_sources",23
"SRP108392","mouse","sra","data_sources/sra","data_sources",16
"SRP157392","mouse","sra","data_sources/sra","data_sources",32
"SRP009192","mouse","sra","data_sources/sra","data_sources",2
"SRP107492","mouse","sra","data_sources/sra","data_sources",10
"SRP101792","mouse","sra","data_sources/sra","data_sources",30
"SRP109992","mouse","sra","data_sources/sra","data_sources",6
"SRP052906","mouse","sra","data_sources/sra","data_sources",6
"SRP167706","mouse","sra","data_sources/sra","data_sources",19
"SRP120006","mouse","sra","data_sources/sra","data_sources",4
"SRP131306","mouse","sra","data_sources/sra","data_sources",24
"SRP171706","mouse","sra","data_sources/sra","data_sources",10
"SRP043006","mouse","sra","data_sources/sra","data_sources",9
"SRP155206","mouse","sra","data_sources/sra","data_sources",6
"SRP090506","mouse","sra","data_sources/sra","data_sources",931
"SRP089806","mouse","sra","data_sources/sra","data_sources",4
"SRP164706","mouse","sra","data_sources/sra","data_sources",8
"DRP005106","mouse","sra","data_sources/sra","data_sources",4
"ERP018606","mouse","sra","data_sources/sra","data_sources",24
"SRP178206","mouse","sra","data_sources/sra","data_sources",9
"SRP128506","mouse","sra","data_sources/sra","data_sources",12
"SRP068306","mouse","sra","data_sources/sra","data_sources",2
"SRP099006","mouse","sra","data_sources/sra","data_sources",2
"SRP202006","mouse","sra","data_sources/sra","data_sources",30
"SRP200106","mouse","sra","data_sources/sra","data_sources",17
"SRP185706","mouse","sra","data_sources/sra","data_sources",9
"SRP060706","mouse","sra","data_sources/sra","data_sources",6
"ERP004906","mouse","sra","data_sources/sra","data_sources",24
"SRP046306","mouse","sra","data_sources/sra","data_sources",8
"SRP058506","mouse","sra","data_sources/sra","data_sources",12
"SRP093706","mouse","sra","data_sources/sra","data_sources",6
"SRP098206","mouse","sra","data_sources/sra","data_sources",7
"SRP113606","mouse","sra","data_sources/sra","data_sources",14
"SRP095406","mouse","sra","data_sources/sra","data_sources",6
"ERP003806","mouse","sra","data_sources/sra","data_sources",6
"SRP125006","mouse","sra","data_sources/sra","data_sources",18
"SRP217206","mouse","sra","data_sources/sra","data_sources",15
"SRP122906","mouse","sra","data_sources/sra","data_sources",3
"SRP090706","mouse","sra","data_sources/sra","data_sources",10
"ERP107306","mouse","sra","data_sources/sra","data_sources",6
"SRP076406","mouse","sra","data_sources/sra","data_sources",12
"SRP191506","mouse","sra","data_sources/sra","data_sources",18
"SRP050006","mouse","sra","data_sources/sra","data_sources",15
"SRP042206","mouse","sra","data_sources/sra","data_sources",18
"SRP199106","mouse","sra","data_sources/sra","data_sources",8
"SRP152306","mouse","sra","data_sources/sra","data_sources",6
"SRP230606","mouse","sra","data_sources/sra","data_sources",14
"SRP161606","mouse","sra","data_sources/sra","data_sources",6
"ERP019506","mouse","sra","data_sources/sra","data_sources",6
"SRP055206","mouse","sra","data_sources/sra","data_sources",17
"SRP153906","mouse","sra","data_sources/sra","data_sources",18
"SRP064206","mouse","sra","data_sources/sra","data_sources",12
"SRP070906","mouse","sra","data_sources/sra","data_sources",19
"ERP104606","mouse","sra","data_sources/sra","data_sources",14
"SRP110806","mouse","sra","data_sources/sra","data_sources",61
"SRP181206","mouse","sra","data_sources/sra","data_sources",8
"SRP065806","mouse","sra","data_sources/sra","data_sources",49
"ERP001606","mouse","sra","data_sources/sra","data_sources",44
"SRP051406","mouse","sra","data_sources/sra","data_sources",36
"SRP062106","mouse","sra","data_sources/sra","data_sources",21
"SRP091906","mouse","sra","data_sources/sra","data_sources",48
"SRP103006","mouse","sra","data_sources/sra","data_sources",6
"SRP067306","mouse","sra","data_sources/sra","data_sources",12
"SRP166106","mouse","sra","data_sources/sra","data_sources",90
"SRP056606","mouse","sra","data_sources/sra","data_sources",8
"SRP002306","mouse","sra","data_sources/sra","data_sources",1
"SRP096106","mouse","sra","data_sources/sra","data_sources",6
"SRP103106","mouse","sra","data_sources/sra","data_sources",18
"SRP159906","mouse","sra","data_sources/sra","data_sources",15
"SRP233206","mouse","sra","data_sources/sra","data_sources",18
"SRP010106","mouse","sra","data_sources/sra","data_sources",2
"SRP098606","mouse","sra","data_sources/sra","data_sources",24
"SRP221006","mouse","sra","data_sources/sra","data_sources",6
"SRP188706","mouse","sra","data_sources/sra","data_sources",70
"SRP092906","mouse","sra","data_sources/sra","data_sources",14
"SRP145606","mouse","sra","data_sources/sra","data_sources",384
"SRP064306","mouse","sra","data_sources/sra","data_sources",8
"SRP159106","mouse","sra","data_sources/sra","data_sources",88
"SRP156606","mouse","sra","data_sources/sra","data_sources",12
"SRP025506","mouse","sra","data_sources/sra","data_sources",12
"SRP115306","mouse","sra","data_sources/sra","data_sources",107
"ERP109306","mouse","sra","data_sources/sra","data_sources",13
"SRP164906","mouse","sra","data_sources/sra","data_sources",66
"SRP114906","mouse","sra","data_sources/sra","data_sources",6
"SRP237806","mouse","sra","data_sources/sra","data_sources",1
"SRP028906","mouse","sra","data_sources/sra","data_sources",2
"SRP072106","mouse","sra","data_sources/sra","data_sources",28
"SRP165906","mouse","sra","data_sources/sra","data_sources",24
"SRP067006","mouse","sra","data_sources/sra","data_sources",20
"SRP045606","mouse","sra","data_sources/sra","data_sources",2
"SRP068706","mouse","sra","data_sources/sra","data_sources",201
"ERP023806","mouse","sra","data_sources/sra","data_sources",6
"SRP105106","mouse","sra","data_sources/sra","data_sources",28
"SRP062906","mouse","sra","data_sources/sra","data_sources",8
"SRP028806","mouse","sra","data_sources/sra","data_sources",9
"ERP003506","mouse","sra","data_sources/sra","data_sources",17
"SRP059806","mouse","sra","data_sources/sra","data_sources",5
"SRP188406","mouse","sra","data_sources/sra","data_sources",9
"SRP173806","mouse","sra","data_sources/sra","data_sources",4
"SRP227006","mouse","sra","data_sources/sra","data_sources",4
"ERP016406","mouse","sra","data_sources/sra","data_sources",99
"SRP078506","mouse","sra","data_sources/sra","data_sources",12
"SRP115206","mouse","sra","data_sources/sra","data_sources",4
"SRP058206","mouse","sra","data_sources/sra","data_sources",22
"SRP034706","mouse","sra","data_sources/sra","data_sources",1
"SRP159006","mouse","sra","data_sources/sra","data_sources",6
"SRP186171","mouse","sra","data_sources/sra","data_sources",61
"SRP171171","mouse","sra","data_sources/sra","data_sources",7
"SRP043671","mouse","sra","data_sources/sra","data_sources",6
"SRP121671","mouse","sra","data_sources/sra","data_sources",30
"SRP132471","mouse","sra","data_sources/sra","data_sources",30
"ERP105671","mouse","sra","data_sources/sra","data_sources",576
"SRP125471","mouse","sra","data_sources/sra","data_sources",3
"SRP128271","mouse","sra","data_sources/sra","data_sources",101
"SRP155471","mouse","sra","data_sources/sra","data_sources",12
"SRP214771","mouse","sra","data_sources/sra","data_sources",23
"SRP055671","mouse","sra","data_sources/sra","data_sources",10
"SRP072871","mouse","sra","data_sources/sra","data_sources",6
"SRP058071","mouse","sra","data_sources/sra","data_sources",10
"SRP064271","mouse","sra","data_sources/sra","data_sources",14
"SRP038971","mouse","sra","data_sources/sra","data_sources",6
"SRP100171","mouse","sra","data_sources/sra","data_sources",20
"SRP199571","mouse","sra","data_sources/sra","data_sources",40
"SRP113371","mouse","sra","data_sources/sra","data_sources",8
"SRP131471","mouse","sra","data_sources/sra","data_sources",18
"SRP158971","mouse","sra","data_sources/sra","data_sources",24
"ERP010471","mouse","sra","data_sources/sra","data_sources",25
"SRP170071","mouse","sra","data_sources/sra","data_sources",24
"SRP015971","mouse","sra","data_sources/sra","data_sources",24
"ERP117571","mouse","sra","data_sources/sra","data_sources",20
"SRP145671","mouse","sra","data_sources/sra","data_sources",19
"SRP127471","mouse","sra","data_sources/sra","data_sources",5
"SRP045471","mouse","sra","data_sources/sra","data_sources",12
"SRP158371","mouse","sra","data_sources/sra","data_sources",12
"SRP162271","mouse","sra","data_sources/sra","data_sources",46
"SRP189771","mouse","sra","data_sources/sra","data_sources",12
"ERP000771","mouse","sra","data_sources/sra","data_sources",12
"SRP186071","mouse","sra","data_sources/sra","data_sources",12
"SRP070071","mouse","sra","data_sources/sra","data_sources",30
"SRP043571","mouse","sra","data_sources/sra","data_sources",24
"SRP033571","mouse","sra","data_sources/sra","data_sources",6
"SRP072171","mouse","sra","data_sources/sra","data_sources",32
"SRP045671","mouse","sra","data_sources/sra","data_sources",45
"SRP100871","mouse","sra","data_sources/sra","data_sources",10
"SRP055571","mouse","sra","data_sources/sra","data_sources",32
"SRP219271","mouse","sra","data_sources/sra","data_sources",32
"SRP221271","mouse","sra","data_sources/sra","data_sources",6
"SRP006971","mouse","sra","data_sources/sra","data_sources",17
"SRP131771","mouse","sra","data_sources/sra","data_sources",10
"SRP187371","mouse","sra","data_sources/sra","data_sources",12
"SRP111071","mouse","sra","data_sources/sra","data_sources",8
"SRP095371","mouse","sra","data_sources/sra","data_sources",5
"SRP103871","mouse","sra","data_sources/sra","data_sources",6
"SRP101971","mouse","sra","data_sources/sra","data_sources",8
"SRP027571","mouse","sra","data_sources/sra","data_sources",16
"DRP005471","mouse","sra","data_sources/sra","data_sources",12
"SRP056571","mouse","sra","data_sources/sra","data_sources",13
"SRP119471","mouse","sra","data_sources/sra","data_sources",12
"SRP151471","mouse","sra","data_sources/sra","data_sources",60
"SRP121471","mouse","sra","data_sources/sra","data_sources",2
"DRP003771","mouse","sra","data_sources/sra","data_sources",14
"SRP220371","mouse","sra","data_sources/sra","data_sources",42
"SRP058871","mouse","sra","data_sources/sra","data_sources",2
"SRP043071","mouse","sra","data_sources/sra","data_sources",4
"SRP070571","mouse","sra","data_sources/sra","data_sources",17
"ERP005871","mouse","sra","data_sources/sra","data_sources",12
"SRP101771","mouse","sra","data_sources/sra","data_sources",12
"SRP151071","mouse","sra","data_sources/sra","data_sources",12
"SRP173671","mouse","sra","data_sources/sra","data_sources",12
"SRP131971","mouse","sra","data_sources/sra","data_sources",36
"SRP076671","mouse","sra","data_sources/sra","data_sources",20
"SRP077671","mouse","sra","data_sources/sra","data_sources",12
"SRP057171","mouse","sra","data_sources/sra","data_sources",82
"SRP111471","mouse","sra","data_sources/sra","data_sources",6
"ERP109771","mouse","sra","data_sources/sra","data_sources",6
"SRP017471","mouse","sra","data_sources/sra","data_sources",12
"SRP056071","mouse","sra","data_sources/sra","data_sources",12
"SRP065571","mouse","sra","data_sources/sra","data_sources",16
"SRP126871","mouse","sra","data_sources/sra","data_sources",7
"SRP220671","mouse","sra","data_sources/sra","data_sources",62
"SRP153071","mouse","sra","data_sources/sra","data_sources",12
"SRP121171","mouse","sra","data_sources/sra","data_sources",1
"SRP096571","mouse","sra","data_sources/sra","data_sources",24
"SRP123271","mouse","sra","data_sources/sra","data_sources",7
"SRP047171","mouse","sra","data_sources/sra","data_sources",12
"SRP158771","mouse","sra","data_sources/sra","data_sources",6
"SRP152871","mouse","sra","data_sources/sra","data_sources",14
"ERP107271","mouse","sra","data_sources/sra","data_sources",96
"ERP112971","mouse","sra","data_sources/sra","data_sources",14
"SRP095471","mouse","sra","data_sources/sra","data_sources",33
"SRP169971","mouse","sra","data_sources/sra","data_sources",6
"ERP113371","mouse","sra","data_sources/sra","data_sources",4
"SRP056871","mouse","sra","data_sources/sra","data_sources",16
"SRP187471","mouse","sra","data_sources/sra","data_sources",6
"SRP217971","mouse","sra","data_sources/sra","data_sources",8
"SRP187571","mouse","sra","data_sources/sra","data_sources",17
"SRP223471","mouse","sra","data_sources/sra","data_sources",9
"SRP169871","mouse","sra","data_sources/sra","data_sources",8
"SRP109171","mouse","sra","data_sources/sra","data_sources",6
"ERP104271","mouse","sra","data_sources/sra","data_sources",6
"ERP016271","mouse","sra","data_sources/sra","data_sources",18
"SRP069071","mouse","sra","data_sources/sra","data_sources",27
"ERP109471","mouse","sra","data_sources/sra","data_sources",16
"SRP066771","mouse","sra","data_sources/sra","data_sources",4
"SRP215371","mouse","sra","data_sources/sra","data_sources",8
"SRP191571","mouse","sra","data_sources/sra","data_sources",21
"DRP005271","mouse","sra","data_sources/sra","data_sources",8
"SRP105771","mouse","sra","data_sources/sra","data_sources",2
"SRP127171","mouse","sra","data_sources/sra","data_sources",7
"SRP050071","mouse","sra","data_sources/sra","data_sources",12
"SRP132071","mouse","sra","data_sources/sra","data_sources",16
"SRP094571","mouse","sra","data_sources/sra","data_sources",4
"SRP043271","mouse","sra","data_sources/sra","data_sources",31
"SRP143395","mouse","sra","data_sources/sra","data_sources",135
"DRP002295","mouse","sra","data_sources/sra","data_sources",25
"SRP126295","mouse","sra","data_sources/sra","data_sources",24
"SRP064595","mouse","sra","data_sources/sra","data_sources",6
"SRP125395","mouse","sra","data_sources/sra","data_sources",8
"SRP051995","mouse","sra","data_sources/sra","data_sources",6
"SRP121195","mouse","sra","data_sources/sra","data_sources",1
"SRP162495","mouse","sra","data_sources/sra","data_sources",15
"SRP132295","mouse","sra","data_sources/sra","data_sources",11
"SRP110495","mouse","sra","data_sources/sra","data_sources",24
"SRP114695","mouse","sra","data_sources/sra","data_sources",15
"SRP139795","mouse","sra","data_sources/sra","data_sources",8
"SRP047295","mouse","sra","data_sources/sra","data_sources",1
"ERP114395","mouse","sra","data_sources/sra","data_sources",7
"SRP048595","mouse","sra","data_sources/sra","data_sources",12
"SRP119095","mouse","sra","data_sources/sra","data_sources",6
"SRP117795","mouse","sra","data_sources/sra","data_sources",27
"ERP005295","mouse","sra","data_sources/sra","data_sources",27
"SRP003495","mouse","sra","data_sources/sra","data_sources",4
"SRP157995","mouse","sra","data_sources/sra","data_sources",16
"SRP073495","mouse","sra","data_sources/sra","data_sources",189
"SRP141395","mouse","sra","data_sources/sra","data_sources",4
"SRP118295","mouse","sra","data_sources/sra","data_sources",11
"SRP118895","mouse","sra","data_sources/sra","data_sources",12
"SRP151295","mouse","sra","data_sources/sra","data_sources",6
"SRP162795","mouse","sra","data_sources/sra","data_sources",12
"SRP137895","mouse","sra","data_sources/sra","data_sources",4
"SRP050095","mouse","sra","data_sources/sra","data_sources",1
"SRP063595","mouse","sra","data_sources/sra","data_sources",6
"SRP101495","mouse","sra","data_sources/sra","data_sources",15
"SRP055995","mouse","sra","data_sources/sra","data_sources",8
"SRP094495","mouse","sra","data_sources/sra","data_sources",12
"SRP132195","mouse","sra","data_sources/sra","data_sources",55
"ERP002295","mouse","sra","data_sources/sra","data_sources",143
"SRP140095","mouse","sra","data_sources/sra","data_sources",9
"SRP096595","mouse","sra","data_sources/sra","data_sources",12
"SRP158795","mouse","sra","data_sources/sra","data_sources",36
"SRP107795","mouse","sra","data_sources/sra","data_sources",2
"ERP104395","mouse","sra","data_sources/sra","data_sources",38
"SRP093795","mouse","sra","data_sources/sra","data_sources",11
"SRP099895","mouse","sra","data_sources/sra","data_sources",24
"SRP109095","mouse","sra","data_sources/sra","data_sources",6
"SRP168395","mouse","sra","data_sources/sra","data_sources",18
"SRP041895","mouse","sra","data_sources/sra","data_sources",8
"SRP053095","mouse","sra","data_sources/sra","data_sources",6
"SRP009895","mouse","sra","data_sources/sra","data_sources",2
"SRP021195","mouse","sra","data_sources/sra","data_sources",6
"ERP010095","mouse","sra","data_sources/sra","data_sources",40
"SRP136995","mouse","sra","data_sources/sra","data_sources",4
"SRP062495","mouse","sra","data_sources/sra","data_sources",14
"SRP084395","mouse","sra","data_sources/sra","data_sources",10
"SRP194295","mouse","sra","data_sources/sra","data_sources",48
"SRP097195","mouse","sra","data_sources/sra","data_sources",46
"SRP065995","mouse","sra","data_sources/sra","data_sources",6
"SRP158995","mouse","sra","data_sources/sra","data_sources",32
"SRP148095","mouse","sra","data_sources/sra","data_sources",76
"SRP156495","mouse","sra","data_sources/sra","data_sources",4
"ERP005595","mouse","sra","data_sources/sra","data_sources",21
"SRP108495","mouse","sra","data_sources/sra","data_sources",33
"SRP035495","mouse","sra","data_sources/sra","data_sources",35
"SRP161995","mouse","sra","data_sources/sra","data_sources",6
"SRP045495","mouse","sra","data_sources/sra","data_sources",4
"SRP090295","mouse","sra","data_sources/sra","data_sources",24
"SRP029195","mouse","sra","data_sources/sra","data_sources",6
"SRP067295","mouse","sra","data_sources/sra","data_sources",5
"SRP189795","mouse","sra","data_sources/sra","data_sources",145
"SRP162295","mouse","sra","data_sources/sra","data_sources",18
"SRP104995","mouse","sra","data_sources/sra","data_sources",6
"SRP061095","mouse","sra","data_sources/sra","data_sources",17
"SRP144795","mouse","sra","data_sources/sra","data_sources",10
"SRP229595","mouse","sra","data_sources/sra","data_sources",9
"SRP090395","mouse","sra","data_sources/sra","data_sources",23
"SRP047495","mouse","sra","data_sources/sra","data_sources",2
"SRP118695","mouse","sra","data_sources/sra","data_sources",12
"SRP070995","mouse","sra","data_sources/sra","data_sources",4
"SRP159295","mouse","sra","data_sources/sra","data_sources",2
"SRP077095","mouse","sra","data_sources/sra","data_sources",36
"SRP072895","mouse","sra","data_sources/sra","data_sources",12
"SRP182995","mouse","sra","data_sources/sra","data_sources",2
"SRP230295","mouse","sra","data_sources/sra","data_sources",8
"SRP065895","mouse","sra","data_sources/sra","data_sources",20
"SRP128895","mouse","sra","data_sources/sra","data_sources",6
"SRP040595","mouse","sra","data_sources/sra","data_sources",2
"SRP166995","mouse","sra","data_sources/sra","data_sources",6
"SRP149995","mouse","sra","data_sources/sra","data_sources",12
"SRP060295","mouse","sra","data_sources/sra","data_sources",48
"SRP120495","mouse","sra","data_sources/sra","data_sources",19
"SRP131795","mouse","sra","data_sources/sra","data_sources",24
"SRP212695","mouse","sra","data_sources/sra","data_sources",10
"SRP027595","mouse","sra","data_sources/sra","data_sources",8
"SRP214595","mouse","sra","data_sources/sra","data_sources",24
"SRP018695","mouse","sra","data_sources/sra","data_sources",55
"SRP059295","mouse","sra","data_sources/sra","data_sources",18
"SRP148995","mouse","sra","data_sources/sra","data_sources",4
"SRP165895","mouse","sra","data_sources/sra","data_sources",12
"SRP132695","mouse","sra","data_sources/sra","data_sources",10
"SRP072095","mouse","sra","data_sources/sra","data_sources",16
"SRP063395","mouse","sra","data_sources/sra","data_sources",5
"SRP151595","mouse","sra","data_sources/sra","data_sources",23
"SRP061395","mouse","sra","data_sources/sra","data_sources",13
"SRP237295","mouse","sra","data_sources/sra","data_sources",12
"SRP182095","mouse","sra","data_sources/sra","data_sources",24
"SRP119595","mouse","sra","data_sources/sra","data_sources",10
"SRP074295","mouse","sra","data_sources/sra","data_sources",6
"SRP192395","mouse","sra","data_sources/sra","data_sources",18
"SRP064195","mouse","sra","data_sources/sra","data_sources",10
"SRP083895","mouse","sra","data_sources/sra","data_sources",9
"DRP002695","mouse","sra","data_sources/sra","data_sources",9
"SRP074895","mouse","sra","data_sources/sra","data_sources",16
"ERP113595","mouse","sra","data_sources/sra","data_sources",515
"SRP040495","mouse","sra","data_sources/sra","data_sources",12
"SRP092343","mouse","sra","data_sources/sra","data_sources",147
"ERP017743","mouse","sra","data_sources/sra","data_sources",12
"SRP067243","mouse","sra","data_sources/sra","data_sources",20
"SRP162243","mouse","sra","data_sources/sra","data_sources",24
"SRP072343","mouse","sra","data_sources/sra","data_sources",6
"SRP091843","mouse","sra","data_sources/sra","data_sources",8
"SRP194243","mouse","sra","data_sources/sra","data_sources",12
"SRP170043","mouse","sra","data_sources/sra","data_sources",4
"ERP023143","mouse","sra","data_sources/sra","data_sources",189
"SRP098643","mouse","sra","data_sources/sra","data_sources",18
"DRP004743","mouse","sra","data_sources/sra","data_sources",8
"SRP106343","mouse","sra","data_sources/sra","data_sources",18
"SRP008743","mouse","sra","data_sources/sra","data_sources",4
"SRP106243","mouse","sra","data_sources/sra","data_sources",2
"SRP156543","mouse","sra","data_sources/sra","data_sources",6
"SRP234043","mouse","sra","data_sources/sra","data_sources",8
"SRP077043","mouse","sra","data_sources/sra","data_sources",9
"SRP221143","mouse","sra","data_sources/sra","data_sources",6
"SRP110243","mouse","sra","data_sources/sra","data_sources",15
"SRP140543","mouse","sra","data_sources/sra","data_sources",9
"SRP096043","mouse","sra","data_sources/sra","data_sources",12
"SRP112343","mouse","sra","data_sources/sra","data_sources",505
"SRP171143","mouse","sra","data_sources/sra","data_sources",8
"SRP107243","mouse","sra","data_sources/sra","data_sources",83
"SRP149143","mouse","sra","data_sources/sra","data_sources",36
"SRP175343","mouse","sra","data_sources/sra","data_sources",80
"SRP193243","mouse","sra","data_sources/sra","data_sources",13
"SRP045743","mouse","sra","data_sources/sra","data_sources",4
"SRP070143","mouse","sra","data_sources/sra","data_sources",1
"SRP151443","mouse","sra","data_sources/sra","data_sources",70
"SRP167943","mouse","sra","data_sources/sra","data_sources",6
"SRP080843","mouse","sra","data_sources/sra","data_sources",8
"SRP100343","mouse","sra","data_sources/sra","data_sources",43
"SRP076843","mouse","sra","data_sources/sra","data_sources",6
"DRP002743","mouse","sra","data_sources/sra","data_sources",5
"SRP181043","mouse","sra","data_sources/sra","data_sources",19
"SRP057443","mouse","sra","data_sources/sra","data_sources",3
"SRP013843","mouse","sra","data_sources/sra","data_sources",4
"SRP115343","mouse","sra","data_sources/sra","data_sources",6
"SRP069743","mouse","sra","data_sources/sra","data_sources",18
"SRP078443","mouse","sra","data_sources/sra","data_sources",6
"ERP111443","mouse","sra","data_sources/sra","data_sources",8
"SRP059943","mouse","sra","data_sources/sra","data_sources",19
"SRP163043","mouse","sra","data_sources/sra","data_sources",2
"SRP139843","mouse","sra","data_sources/sra","data_sources",6
"SRP167843","mouse","sra","data_sources/sra","data_sources",3
"SRP200543","mouse","sra","data_sources/sra","data_sources",7
"SRP075843","mouse","sra","data_sources/sra","data_sources",5
"SRP090043","mouse","sra","data_sources/sra","data_sources",7
"SRP029343","mouse","sra","data_sources/sra","data_sources",4
"SRP180143","mouse","sra","data_sources/sra","data_sources",12
"ERP006643","mouse","sra","data_sources/sra","data_sources",30
"SRP119143","mouse","sra","data_sources/sra","data_sources",15
"SRP089943","mouse","sra","data_sources/sra","data_sources",12
"DRP003243","mouse","sra","data_sources/sra","data_sources",2
"SRP121143","mouse","sra","data_sources/sra","data_sources",1
"SRP099043","mouse","sra","data_sources/sra","data_sources",11
"SRP002543","mouse","sra","data_sources/sra","data_sources",33
"SRP155943","mouse","sra","data_sources/sra","data_sources",24
"SRP055143","mouse","sra","data_sources/sra","data_sources",6
"SRP137143","mouse","sra","data_sources/sra","data_sources",38
"SRP167643","mouse","sra","data_sources/sra","data_sources",2
"ERP007243","mouse","sra","data_sources/sra","data_sources",10
"SRP154343","mouse","sra","data_sources/sra","data_sources",6
"SRP058743","mouse","sra","data_sources/sra","data_sources",12
"SRP093443","mouse","sra","data_sources/sra","data_sources",30
"SRP168043","mouse","sra","data_sources/sra","data_sources",6
"SRP239043","mouse","sra","data_sources/sra","data_sources",4
"SRP120043","mouse","sra","data_sources/sra","data_sources",36
"SRP073443","mouse","sra","data_sources/sra","data_sources",3
"SRP061643","mouse","sra","data_sources/sra","data_sources",8
"SRP139743","mouse","sra","data_sources/sra","data_sources",2
"SRP149543","mouse","sra","data_sources/sra","data_sources",12
"SRP048743","mouse","sra","data_sources/sra","data_sources",1
"SRP122943","mouse","sra","data_sources/sra","data_sources",8
"SRP081443","mouse","sra","data_sources/sra","data_sources",8
"SRP128643","mouse","sra","data_sources/sra","data_sources",2
"SRP068043","mouse","sra","data_sources/sra","data_sources",29
"SRP041343","mouse","sra","data_sources/sra","data_sources",26
"SRP150243","mouse","sra","data_sources/sra","data_sources",25
"SRP185443","mouse","sra","data_sources/sra","data_sources",12
"SRP217843","mouse","sra","data_sources/sra","data_sources",6
"SRP119843","mouse","sra","data_sources/sra","data_sources",6
"ERP112843","mouse","sra","data_sources/sra","data_sources",6614
"SRP200843","mouse","sra","data_sources/sra","data_sources",6
"ERP104243","mouse","sra","data_sources/sra","data_sources",37
"SRP093643","mouse","sra","data_sources/sra","data_sources",28
"SRP189843","mouse","sra","data_sources/sra","data_sources",38
"SRP064643","mouse","sra","data_sources/sra","data_sources",3
"SRP049743","mouse","sra","data_sources/sra","data_sources",16
"SRP058443","mouse","sra","data_sources/sra","data_sources",804
"SRP031843","mouse","sra","data_sources/sra","data_sources",4
"SRP115543","mouse","sra","data_sources/sra","data_sources",48
"SRP044043","mouse","sra","data_sources/sra","data_sources",14
"SRP131043","mouse","sra","data_sources/sra","data_sources",14
"SRP102543","mouse","sra","data_sources/sra","data_sources",18
"SRP136943","mouse","sra","data_sources/sra","data_sources",16
"SRP118943","mouse","sra","data_sources/sra","data_sources",3
"SRP189343","mouse","sra","data_sources/sra","data_sources",38
"SRP191443","mouse","sra","data_sources/sra","data_sources",18
"SRP076543","mouse","sra","data_sources/sra","data_sources",8
"SRP151034","mouse","sra","data_sources/sra","data_sources",40
"SRP126934","mouse","sra","data_sources/sra","data_sources",15
"SRP112534","mouse","sra","data_sources/sra","data_sources",4
"SRP067534","mouse","sra","data_sources/sra","data_sources",6
"SRP105534","mouse","sra","data_sources/sra","data_sources",8
"SRP089834","mouse","sra","data_sources/sra","data_sources",4
"SRP125234","mouse","sra","data_sources/sra","data_sources",12
"SRP149734","mouse","sra","data_sources/sra","data_sources",8
"ERP014134","mouse","sra","data_sources/sra","data_sources",39
"SRP198934","mouse","sra","data_sources/sra","data_sources",15
"SRP057134","mouse","sra","data_sources/sra","data_sources",9
"SRP077634","mouse","sra","data_sources/sra","data_sources",23
"SRP168034","mouse","sra","data_sources/sra","data_sources",3
"SRP157934","mouse","sra","data_sources/sra","data_sources",6
"SRP131334","mouse","sra","data_sources/sra","data_sources",12
"SRP113534","mouse","sra","data_sources/sra","data_sources",4
"SRP095734","mouse","sra","data_sources/sra","data_sources",16
"SRP102734","mouse","sra","data_sources/sra","data_sources",5
"SRP108834","mouse","sra","data_sources/sra","data_sources",4
"SRP077734","mouse","sra","data_sources/sra","data_sources",15
"SRP064534","mouse","sra","data_sources/sra","data_sources",72
"SRP158534","mouse","sra","data_sources/sra","data_sources",14
"SRP212934","mouse","sra","data_sources/sra","data_sources",30
"SRP193734","mouse","sra","data_sources/sra","data_sources",143
"SRP105434","mouse","sra","data_sources/sra","data_sources",15
"SRP144034","mouse","sra","data_sources/sra","data_sources",8
"SRP121134","mouse","sra","data_sources/sra","data_sources",1
"SRP087434","mouse","sra","data_sources/sra","data_sources",36
"SRP041034","mouse","sra","data_sources/sra","data_sources",6
"SRP110534","mouse","sra","data_sources/sra","data_sources",8
"SRP154934","mouse","sra","data_sources/sra","data_sources",17
"SRP168934","mouse","sra","data_sources/sra","data_sources",83
"SRP101434","mouse","sra","data_sources/sra","data_sources",16
"SRP099234","mouse","sra","data_sources/sra","data_sources",15
"SRP087634","mouse","sra","data_sources/sra","data_sources",16
"SRP108034","mouse","sra","data_sources/sra","data_sources",250
"SRP064734","mouse","sra","data_sources/sra","data_sources",6
"SRP151934","mouse","sra","data_sources/sra","data_sources",14
"SRP119934","mouse","sra","data_sources/sra","data_sources",14
"SRP188334","mouse","sra","data_sources/sra","data_sources",975
"SRP042334","mouse","sra","data_sources/sra","data_sources",20
"SRP073734","mouse","sra","data_sources/sra","data_sources",11
"SRP119834","mouse","sra","data_sources/sra","data_sources",6
"SRP151834","mouse","sra","data_sources/sra","data_sources",2
"SRP093634","mouse","sra","data_sources/sra","data_sources",547
"SRP108134","mouse","sra","data_sources/sra","data_sources",32
"SRP045134","mouse","sra","data_sources/sra","data_sources",2
"SRP061434","mouse","sra","data_sources/sra","data_sources",12
"SRP061034","mouse","sra","data_sources/sra","data_sources",9
"SRP045534","mouse","sra","data_sources/sra","data_sources",12
"SRP076034","mouse","sra","data_sources/sra","data_sources",14
"SRP125434","mouse","sra","data_sources/sra","data_sources",8
"SRP108534","mouse","sra","data_sources/sra","data_sources",6
"SRP093234","mouse","sra","data_sources/sra","data_sources",4
"SRP034534","mouse","sra","data_sources/sra","data_sources",24
"SRP188634","mouse","sra","data_sources/sra","data_sources",16
"SRP133434","mouse","sra","data_sources/sra","data_sources",17
"SRP226834","mouse","sra","data_sources/sra","data_sources",12
"SRP067834","mouse","sra","data_sources/sra","data_sources",4
"SRP048834","mouse","sra","data_sources/sra","data_sources",2
"SRP188734","mouse","sra","data_sources/sra","data_sources",6
"SRP179434","mouse","sra","data_sources/sra","data_sources",6
"SRP166034","mouse","sra","data_sources/sra","data_sources",2
"SRP037534","mouse","sra","data_sources/sra","data_sources",4
"SRP136734","mouse","sra","data_sources/sra","data_sources",18
"SRP020534","mouse","sra","data_sources/sra","data_sources",1
"ERP022134","mouse","sra","data_sources/sra","data_sources",20
"SRP050534","mouse","sra","data_sources/sra","data_sources",1
"SRP080934","mouse","sra","data_sources/sra","data_sources",8
"SRP077934","mouse","sra","data_sources/sra","data_sources",8
"SRP219834","mouse","sra","data_sources/sra","data_sources",34
"SRP067034","mouse","sra","data_sources/sra","data_sources",24
"SRP029334","mouse","sra","data_sources/sra","data_sources",2
"SRP045634","mouse","sra","data_sources/sra","data_sources",4
"SRP017034","mouse","sra","data_sources/sra","data_sources",5
"SRP117234","mouse","sra","data_sources/sra","data_sources",2
"SRP103934","mouse","sra","data_sources/sra","data_sources",12
"SRP064134","mouse","sra","data_sources/sra","data_sources",4
"SRP179634","mouse","sra","data_sources/sra","data_sources",14
"SRP111134","mouse","sra","data_sources/sra","data_sources",4
"SRP114934","mouse","sra","data_sources/sra","data_sources",8
"SRP133734","mouse","sra","data_sources/sra","data_sources",39
"SRP201434","mouse","sra","data_sources/sra","data_sources",15
"SRP095334","mouse","sra","data_sources/sra","data_sources",32
"SRP094934","mouse","sra","data_sources/sra","data_sources",9
"SRP192234","mouse","sra","data_sources/sra","data_sources",4
"SRP103834","mouse","sra","data_sources/sra","data_sources",45
"SRP082334","mouse","sra","data_sources/sra","data_sources",439
"SRP170934","mouse","sra","data_sources/sra","data_sources",6
"SRP116334","mouse","sra","data_sources/sra","data_sources",20
"SRP081234","mouse","sra","data_sources/sra","data_sources",24
"SRP067134","mouse","sra","data_sources/sra","data_sources",3
"SRP165834","mouse","sra","data_sources/sra","data_sources",6
"SRP043434","mouse","sra","data_sources/sra","data_sources",11
"SRP017849","mouse","sra","data_sources/sra","data_sources",42
"ERP023149","mouse","sra","data_sources/sra","data_sources",8
"SRP126449","mouse","sra","data_sources/sra","data_sources",32
"SRP190049","mouse","sra","data_sources/sra","data_sources",8
"SRP070849","mouse","sra","data_sources/sra","data_sources",19
"SRP147749","mouse","sra","data_sources/sra","data_sources",4
"SRP017249","mouse","sra","data_sources/sra","data_sources",4
"SRP068549","mouse","sra","data_sources/sra","data_sources",2
"SRP162249","mouse","sra","data_sources/sra","data_sources",14
"SRP041749","mouse","sra","data_sources/sra","data_sources",12
"SRP171149","mouse","sra","data_sources/sra","data_sources",16
"SRP016949","mouse","sra","data_sources/sra","data_sources",2
"SRP136649","mouse","sra","data_sources/sra","data_sources",6
"SRP067349","mouse","sra","data_sources/sra","data_sources",12
"ERP115549","mouse","sra","data_sources/sra","data_sources",12
"SRP154449","mouse","sra","data_sources/sra","data_sources",4
"SRP137649","mouse","sra","data_sources/sra","data_sources",7
"SRP086349","mouse","sra","data_sources/sra","data_sources",9
"SRP095349","mouse","sra","data_sources/sra","data_sources",8
"SRP073049","mouse","sra","data_sources/sra","data_sources",8
"SRP116949","mouse","sra","data_sources/sra","data_sources",6
"SRP066149","mouse","sra","data_sources/sra","data_sources",8
"SRP063949","mouse","sra","data_sources/sra","data_sources",2
"SRP101949","mouse","sra","data_sources/sra","data_sources",24
"SRP055449","mouse","sra","data_sources/sra","data_sources",4
"SRP216449","mouse","sra","data_sources/sra","data_sources",18
"SRP157749","mouse","sra","data_sources/sra","data_sources",20
"ERP004649","mouse","sra","data_sources/sra","data_sources",18
"SRP170949","mouse","sra","data_sources/sra","data_sources",24
"SRP136449","mouse","sra","data_sources/sra","data_sources",10
"DRP005449","mouse","sra","data_sources/sra","data_sources",24
"SRP237349","mouse","sra","data_sources/sra","data_sources",9
"SRP117949","mouse","sra","data_sources/sra","data_sources",6
"SRP219949","mouse","sra","data_sources/sra","data_sources",6
"SRP165849","mouse","sra","data_sources/sra","data_sources",4
"SRP058849","mouse","sra","data_sources/sra","data_sources",25
"SRP192849","mouse","sra","data_sources/sra","data_sources",8
"SRP028949","mouse","sra","data_sources/sra","data_sources",3
"ERP119049","mouse","sra","data_sources/sra","data_sources",45
"SRP068749","mouse","sra","data_sources/sra","data_sources",4
"SRP102949","mouse","sra","data_sources/sra","data_sources",6
"SRP013849","mouse","sra","data_sources/sra","data_sources",4
"SRP075249","mouse","sra","data_sources/sra","data_sources",19
"SRP060349","mouse","sra","data_sources/sra","data_sources",10
"SRP113049","mouse","sra","data_sources/sra","data_sources",30
"SRP114949","mouse","sra","data_sources/sra","data_sources",9
"SRP062249","mouse","sra","data_sources/sra","data_sources",23
"SRP155949","mouse","sra","data_sources/sra","data_sources",6
"SRP012649","mouse","sra","data_sources/sra","data_sources",5
"SRP221649","mouse","sra","data_sources/sra","data_sources",2
"SRP097749","mouse","sra","data_sources/sra","data_sources",8
"SRP022849","mouse","sra","data_sources/sra","data_sources",9
"SRP080749","mouse","sra","data_sources/sra","data_sources",2
"SRP039449","mouse","sra","data_sources/sra","data_sources",1
"SRP059749","mouse","sra","data_sources/sra","data_sources",4
"SRP199849","mouse","sra","data_sources/sra","data_sources",6
"ERP009549","mouse","sra","data_sources/sra","data_sources",16
"SRP156849","mouse","sra","data_sources/sra","data_sources",4
"SRP099049","mouse","sra","data_sources/sra","data_sources",8
"SRP121149","mouse","sra","data_sources/sra","data_sources",1
"SRP043149","mouse","sra","data_sources/sra","data_sources",2
"SRP103749","mouse","sra","data_sources/sra","data_sources",39
"SRP200149","mouse","sra","data_sources/sra","data_sources",14
"DRP001349","mouse","sra","data_sources/sra","data_sources",8
"ERP020749","mouse","sra","data_sources/sra","data_sources",230
"SRP162549","mouse","sra","data_sources/sra","data_sources",474
"SRP198349","mouse","sra","data_sources/sra","data_sources",12
"SRP131949","mouse","sra","data_sources/sra","data_sources",37
"SRP198949","mouse","sra","data_sources/sra","data_sources",6
"SRP165649","mouse","sra","data_sources/sra","data_sources",2
"ERP014149","mouse","sra","data_sources/sra","data_sources",1
"SRP055049","mouse","sra","data_sources/sra","data_sources",12
"SRP126349","mouse","sra","data_sources/sra","data_sources",8
"SRP131349","mouse","sra","data_sources/sra","data_sources",8
"SRP003449","mouse","sra","data_sources/sra","data_sources",1
"SRP098149","mouse","sra","data_sources/sra","data_sources",6
"SRP133249","mouse","sra","data_sources/sra","data_sources",24
"SRP068849","mouse","sra","data_sources/sra","data_sources",6
"SRP111649","mouse","sra","data_sources/sra","data_sources",4
"SRP217849","mouse","sra","data_sources/sra","data_sources",16
"SRP014649","mouse","sra","data_sources/sra","data_sources",9
"SRP077449","mouse","sra","data_sources/sra","data_sources",14
"SRP193449","mouse","sra","data_sources/sra","data_sources",56
"SRP152949","mouse","sra","data_sources/sra","data_sources",11
"SRP047049","mouse","sra","data_sources/sra","data_sources",6
"SRP128649","mouse","sra","data_sources/sra","data_sources",70
"SRP045149","mouse","sra","data_sources/sra","data_sources",6
"SRP216849","mouse","sra","data_sources/sra","data_sources",10
"SRP094449","mouse","sra","data_sources/sra","data_sources",7
"SRP041249","mouse","sra","data_sources/sra","data_sources",4
"SRP186449","mouse","sra","data_sources/sra","data_sources",8
"SRP215249","mouse","sra","data_sources/sra","data_sources",40
"SRP166449","mouse","sra","data_sources/sra","data_sources",6
"SRP108049","mouse","sra","data_sources/sra","data_sources",13
"SRP224649","mouse","sra","data_sources/sra","data_sources",16
"SRP036149","mouse","sra","data_sources/sra","data_sources",20
"SRP154149","mouse","sra","data_sources/sra","data_sources",52
"SRP005449","mouse","sra","data_sources/sra","data_sources",2
"SRP131049","mouse","sra","data_sources/sra","data_sources",21
"SRP055868","mouse","sra","data_sources/sra","data_sources",4
"SRP200268","mouse","sra","data_sources/sra","data_sources",18
"ERP002368","mouse","sra","data_sources/sra","data_sources",20
"SRP151268","mouse","sra","data_sources/sra","data_sources",24
"SRP149568","mouse","sra","data_sources/sra","data_sources",3
"SRP119268","mouse","sra","data_sources/sra","data_sources",4
"SRP136268","mouse","sra","data_sources/sra","data_sources",24
"ERP113868","mouse","sra","data_sources/sra","data_sources",12
"SRP238268","mouse","sra","data_sources/sra","data_sources",8
"SRP079368","mouse","sra","data_sources/sra","data_sources",8
"SRP093668","mouse","sra","data_sources/sra","data_sources",15
"SRP216268","mouse","sra","data_sources/sra","data_sources",11
"SRP183768","mouse","sra","data_sources/sra","data_sources",12
"SRP113768","mouse","sra","data_sources/sra","data_sources",12
"SRP042368","mouse","sra","data_sources/sra","data_sources",24
"ERP012168","mouse","sra","data_sources/sra","data_sources",5
"SRP133168","mouse","sra","data_sources/sra","data_sources",12
"SRP095468","mouse","sra","data_sources/sra","data_sources",163
"DRP004368","mouse","sra","data_sources/sra","data_sources",12
"SRP032968","mouse","sra","data_sources/sra","data_sources",2
"ERP116168","mouse","sra","data_sources/sra","data_sources",12
"SRP224668","mouse","sra","data_sources/sra","data_sources",8
"SRP182668","mouse","sra","data_sources/sra","data_sources",48
"SRP107768","mouse","sra","data_sources/sra","data_sources",12
"SRP121168","mouse","sra","data_sources/sra","data_sources",1
"SRP123068","mouse","sra","data_sources/sra","data_sources",6
"SRP164768","mouse","sra","data_sources/sra","data_sources",4
"ERP004368","mouse","sra","data_sources/sra","data_sources",4
"SRP080768","mouse","sra","data_sources/sra","data_sources",12
"SRP078068","mouse","sra","data_sources/sra","data_sources",6
"ERP118468","mouse","sra","data_sources/sra","data_sources",12
"SRP052868","mouse","sra","data_sources/sra","data_sources",6
"SRP159568","mouse","sra","data_sources/sra","data_sources",8
"SRP156268","mouse","sra","data_sources/sra","data_sources",6
"SRP172768","mouse","sra","data_sources/sra","data_sources",955
"SRP018968","mouse","sra","data_sources/sra","data_sources",15
"SRP120168","mouse","sra","data_sources/sra","data_sources",8
"SRP157968","mouse","sra","data_sources/sra","data_sources",24
"SRP062768","mouse","sra","data_sources/sra","data_sources",9
"SRP118068","mouse","sra","data_sources/sra","data_sources",2
"SRP091568","mouse","sra","data_sources/sra","data_sources",15
"SRP044368","mouse","sra","data_sources/sra","data_sources",10
"SRP229368","mouse","sra","data_sources/sra","data_sources",15
"SRP146068","mouse","sra","data_sources/sra","data_sources",14
"ERP114368","mouse","sra","data_sources/sra","data_sources",8
"SRP158468","mouse","sra","data_sources/sra","data_sources",12
"SRP072468","mouse","sra","data_sources/sra","data_sources",6
"SRP126968","mouse","sra","data_sources/sra","data_sources",12
"SRP153168","mouse","sra","data_sources/sra","data_sources",18
"SRP124868","mouse","sra","data_sources/sra","data_sources",12
"SRP007868","mouse","sra","data_sources/sra","data_sources",42
"SRP148968","mouse","sra","data_sources/sra","data_sources",180
"SRP033468","mouse","sra","data_sources/sra","data_sources",5
"SRP028868","mouse","sra","data_sources/sra","data_sources",46
"SRP110068","mouse","sra","data_sources/sra","data_sources",12
"SRP101368","mouse","sra","data_sources/sra","data_sources",7
"SRP235268","mouse","sra","data_sources/sra","data_sources",3
"SRP128068","mouse","sra","data_sources/sra","data_sources",11
"SRP063968","mouse","sra","data_sources/sra","data_sources",8
"SRP126768","mouse","sra","data_sources/sra","data_sources",22
"SRP179768","mouse","sra","data_sources/sra","data_sources",17
"ERP014568","mouse","sra","data_sources/sra","data_sources",18
"SRP159068","mouse","sra","data_sources/sra","data_sources",20
"SRP219368","mouse","sra","data_sources/sra","data_sources",50
"SRP082368","mouse","sra","data_sources/sra","data_sources",4
"DRP000668","mouse","sra","data_sources/sra","data_sources",1
"SRP098568","mouse","sra","data_sources/sra","data_sources",10
"SRP199768","mouse","sra","data_sources/sra","data_sources",59
"SRP096968","mouse","sra","data_sources/sra","data_sources",6
"SRP192368","mouse","sra","data_sources/sra","data_sources",20
"SRP214468","mouse","sra","data_sources/sra","data_sources",11
"SRP062868","mouse","sra","data_sources/sra","data_sources",6
"SRP136568","mouse","sra","data_sources/sra","data_sources",6
"SRP128168","mouse","sra","data_sources/sra","data_sources",6
"SRP237268","mouse","sra","data_sources/sra","data_sources",13
"SRP009468","mouse","sra","data_sources/sra","data_sources",3
"SRP115968","mouse","sra","data_sources/sra","data_sources",8
"SRP033568","mouse","sra","data_sources/sra","data_sources",2
"SRP186268","mouse","sra","data_sources/sra","data_sources",12
"ERP110668","mouse","sra","data_sources/sra","data_sources",9
"SRP198468","mouse","sra","data_sources/sra","data_sources",12
"SRP064968","mouse","sra","data_sources/sra","data_sources",48
"SRP184168","mouse","sra","data_sources/sra","data_sources",8
"SRP094068","mouse","sra","data_sources/sra","data_sources",61
"SRP071868","mouse","sra","data_sources/sra","data_sources",516
"SRP125568","mouse","sra","data_sources/sra","data_sources",2
"SRP067268","mouse","sra","data_sources/sra","data_sources",16
"SRP105268","mouse","sra","data_sources/sra","data_sources",10
"SRP081168","mouse","sra","data_sources/sra","data_sources",12
"SRP145668","mouse","sra","data_sources/sra","data_sources",8
"SRP066268","mouse","sra","data_sources/sra","data_sources",18
"SRP015968","mouse","sra","data_sources/sra","data_sources",2
"SRP038868","mouse","sra","data_sources/sra","data_sources",3
"SRP073368","mouse","sra","data_sources/sra","data_sources",10
"SRP017868","mouse","sra","data_sources/sra","data_sources",12
"SRP131468","mouse","sra","data_sources/sra","data_sources",12
"SRP199568","mouse","sra","data_sources/sra","data_sources",6
"SRP194368","mouse","sra","data_sources/sra","data_sources",4
"SRP064268","mouse","sra","data_sources/sra","data_sources",2
"SRP135768","mouse","sra","data_sources/sra","data_sources",39
"SRP082168","mouse","sra","data_sources/sra","data_sources",7
"SRP072868","mouse","sra","data_sources/sra","data_sources",12
"ERP106768","mouse","sra","data_sources/sra","data_sources",2
"SRP091368","mouse","sra","data_sources/sra","data_sources",3
"SRP127568","mouse","sra","data_sources/sra","data_sources",8
"SRP039968","mouse","sra","data_sources/sra","data_sources",2
"SRP103068","mouse","sra","data_sources/sra","data_sources",39
"SRP052568","mouse","sra","data_sources/sra","data_sources",4
"SRP020468","mouse","sra","data_sources/sra","data_sources",4
"ERP116286","mouse","sra","data_sources/sra","data_sources",138
"SRP137086","mouse","sra","data_sources/sra","data_sources",4
"SRP126386","mouse","sra","data_sources/sra","data_sources",25
"SRP234686","mouse","sra","data_sources/sra","data_sources",8
"SRP150086","mouse","sra","data_sources/sra","data_sources",6
"SRP062786","mouse","sra","data_sources/sra","data_sources",4
"SRP157986","mouse","sra","data_sources/sra","data_sources",2
"SRP125886","mouse","sra","data_sources/sra","data_sources",10
"SRP018886","mouse","sra","data_sources/sra","data_sources",14
"DRP002386","mouse","sra","data_sources/sra","data_sources",7
"SRP102786","mouse","sra","data_sources/sra","data_sources",24
"SRP098086","mouse","sra","data_sources/sra","data_sources",10
"SRP170686","mouse","sra","data_sources/sra","data_sources",39
"SRP014586","mouse","sra","data_sources/sra","data_sources",4
"SRP051986","mouse","sra","data_sources/sra","data_sources",8
"SRP158586","mouse","sra","data_sources/sra","data_sources",6
"ERP070186","mouse","sra","data_sources/sra","data_sources",17
"SRP094686","mouse","sra","data_sources/sra","data_sources",4
"SRP233486","mouse","sra","data_sources/sra","data_sources",10
"SRP121186","mouse","sra","data_sources/sra","data_sources",1
"SRP025986","mouse","sra","data_sources/sra","data_sources",8
"SRP186486","mouse","sra","data_sources/sra","data_sources",40
"SRP033386","mouse","sra","data_sources/sra","data_sources",8
"SRP222586","mouse","sra","data_sources/sra","data_sources",10
"SRP173586","mouse","sra","data_sources/sra","data_sources",16
"SRP101486","mouse","sra","data_sources/sra","data_sources",6
"SRP059586","mouse","sra","data_sources/sra","data_sources",12
"SRP152886","mouse","sra","data_sources/sra","data_sources",6
"SRP149486","mouse","sra","data_sources/sra","data_sources",12
"SRP125186","mouse","sra","data_sources/sra","data_sources",8
"SRP201986","mouse","sra","data_sources/sra","data_sources",33
"SRP076586","mouse","sra","data_sources/sra","data_sources",6
"SRP067686","mouse","sra","data_sources/sra","data_sources",20
"SRP036186","mouse","sra","data_sources/sra","data_sources",96
"SRP154186","mouse","sra","data_sources/sra","data_sources",576
"SRP044086","mouse","sra","data_sources/sra","data_sources",3
"SRP091686","mouse","sra","data_sources/sra","data_sources",5
"SRP104686","mouse","sra","data_sources/sra","data_sources",192
"SRP135286","mouse","sra","data_sources/sra","data_sources",2
"SRP189986","mouse","sra","data_sources/sra","data_sources",17
"SRP106786","mouse","sra","data_sources/sra","data_sources",6
"SRP053186","mouse","sra","data_sources/sra","data_sources",54
"SRP056986","mouse","sra","data_sources/sra","data_sources",9
"SRP221586","mouse","sra","data_sources/sra","data_sources",10
"SRP189886","mouse","sra","data_sources/sra","data_sources",6
"SRP082586","mouse","sra","data_sources/sra","data_sources",12
"SRP066786","mouse","sra","data_sources/sra","data_sources",25
"SRP115486","mouse","sra","data_sources/sra","data_sources",10
"ERP117086","mouse","sra","data_sources/sra","data_sources",44
"SRP134386","mouse","sra","data_sources/sra","data_sources",9
"SRP132086","mouse","sra","data_sources/sra","data_sources",7
"SRP135986","mouse","sra","data_sources/sra","data_sources",9
"SRP057986","mouse","sra","data_sources/sra","data_sources",18
"SRP065286","mouse","sra","data_sources/sra","data_sources",20
"SRP229586","mouse","sra","data_sources/sra","data_sources",18
"SRP155486","mouse","sra","data_sources/sra","data_sources",26
"SRP039386","mouse","sra","data_sources/sra","data_sources",14
"SRP190186","mouse","sra","data_sources/sra","data_sources",6
"SRP058086","mouse","sra","data_sources/sra","data_sources",12
"SRP001386","mouse","sra","data_sources/sra","data_sources",5
"SRP128986","mouse","sra","data_sources/sra","data_sources",192
"SRP111386","mouse","sra","data_sources/sra","data_sources",241
"SRP179486","mouse","sra","data_sources/sra","data_sources",4
"SRP139086","mouse","sra","data_sources/sra","data_sources",4776
"SRP045486","mouse","sra","data_sources/sra","data_sources",8
"SRP107386","mouse","sra","data_sources/sra","data_sources",15
"SRP132586","mouse","sra","data_sources/sra","data_sources",45
"ERP022186","mouse","sra","data_sources/sra","data_sources",8
"SRP093986","mouse","sra","data_sources/sra","data_sources",6
"SRP106986","mouse","sra","data_sources/sra","data_sources",4
"SRP061386","mouse","sra","data_sources/sra","data_sources",24
"SRP107186","mouse","sra","data_sources/sra","data_sources",40
"SRP062886","mouse","sra","data_sources/sra","data_sources",2
"SRP169586","mouse","sra","data_sources/sra","data_sources",34
"SRP081386","mouse","sra","data_sources/sra","data_sources",28
"SRP063886","mouse","sra","data_sources/sra","data_sources",8
"SRP101886","mouse","sra","data_sources/sra","data_sources",10
"SRP181186","mouse","sra","data_sources/sra","data_sources",6
"SRP011986","mouse","sra","data_sources/sra","data_sources",18
"SRP057486","mouse","sra","data_sources/sra","data_sources",72
"SRP163086","mouse","sra","data_sources/sra","data_sources",37
"SRP212786","mouse","sra","data_sources/sra","data_sources",16
"SRP221386","mouse","sra","data_sources/sra","data_sources",2
"SRP143686","mouse","sra","data_sources/sra","data_sources",40
"SRP113186","mouse","sra","data_sources/sra","data_sources",4
"SRP073086","mouse","sra","data_sources/sra","data_sources",59
"SRP013986","mouse","sra","data_sources/sra","data_sources",11
"SRP101986","mouse","sra","data_sources/sra","data_sources",12
"SRP126786","mouse","sra","data_sources/sra","data_sources",18
"SRP144586","mouse","sra","data_sources/sra","data_sources",4
"SRP136486","mouse","sra","data_sources/sra","data_sources",112
"SRP217486","mouse","sra","data_sources/sra","data_sources",22
"SRP173286","mouse","sra","data_sources/sra","data_sources",4
"SRP123586","mouse","sra","data_sources/sra","data_sources",6
"SRP148415","mouse","sra","data_sources/sra","data_sources",12
"SRP174615","mouse","sra","data_sources/sra","data_sources",6
"SRP102515","mouse","sra","data_sources/sra","data_sources",9
"ERP023515","mouse","sra","data_sources/sra","data_sources",12
"SRP094415","mouse","sra","data_sources/sra","data_sources",6
"SRP110715","mouse","sra","data_sources/sra","data_sources",25
"SRP135815","mouse","sra","data_sources/sra","data_sources",20
"SRP057815","mouse","sra","data_sources/sra","data_sources",12
"SRP118915","mouse","sra","data_sources/sra","data_sources",12
"SRP216915","mouse","sra","data_sources/sra","data_sources",768
"SRP136315","mouse","sra","data_sources/sra","data_sources",12
"SRP068115","mouse","sra","data_sources/sra","data_sources",6
"SRP017615","mouse","sra","data_sources/sra","data_sources",6
"SRP119215","mouse","sra","data_sources/sra","data_sources",9
"SRP059415","mouse","sra","data_sources/sra","data_sources",53
"SRP092615","mouse","sra","data_sources/sra","data_sources",24
"SRP056315","mouse","sra","data_sources/sra","data_sources",21
"SRP238215","mouse","sra","data_sources/sra","data_sources",20
"SRP070715","mouse","sra","data_sources/sra","data_sources",15
"SRP200215","mouse","sra","data_sources/sra","data_sources",6
"SRP078915","mouse","sra","data_sources/sra","data_sources",6
"SRP063515","mouse","sra","data_sources/sra","data_sources",6
"SRP079915","mouse","sra","data_sources/sra","data_sources",61
"SRP042215","mouse","sra","data_sources/sra","data_sources",32
"SRP126115","mouse","sra","data_sources/sra","data_sources",12
"ERP110915","mouse","sra","data_sources/sra","data_sources",4
"SRP093615","mouse","sra","data_sources/sra","data_sources",54
"SRP064415","mouse","sra","data_sources/sra","data_sources",36
"SRP053315","mouse","sra","data_sources/sra","data_sources",2
"SRP102615","mouse","sra","data_sources/sra","data_sources",47
"SRP062715","mouse","sra","data_sources/sra","data_sources",3
"ERP021715","mouse","sra","data_sources/sra","data_sources",15
"SRP101715","mouse","sra","data_sources/sra","data_sources",4
"SRP132215","mouse","sra","data_sources/sra","data_sources",6
"SRP151015","mouse","sra","data_sources/sra","data_sources",6
"SRP051815","mouse","sra","data_sources/sra","data_sources",2
"SRP090515","mouse","sra","data_sources/sra","data_sources",12
"SRP056115","mouse","sra","data_sources/sra","data_sources",6
"SRP134115","mouse","sra","data_sources/sra","data_sources",23
"SRP158415","mouse","sra","data_sources/sra","data_sources",96
"SRP089915","mouse","sra","data_sources/sra","data_sources",4
"ERP006215","mouse","sra","data_sources/sra","data_sources",110
"SRP019915","mouse","sra","data_sources/sra","data_sources",26
"SRP096715","mouse","sra","data_sources/sra","data_sources",6
"SRP061715","mouse","sra","data_sources/sra","data_sources",8
"ERP013315","mouse","sra","data_sources/sra","data_sources",12
"SRP200115","mouse","sra","data_sources/sra","data_sources",6
"SRP100615","mouse","sra","data_sources/sra","data_sources",6
"SRP187615","mouse","sra","data_sources/sra","data_sources",36
"SRP199215","mouse","sra","data_sources/sra","data_sources",6
"SRP058715","mouse","sra","data_sources/sra","data_sources",28
"SRP109615","mouse","sra","data_sources/sra","data_sources",12
"SRP064115","mouse","sra","data_sources/sra","data_sources",24
"SRP059915","mouse","sra","data_sources/sra","data_sources",8
"SRP163015","mouse","sra","data_sources/sra","data_sources",6
"SRP173315","mouse","sra","data_sources/sra","data_sources",9
"SRP115915","mouse","sra","data_sources/sra","data_sources",12
"SRP121515","mouse","sra","data_sources/sra","data_sources",108
"SRP059315","mouse","sra","data_sources/sra","data_sources",4
"ERP004715","mouse","sra","data_sources/sra","data_sources",18
"SRP102915","mouse","sra","data_sources/sra","data_sources",20
"SRP083315","mouse","sra","data_sources/sra","data_sources",12
"SRP010815","mouse","sra","data_sources/sra","data_sources",2
"SRP103215","mouse","sra","data_sources/sra","data_sources",9
"SRP142615","mouse","sra","data_sources/sra","data_sources",20
"SRP110015","mouse","sra","data_sources/sra","data_sources",57
"SRP041515","mouse","sra","data_sources/sra","data_sources",9
"SRP033415","mouse","sra","data_sources/sra","data_sources",3
"SRP122515","mouse","sra","data_sources/sra","data_sources",57
"SRP194115","mouse","sra","data_sources/sra","data_sources",9
"SRP075115","mouse","sra","data_sources/sra","data_sources",6
"SRP115015","mouse","sra","data_sources/sra","data_sources",60
"SRP199515","mouse","sra","data_sources/sra","data_sources",8
"SRP227815","mouse","sra","data_sources/sra","data_sources",4
"SRP171115","mouse","sra","data_sources/sra","data_sources",8
"SRP065215","mouse","sra","data_sources/sra","data_sources",22
"SRP166015","mouse","sra","data_sources/sra","data_sources",721
"SRP106915","mouse","sra","data_sources/sra","data_sources",60
"SRP049815","mouse","sra","data_sources/sra","data_sources",16
"SRP123615","mouse","sra","data_sources/sra","data_sources",17
"SRP050515","mouse","sra","data_sources/sra","data_sources",8
"SRP066815","mouse","sra","data_sources/sra","data_sources",15
"SRP063015","mouse","sra","data_sources/sra","data_sources",6
"SRP095015","mouse","sra","data_sources/sra","data_sources",4
"SRP128915","mouse","sra","data_sources/sra","data_sources",8
"SRP137715","mouse","sra","data_sources/sra","data_sources",6
"SRP115115","mouse","sra","data_sources/sra","data_sources",6
"SRP057615","mouse","sra","data_sources/sra","data_sources",20
"SRP182662","mouse","sra","data_sources/sra","data_sources",45
"SRP150962","mouse","sra","data_sources/sra","data_sources",8
"SRP135862","mouse","sra","data_sources/sra","data_sources",12
"SRP078862","mouse","sra","data_sources/sra","data_sources",20
"SRP163662","mouse","sra","data_sources/sra","data_sources",4
"SRP150362","mouse","sra","data_sources/sra","data_sources",15
"SRP100462","mouse","sra","data_sources/sra","data_sources",8
"SRP031862","mouse","sra","data_sources/sra","data_sources",6
"SRP058562","mouse","sra","data_sources/sra","data_sources",2
"SRP064762","mouse","sra","data_sources/sra","data_sources",18
"SRP106662","mouse","sra","data_sources/sra","data_sources",912
"SRP082562","mouse","sra","data_sources/sra","data_sources",17
"SRP058462","mouse","sra","data_sources/sra","data_sources",9
"SRP077462","mouse","sra","data_sources/sra","data_sources",4
"SRP014662","mouse","sra","data_sources/sra","data_sources",7
"SRP176662","mouse","sra","data_sources/sra","data_sources",9
"SRP113762","mouse","sra","data_sources/sra","data_sources",40
"SRP187562","mouse","sra","data_sources/sra","data_sources",16
"SRP144962","mouse","sra","data_sources/sra","data_sources",2
"DRP004862","mouse","sra","data_sources/sra","data_sources",6
"SRP074762","mouse","sra","data_sources/sra","data_sources",9
"SRP026162","mouse","sra","data_sources/sra","data_sources",6
"SRP166762","mouse","sra","data_sources/sra","data_sources",41
"ERP108662","mouse","sra","data_sources/sra","data_sources",12
"SRP173662","mouse","sra","data_sources/sra","data_sources",12
"ERP117862","mouse","sra","data_sources/sra","data_sources",6
"SRP150062","mouse","sra","data_sources/sra","data_sources",6
"SRP155862","mouse","sra","data_sources/sra","data_sources",4
"SRP062762","mouse","sra","data_sources/sra","data_sources",4
"SRP120062","mouse","sra","data_sources/sra","data_sources",2
"SRP125862","mouse","sra","data_sources/sra","data_sources",4
"SRP115662","mouse","sra","data_sources/sra","data_sources",8
"SRP066562","mouse","sra","data_sources/sra","data_sources",7
"SRP091562","mouse","sra","data_sources/sra","data_sources",12
"SRP124262","mouse","sra","data_sources/sra","data_sources",83
"SRP117662","mouse","sra","data_sources/sra","data_sources",9
"SRP132962","mouse","sra","data_sources/sra","data_sources",3
"SRP078062","mouse","sra","data_sources/sra","data_sources",20
"SRP211862","mouse","sra","data_sources/sra","data_sources",4
"SRP120162","mouse","sra","data_sources/sra","data_sources",12
"SRP032162","mouse","sra","data_sources/sra","data_sources",7
"ERP006862","mouse","sra","data_sources/sra","data_sources",164
"SRP132362","mouse","sra","data_sources/sra","data_sources",12
"SRP044862","mouse","sra","data_sources/sra","data_sources",11
"SRP063662","mouse","sra","data_sources/sra","data_sources",5
"SRP101662","mouse","sra","data_sources/sra","data_sources",19
"ERP020662","mouse","sra","data_sources/sra","data_sources",36
"SRP121162","mouse","sra","data_sources/sra","data_sources",1
"SRP213362","mouse","sra","data_sources/sra","data_sources",16
"SRP067462","mouse","sra","data_sources/sra","data_sources",24
"SRP045262","mouse","sra","data_sources/sra","data_sources",4
"SRP133962","mouse","sra","data_sources/sra","data_sources",6
"SRP006762","mouse","sra","data_sources/sra","data_sources",1
"SRP158162","mouse","sra","data_sources/sra","data_sources",44
"ERP023962","mouse","sra","data_sources/sra","data_sources",15
"SRP157662","mouse","sra","data_sources/sra","data_sources",36
"SRP100862","mouse","sra","data_sources/sra","data_sources",8
"SRP090062","mouse","sra","data_sources/sra","data_sources",4
"SRP144462","mouse","sra","data_sources/sra","data_sources",2208
"SRP043562","mouse","sra","data_sources/sra","data_sources",13
"SRP115962","mouse","sra","data_sources/sra","data_sources",15
"SRP033562","mouse","sra","data_sources/sra","data_sources",3
"SRP199662","mouse","sra","data_sources/sra","data_sources",4
"DRP004562","mouse","sra","data_sources/sra","data_sources",4
"SRP075262","mouse","sra","data_sources/sra","data_sources",48
"SRP186862","mouse","sra","data_sources/sra","data_sources",83
"SRP058362","mouse","sra","data_sources/sra","data_sources",12
"SRP007262","mouse","sra","data_sources/sra","data_sources",6
"SRP057562","mouse","sra","data_sources/sra","data_sources",12
"SRP082362","mouse","sra","data_sources/sra","data_sources",4
"SRP101962","mouse","sra","data_sources/sra","data_sources",4
"SRP126762","mouse","sra","data_sources/sra","data_sources",6
"SRP094962","mouse","sra","data_sources/sra","data_sources",5
"SRP194162","mouse","sra","data_sources/sra","data_sources",32
"SRP223262","mouse","sra","data_sources/sra","data_sources",6
"SRP010262","mouse","sra","data_sources/sra","data_sources",16
"SRP073062","mouse","sra","data_sources/sra","data_sources",19
"SRP167962","mouse","sra","data_sources/sra","data_sources",16
"SRP007862","mouse","sra","data_sources/sra","data_sources",16
"SRP017162","mouse","sra","data_sources/sra","data_sources",2
"SRP149362","mouse","sra","data_sources/sra","data_sources",14
"ERP105662","mouse","sra","data_sources/sra","data_sources",342
"SRP065262","mouse","sra","data_sources/sra","data_sources",12
"SRP059062","mouse","sra","data_sources/sra","data_sources",10
"SRP064862","mouse","sra","data_sources/sra","data_sources",54
"SRP132462","mouse","sra","data_sources/sra","data_sources",15
"SRP226862","mouse","sra","data_sources/sra","data_sources",11
"SRP126562","mouse","sra","data_sources/sra","data_sources",79
"SRP135762","mouse","sra","data_sources/sra","data_sources",12
"SRP049262","mouse","sra","data_sources/sra","data_sources",12
"SRP055762","mouse","sra","data_sources/sra","data_sources",2
"SRP170062","mouse","sra","data_sources/sra","data_sources",6
"SRP133562","mouse","sra","data_sources/sra","data_sources",31
"SRP096162","mouse","sra","data_sources/sra","data_sources",12
"SRP035462","mouse","sra","data_sources/sra","data_sources",37
"SRP009662","mouse","sra","data_sources/sra","data_sources",4
"SRP218250","mouse","sra","data_sources/sra","data_sources",23
"SRP116250","mouse","sra","data_sources/sra","data_sources",6
"SRP123450","mouse","sra","data_sources/sra","data_sources",15
"SRP099450","mouse","sra","data_sources/sra","data_sources",35
"SRP043550","mouse","sra","data_sources/sra","data_sources",4
"SRP212750","mouse","sra","data_sources/sra","data_sources",11
"SRP083850","mouse","sra","data_sources/sra","data_sources",40
"SRP194050","mouse","sra","data_sources/sra","data_sources",4
"SRP166850","mouse","sra","data_sources/sra","data_sources",34
"SRP114950","mouse","sra","data_sources/sra","data_sources",10
"SRP061950","mouse","sra","data_sources/sra","data_sources",12
"SRP055450","mouse","sra","data_sources/sra","data_sources",9
"SRP179750","mouse","sra","data_sources/sra","data_sources",44
"SRP104150","mouse","sra","data_sources/sra","data_sources",4
"SRP075350","mouse","sra","data_sources/sra","data_sources",15
"SRP186950","mouse","sra","data_sources/sra","data_sources",4
"SRP058250","mouse","sra","data_sources/sra","data_sources",6
"SRP062350","mouse","sra","data_sources/sra","data_sources",40
"SRP116950","mouse","sra","data_sources/sra","data_sources",5
"SRP058850","mouse","sra","data_sources/sra","data_sources",6
"SRP074350","mouse","sra","data_sources/sra","data_sources",18
"SRP067150","mouse","sra","data_sources/sra","data_sources",4
"SRP128050","mouse","sra","data_sources/sra","data_sources",4
"SRP081050","mouse","sra","data_sources/sra","data_sources",4
"SRP127550","mouse","sra","data_sources/sra","data_sources",3
"SRP017350","mouse","sra","data_sources/sra","data_sources",2
"SRP108550","mouse","sra","data_sources/sra","data_sources",6
"SRP016950","mouse","sra","data_sources/sra","data_sources",7
"SRP098750","mouse","sra","data_sources/sra","data_sources",13
"SRP221150","mouse","sra","data_sources/sra","data_sources",1
"SRP174350","mouse","sra","data_sources/sra","data_sources",8
"SRP135750","mouse","sra","data_sources/sra","data_sources",4
"ERP109050","mouse","sra","data_sources/sra","data_sources",11
"SRP091350","mouse","sra","data_sources/sra","data_sources",1
"SRP115050","mouse","sra","data_sources/sra","data_sources",19
"SRP167050","mouse","sra","data_sources/sra","data_sources",6
"SRP154550","mouse","sra","data_sources/sra","data_sources",4
"SRP057650","mouse","sra","data_sources/sra","data_sources",8
"SRP216750","mouse","sra","data_sources/sra","data_sources",9
"SRP021550","mouse","sra","data_sources/sra","data_sources",1
"SRP067650","mouse","sra","data_sources/sra","data_sources",6
"SRP076550","mouse","sra","data_sources/sra","data_sources",4
"SRP155150","mouse","sra","data_sources/sra","data_sources",7
"SRP087650","mouse","sra","data_sources/sra","data_sources",2
"SRP134850","mouse","sra","data_sources/sra","data_sources",12
"SRP095450","mouse","sra","data_sources/sra","data_sources",4
"SRP032350","mouse","sra","data_sources/sra","data_sources",2
"SRP156050","mouse","sra","data_sources/sra","data_sources",7
"SRP115550","mouse","sra","data_sources/sra","data_sources",24
"ERP112950","mouse","sra","data_sources/sra","data_sources",18
"SRP078250","mouse","sra","data_sources/sra","data_sources",64
"SRP145350","mouse","sra","data_sources/sra","data_sources",56
"SRP148550","mouse","sra","data_sources/sra","data_sources",12
"SRP150250","mouse","sra","data_sources/sra","data_sources",477
"SRP136850","mouse","sra","data_sources/sra","data_sources",24
"SRP212050","mouse","sra","data_sources/sra","data_sources",8
"SRP119850","mouse","sra","data_sources/sra","data_sources",65
"SRP070750","mouse","sra","data_sources/sra","data_sources",14
"SRP022150","mouse","sra","data_sources/sra","data_sources",4
"SRP078950","mouse","sra","data_sources/sra","data_sources",13
"DRP004850","mouse","sra","data_sources/sra","data_sources",8
"SRP146250","mouse","sra","data_sources/sra","data_sources",4
"SRP136250","mouse","sra","data_sources/sra","data_sources",48
"SRP045150","mouse","sra","data_sources/sra","data_sources",11
"SRP108350","mouse","sra","data_sources/sra","data_sources",18
"SRP113550","mouse","sra","data_sources/sra","data_sources",8
"SRP053350","mouse","sra","data_sources/sra","data_sources",6
"SRP221750","mouse","sra","data_sources/sra","data_sources",12
"SRP068850","mouse","sra","data_sources/sra","data_sources",28
"ERP012250","mouse","sra","data_sources/sra","data_sources",12
"SRP109350","mouse","sra","data_sources/sra","data_sources",24
"SRP007650","mouse","sra","data_sources/sra","data_sources",2
"SRP069250","mouse","sra","data_sources/sra","data_sources",34
"SRP022850","mouse","sra","data_sources/sra","data_sources",9
"SRP055150","mouse","sra","data_sources/sra","data_sources",8
"SRP057050","mouse","sra","data_sources/sra","data_sources",6
"SRP155950","mouse","sra","data_sources/sra","data_sources",11
"SRP161550","mouse","sra","data_sources/sra","data_sources",4
"SRP103750","mouse","sra","data_sources/sra","data_sources",7
"SRP121150","mouse","sra","data_sources/sra","data_sources",1
"SRP022250","mouse","sra","data_sources/sra","data_sources",8
"SRP108250","mouse","sra","data_sources/sra","data_sources",12
"SRP059750","mouse","sra","data_sources/sra","data_sources",6
"SRP131850","mouse","sra","data_sources/sra","data_sources",13
"SRP127250","mouse","sra","data_sources/sra","data_sources",66
"SRP105450","mouse","sra","data_sources/sra","data_sources",2
"SRP237927","mouse","sra","data_sources/sra","data_sources",114
"SRP139927","mouse","sra","data_sources/sra","data_sources",6
"SRP114827","mouse","sra","data_sources/sra","data_sources",8
"SRP212627","mouse","sra","data_sources/sra","data_sources",31
"ERP109227","mouse","sra","data_sources/sra","data_sources",79
"SRP066127","mouse","sra","data_sources/sra","data_sources",29
"SRP101927","mouse","sra","data_sources/sra","data_sources",42
"SRP126727","mouse","sra","data_sources/sra","data_sources",33
"SRP159027","mouse","sra","data_sources/sra","data_sources",4
"SRP082327","mouse","sra","data_sources/sra","data_sources",924
"SRP045727","mouse","sra","data_sources/sra","data_sources",12
"SRP062927","mouse","sra","data_sources/sra","data_sources",16
"SRP007827","mouse","sra","data_sources/sra","data_sources",4
"SRP061227","mouse","sra","data_sources/sra","data_sources",8
"SRP117927","mouse","sra","data_sources/sra","data_sources",25
"SRP115927","mouse","sra","data_sources/sra","data_sources",4
"SRP077927","mouse","sra","data_sources/sra","data_sources",10
"SRP167827","mouse","sra","data_sources/sra","data_sources",12
"SRP096327","mouse","sra","data_sources/sra","data_sources",8
"ERP009127","mouse","sra","data_sources/sra","data_sources",28
"SRP226127","mouse","sra","data_sources/sra","data_sources",1164
"SRP037727","mouse","sra","data_sources/sra","data_sources",2
"SRP082227","mouse","sra","data_sources/sra","data_sources",6
"SRP168527","mouse","sra","data_sources/sra","data_sources",24
"SRP063827","mouse","sra","data_sources/sra","data_sources",6
"SRP069727","mouse","sra","data_sources/sra","data_sources",4
"SRP149827","mouse","sra","data_sources/sra","data_sources",96
"SRP051727","mouse","sra","data_sources/sra","data_sources",4
"SRP139827","mouse","sra","data_sources/sra","data_sources",11
"SRP040627","mouse","sra","data_sources/sra","data_sources",11
"SRP187027","mouse","sra","data_sources/sra","data_sources",15
"SRP113227","mouse","sra","data_sources/sra","data_sources",18
"SRP137727","mouse","sra","data_sources/sra","data_sources",21
"SRP075027","mouse","sra","data_sources/sra","data_sources",16
"SRP217727","mouse","sra","data_sources/sra","data_sources",16
"SRP119727","mouse","sra","data_sources/sra","data_sources",8
"SRP035427","mouse","sra","data_sources/sra","data_sources",1
"SRP073927","mouse","sra","data_sources/sra","data_sources",109
"SRP013027","mouse","sra","data_sources/sra","data_sources",789
"SRP123627","mouse","sra","data_sources/sra","data_sources",134
"SRP072227","mouse","sra","data_sources/sra","data_sources",6
"SRP132427","mouse","sra","data_sources/sra","data_sources",5
"SRP059027","mouse","sra","data_sources/sra","data_sources",2
"SRP039327","mouse","sra","data_sources/sra","data_sources",9
"ERP016627","mouse","sra","data_sources/sra","data_sources",6
"SRP102027","mouse","sra","data_sources/sra","data_sources",6
"SRP223027","mouse","sra","data_sources/sra","data_sources",15
"SRP113727","mouse","sra","data_sources/sra","data_sources",24
"SRP152327","mouse","sra","data_sources/sra","data_sources",6
"SRP036027","mouse","sra","data_sources/sra","data_sources",18
"SRP093627","mouse","sra","data_sources/sra","data_sources",6
"SRP019027","mouse","sra","data_sources/sra","data_sources",3
"SRP216227","mouse","sra","data_sources/sra","data_sources",2
"SRP158627","mouse","sra","data_sources/sra","data_sources",24
"SRP157127","mouse","sra","data_sources/sra","data_sources",11
"SRP108127","mouse","sra","data_sources/sra","data_sources",20
"SRP098927","mouse","sra","data_sources/sra","data_sources",917
"SRP068027","mouse","sra","data_sources/sra","data_sources",1
"SRP215327","mouse","sra","data_sources/sra","data_sources",4
"DRP003127","mouse","sra","data_sources/sra","data_sources",4
"ERP016827","mouse","sra","data_sources/sra","data_sources",12
"SRP123227","mouse","sra","data_sources/sra","data_sources",21
"SRP094427","mouse","sra","data_sources/sra","data_sources",8
"SRP121327","mouse","sra","data_sources/sra","data_sources",15
"SRP015727","mouse","sra","data_sources/sra","data_sources",5
"SRP032927","mouse","sra","data_sources/sra","data_sources",3
"SRP226727","mouse","sra","data_sources/sra","data_sources",10
"SRP188927","mouse","sra","data_sources/sra","data_sources",8
"SRP149427","mouse","sra","data_sources/sra","data_sources",6
"SRP018127","mouse","sra","data_sources/sra","data_sources",10
"SRP118327","mouse","sra","data_sources/sra","data_sources",12
"SRP016627","mouse","sra","data_sources/sra","data_sources",2
"SRP189927","mouse","sra","data_sources/sra","data_sources",6
"SRP151927","mouse","sra","data_sources/sra","data_sources",15
"SRP119927","mouse","sra","data_sources/sra","data_sources",20
"SRP102527","mouse","sra","data_sources/sra","data_sources",11
"SRP131027","mouse","sra","data_sources/sra","data_sources",3
"SRP127827","mouse","sra","data_sources/sra","data_sources",6
"ERP113127","mouse","sra","data_sources/sra","data_sources",16
"SRP223727","mouse","sra","data_sources/sra","data_sources",26
"SRP125927","mouse","sra","data_sources/sra","data_sources",12
"SRP120127","mouse","sra","data_sources/sra","data_sources",12
"SRP132927","mouse","sra","data_sources/sra","data_sources",12
"SRP165727","mouse","sra","data_sources/sra","data_sources",18
"SRP158527","mouse","sra","data_sources/sra","data_sources",42
"SRP092527","mouse","sra","data_sources/sra","data_sources",18
"SRP217127","mouse","sra","data_sources/sra","data_sources",8
"SRP178227","mouse","sra","data_sources/sra","data_sources",12
"SRP121127","mouse","sra","data_sources/sra","data_sources",1
"SRP094627","mouse","sra","data_sources/sra","data_sources",32
"SRP200127","mouse","sra","data_sources/sra","data_sources",4
"SRP162527","mouse","sra","data_sources/sra","data_sources",54
"SRP231427","mouse","sra","data_sources/sra","data_sources",12
"ERP110127","mouse","sra","data_sources/sra","data_sources",480
"SRP139727","mouse","sra","data_sources/sra","data_sources",8
"SRP067527","mouse","sra","data_sources/sra","data_sources",9
"SRP092427","mouse","sra","data_sources/sra","data_sources",6
"SRP234627","mouse","sra","data_sources/sra","data_sources",9
"SRP130927","mouse","sra","data_sources/sra","data_sources",20
"SRP055027","mouse","sra","data_sources/sra","data_sources",19
"SRP098127","mouse","sra","data_sources/sra","data_sources",35
"SRP212954","mouse","sra","data_sources/sra","data_sources",12
"SRP059754","mouse","sra","data_sources/sra","data_sources",15
"SRP119154","mouse","sra","data_sources/sra","data_sources",6
"SRP067454","mouse","sra","data_sources/sra","data_sources",46
"SRP133954","mouse","sra","data_sources/sra","data_sources",6
"ERP024454","mouse","sra","data_sources/sra","data_sources",48
"SRP121154","mouse","sra","data_sources/sra","data_sources",1
"SRP189154","mouse","sra","data_sources/sra","data_sources",17
"SRP103754","mouse","sra","data_sources/sra","data_sources",6
"SRP099054","mouse","sra","data_sources/sra","data_sources",12
"SRP003554","mouse","sra","data_sources/sra","data_sources",10
"SRP055154","mouse","sra","data_sources/sra","data_sources",2
"SRP181554","mouse","sra","data_sources/sra","data_sources",40
"SRP078054","mouse","sra","data_sources/sra","data_sources",14
"SRP064454","mouse","sra","data_sources/sra","data_sources",4
"SRP130954","mouse","sra","data_sources/sra","data_sources",12
"SRP137054","mouse","sra","data_sources/sra","data_sources",32
"SRP132854","mouse","sra","data_sources/sra","data_sources",12
"SRP187754","mouse","sra","data_sources/sra","data_sources",12
"SRP161454","mouse","sra","data_sources/sra","data_sources",12
"SRP131354","mouse","sra","data_sources/sra","data_sources",5
"SRP133254","mouse","sra","data_sources/sra","data_sources",4
"SRP034954","mouse","sra","data_sources/sra","data_sources",6
"ERP107154","mouse","sra","data_sources/sra","data_sources",19
"SRP045354","mouse","sra","data_sources/sra","data_sources",8
"SRP067554","mouse","sra","data_sources/sra","data_sources",35
"SRP164654","mouse","sra","data_sources/sra","data_sources",8
"SRP083754","mouse","sra","data_sources/sra","data_sources",9
"SRP056154","mouse","sra","data_sources/sra","data_sources",6
"SRP009154","mouse","sra","data_sources/sra","data_sources",10
"SRP120854","mouse","sra","data_sources/sra","data_sources",6
"SRP149554","mouse","sra","data_sources/sra","data_sources",6
"SRP090754","mouse","sra","data_sources/sra","data_sources",184
"SRP128654","mouse","sra","data_sources/sra","data_sources",10
"SRP061454","mouse","sra","data_sources/sra","data_sources",20
"SRP063554","mouse","sra","data_sources/sra","data_sources",2
"SRP100554","mouse","sra","data_sources/sra","data_sources",16
"SRP023154","mouse","sra","data_sources/sra","data_sources",3
"SRP102454","mouse","sra","data_sources/sra","data_sources",69
"SRP071754","mouse","sra","data_sources/sra","data_sources",9
"SRP221554","mouse","sra","data_sources/sra","data_sources",6
"SRP044154","mouse","sra","data_sources/sra","data_sources",6
"SRP168254","mouse","sra","data_sources/sra","data_sources",12
"ERP007154","mouse","sra","data_sources/sra","data_sources",16
"SRP159654","mouse","sra","data_sources/sra","data_sources",8
"SRP058454","mouse","sra","data_sources/sra","data_sources",49
"SRP093754","mouse","sra","data_sources/sra","data_sources",8
"SRP069154","mouse","sra","data_sources/sra","data_sources",20
"DRP004354","mouse","sra","data_sources/sra","data_sources",28
"SRP119954","mouse","sra","data_sources/sra","data_sources",6
"ERP015854","mouse","sra","data_sources/sra","data_sources",3
"SRP215854","mouse","sra","data_sources/sra","data_sources",6
"SRP136954","mouse","sra","data_sources/sra","data_sources",10
"SRP186454","mouse","sra","data_sources/sra","data_sources",6
"SRP189354","mouse","sra","data_sources/sra","data_sources",16
"DRP005354","mouse","sra","data_sources/sra","data_sources",37
"SRP149454","mouse","sra","data_sources/sra","data_sources",4
"SRP026654","mouse","sra","data_sources/sra","data_sources",6
"SRP191054","mouse","sra","data_sources/sra","data_sources",12
"ERP110654","mouse","sra","data_sources/sra","data_sources",9
"SRP198454","mouse","sra","data_sources/sra","data_sources",26
"SRP111354","mouse","sra","data_sources/sra","data_sources",15
"SRP062054","mouse","sra","data_sources/sra","data_sources",92
"SRP090854","mouse","sra","data_sources/sra","data_sources",1151
"SRP098654","mouse","sra","data_sources/sra","data_sources",32
"SRP066254","mouse","sra","data_sources/sra","data_sources",14
"SRP165154","mouse","sra","data_sources/sra","data_sources",3
"SRP135654","mouse","sra","data_sources/sra","data_sources",14
"SRP117054","mouse","sra","data_sources/sra","data_sources",12
"SRP135754","mouse","sra","data_sources/sra","data_sources",933
"SRP066354","mouse","sra","data_sources/sra","data_sources",6
"SRP115054","mouse","sra","data_sources/sra","data_sources",5
"SRP154454","mouse","sra","data_sources/sra","data_sources",14
"DRP002554","mouse","sra","data_sources/sra","data_sources",1
"SRP098754","mouse","sra","data_sources/sra","data_sources",6
"SRP181854","mouse","sra","data_sources/sra","data_sources",32
"SRP198554","mouse","sra","data_sources/sra","data_sources",6
"SRP220154","mouse","sra","data_sources/sra","data_sources",10
"SRP144754","mouse","sra","data_sources/sra","data_sources",15
"SRP015254","mouse","sra","data_sources/sra","data_sources",8
"SRP158054","mouse","sra","data_sources/sra","data_sources",20
"SRP185854","mouse","sra","data_sources/sra","data_sources",12
"SRP128054","mouse","sra","data_sources/sra","data_sources",12
"SRP045754","mouse","sra","data_sources/sra","data_sources",26
"SRP100954","mouse","sra","data_sources/sra","data_sources",12
"ERP009054","mouse","sra","data_sources/sra","data_sources",24
"SRP096254","mouse","sra","data_sources/sra","data_sources",8
"SRP200454","mouse","sra","data_sources/sra","data_sources",2
"SRP162154","mouse","sra","data_sources/sra","data_sources",36
"SRP167954","mouse","sra","data_sources/sra","data_sources",21
"SRP028854","mouse","sra","data_sources/sra","data_sources",2
"ERP010754","mouse","sra","data_sources/sra","data_sources",142
"SRP167354","mouse","sra","data_sources/sra","data_sources",6
"SRP066154","mouse","sra","data_sources/sra","data_sources",194
"SRP077254","mouse","sra","data_sources/sra","data_sources",14
"SRP147454","mouse","sra","data_sources/sra","data_sources",13
"SRP174054","mouse","sra","data_sources/sra","data_sources",6
"SRP016054","mouse","sra","data_sources/sra","data_sources",11
"SRP094854","mouse","sra","data_sources/sra","data_sources",10
"SRP179654","mouse","sra","data_sources/sra","data_sources",20
"SRP060354","mouse","sra","data_sources/sra","data_sources",6
"SRP188554","mouse","sra","data_sources/sra","data_sources",8
"SRP170254","mouse","sra","data_sources/sra","data_sources",6
"SRP166854","mouse","sra","data_sources/sra","data_sources",18
"SRP185354","mouse","sra","data_sources/sra","data_sources",36
"SRP041454","mouse","sra","data_sources/sra","data_sources",18
"SRP033554","mouse","sra","data_sources/sra","data_sources",8
"ERP110454","mouse","sra","data_sources/sra","data_sources",12
"DRP003654","mouse","sra","data_sources/sra","data_sources",16
"SRP117854","mouse","sra","data_sources/sra","data_sources",1
"SRP007954","mouse","sra","data_sources/sra","data_sources",9
"SRP165954","mouse","sra","data_sources/sra","data_sources",9
"SRP116254","mouse","sra","data_sources/sra","data_sources",4
"SRP125754","mouse","sra","data_sources/sra","data_sources",15
"SRP182054","mouse","sra","data_sources/sra","data_sources",9
"SRP049223","mouse","sra","data_sources/sra","data_sources",22
"SRP137723","mouse","sra","data_sources/sra","data_sources",15
"SRP162823","mouse","sra","data_sources/sra","data_sources",6
"SRP195823","mouse","sra","data_sources/sra","data_sources",6
"SRP053423","mouse","sra","data_sources/sra","data_sources",16
"SRP152623","mouse","sra","data_sources/sra","data_sources",6
"SRP062023","mouse","sra","data_sources/sra","data_sources",2
"SRP123623","mouse","sra","data_sources/sra","data_sources",31
"SRP094023","mouse","sra","data_sources/sra","data_sources",32
"SRP200723","mouse","sra","data_sources/sra","data_sources",16
"SRP064923","mouse","sra","data_sources/sra","data_sources",16
"ERP000723","mouse","sra","data_sources/sra","data_sources",6
"SRP076123","mouse","sra","data_sources/sra","data_sources",8
"SRP217723","mouse","sra","data_sources/sra","data_sources",24
"SRP035523","mouse","sra","data_sources/sra","data_sources",12
"SRP107223","mouse","sra","data_sources/sra","data_sources",12
"SRP127523","mouse","sra","data_sources/sra","data_sources",14
"SRP061023","mouse","sra","data_sources/sra","data_sources",8
"SRP162323","mouse","sra","data_sources/sra","data_sources",5
"SRP110223","mouse","sra","data_sources/sra","data_sources",4
"SRP073223","mouse","sra","data_sources/sra","data_sources",18
"SRP090923","mouse","sra","data_sources/sra","data_sources",175
"DRP004623","mouse","sra","data_sources/sra","data_sources",4
"SRP064223","mouse","sra","data_sources/sra","data_sources",46
"SRP116923","mouse","sra","data_sources/sra","data_sources",52
"SRP187323","mouse","sra","data_sources/sra","data_sources",90
"SRP095323","mouse","sra","data_sources/sra","data_sources",16
"SRP219923","mouse","sra","data_sources/sra","data_sources",7
"SRP075923","mouse","sra","data_sources/sra","data_sources",112
"SRP007823","mouse","sra","data_sources/sra","data_sources",11
"SRP166323","mouse","sra","data_sources/sra","data_sources",18
"SRP116323","mouse","sra","data_sources/sra","data_sources",7
"SRP083323","mouse","sra","data_sources/sra","data_sources",4
"SRP107123","mouse","sra","data_sources/sra","data_sources",19
"SRP068723","mouse","sra","data_sources/sra","data_sources",2
"SRP215423","mouse","sra","data_sources/sra","data_sources",2
"SRP127623","mouse","sra","data_sources/sra","data_sources",17
"SRP099423","mouse","sra","data_sources/sra","data_sources",24
"ERP010623","mouse","sra","data_sources/sra","data_sources",47
"ERP016523","mouse","sra","data_sources/sra","data_sources",94
"SRP063823","mouse","sra","data_sources/sra","data_sources",4
"SRP080323","mouse","sra","data_sources/sra","data_sources",24
"SRP234723","mouse","sra","data_sources/sra","data_sources",4
"SRP140823","mouse","sra","data_sources/sra","data_sources",6
"SRP170623","mouse","sra","data_sources/sra","data_sources",13
"SRP053223","mouse","sra","data_sources/sra","data_sources",10
"SRP141223","mouse","sra","data_sources/sra","data_sources",8
"ERP006823","mouse","sra","data_sources/sra","data_sources",9
"SRP133323","mouse","sra","data_sources/sra","data_sources",6
"SRP070423","mouse","sra","data_sources/sra","data_sources",32
"SRP121123","mouse","sra","data_sources/sra","data_sources",1
"SRP155323","mouse","sra","data_sources/sra","data_sources",8
"SRP127223","mouse","sra","data_sources/sra","data_sources",8
"SRP045223","mouse","sra","data_sources/sra","data_sources",19
"SRP169123","mouse","sra","data_sources/sra","data_sources",9
"SRP178223","mouse","sra","data_sources/sra","data_sources",6
"SRP076723","mouse","sra","data_sources/sra","data_sources",8
"SRP119123","mouse","sra","data_sources/sra","data_sources",38
"SRP212923","mouse","sra","data_sources/sra","data_sources",11
"SRP092523","mouse","sra","data_sources/sra","data_sources",384
"SRP131823","mouse","sra","data_sources/sra","data_sources",4
"SRP065423","mouse","sra","data_sources/sra","data_sources",8
"SRP134123","mouse","sra","data_sources/sra","data_sources",9
"SRP212823","mouse","sra","data_sources/sra","data_sources",6
"SRP048523","mouse","sra","data_sources/sra","data_sources",15
"SRP124823","mouse","sra","data_sources/sra","data_sources",10
"SRP162523","mouse","sra","data_sources/sra","data_sources",8
"SRP150023","mouse","sra","data_sources/sra","data_sources",9
"SRP055023","mouse","sra","data_sources/sra","data_sources",18
"SRP008123","mouse","sra","data_sources/sra","data_sources",12
"SRP057123","mouse","sra","data_sources/sra","data_sources",48
"SRP019223","mouse","sra","data_sources/sra","data_sources",9
"SRP153923","mouse","sra","data_sources/sra","data_sources",33
"SRP123923","mouse","sra","data_sources/sra","data_sources",6
"SRP161623","mouse","sra","data_sources/sra","data_sources",69
"ERP105823","mouse","sra","data_sources/sra","data_sources",9
"SRP215923","mouse","sra","data_sources/sra","data_sources",15
"SRP079923","mouse","sra","data_sources/sra","data_sources",24
"ERP110323","mouse","sra","data_sources/sra","data_sources",66
"DRP003123","mouse","sra","data_sources/sra","data_sources",4
"SRP108023","mouse","sra","data_sources/sra","data_sources",18
"SRP048623","mouse","sra","data_sources/sra","data_sources",12
"SRP068123","mouse","sra","data_sources/sra","data_sources",36
"SRP135823","mouse","sra","data_sources/sra","data_sources",5
"SRP051123","mouse","sra","data_sources/sra","data_sources",2
"SRP111723","mouse","sra","data_sources/sra","data_sources",31
"SRP187423","mouse","sra","data_sources/sra","data_sources",4
"SRP134929","mouse","sra","data_sources/sra","data_sources",22
"SRP069029","mouse","sra","data_sources/sra","data_sources",144
"SRP239229","mouse","sra","data_sources/sra","data_sources",4
"SRP041929","mouse","sra","data_sources/sra","data_sources",34
"SRP090729","mouse","sra","data_sources/sra","data_sources",54
"SRP122929","mouse","sra","data_sources/sra","data_sources",12
"SRP108129","mouse","sra","data_sources/sra","data_sources",3
"SRP162729","mouse","sra","data_sources/sra","data_sources",2
"SRP063529","mouse","sra","data_sources/sra","data_sources",29
"SRP110629","mouse","sra","data_sources/sra","data_sources",6
"ERP022429","mouse","sra","data_sources/sra","data_sources",12
"SRP061429","mouse","sra","data_sources/sra","data_sources",13
"SRP222529","mouse","sra","data_sources/sra","data_sources",2336
"SRP149429","mouse","sra","data_sources/sra","data_sources",8
"SRP144229","mouse","sra","data_sources/sra","data_sources",371
"SRP041829","mouse","sra","data_sources/sra","data_sources",24
"SRP135229","mouse","sra","data_sources/sra","data_sources",16
"SRP100429","mouse","sra","data_sources/sra","data_sources",4
"SRP201329","mouse","sra","data_sources/sra","data_sources",24
"SRP102529","mouse","sra","data_sources/sra","data_sources",24
"SRP187429","mouse","sra","data_sources/sra","data_sources",49
"SRP042129","mouse","sra","data_sources/sra","data_sources",16
"SRP172729","mouse","sra","data_sources/sra","data_sources",25
"SRP075629","mouse","sra","data_sources/sra","data_sources",6
"SRP132929","mouse","sra","data_sources/sra","data_sources",6
"SRP033129","mouse","sra","data_sources/sra","data_sources",12
"SRP094629","mouse","sra","data_sources/sra","data_sources",12
"SRP110529","mouse","sra","data_sources/sra","data_sources",7
"SRP153029","mouse","sra","data_sources/sra","data_sources",6
"SRP171629","mouse","sra","data_sources/sra","data_sources",18
"SRP121129","mouse","sra","data_sources/sra","data_sources",1
"SRP019829","mouse","sra","data_sources/sra","data_sources",3
"SRP044929","mouse","sra","data_sources/sra","data_sources",14
"SRP132229","mouse","sra","data_sources/sra","data_sources",6
"SRP151029","mouse","sra","data_sources/sra","data_sources",5
"SRP092429","mouse","sra","data_sources/sra","data_sources",12
"SRP026129","mouse","sra","data_sources/sra","data_sources",20
"SRP064429","mouse","sra","data_sources/sra","data_sources",6
"SRP174529","mouse","sra","data_sources/sra","data_sources",19
"SRP234629","mouse","sra","data_sources/sra","data_sources",40
"SRP131329","mouse","sra","data_sources/sra","data_sources",6
"SRP042029","mouse","sra","data_sources/sra","data_sources",4
"SRP113529","mouse","sra","data_sources/sra","data_sources",6
"SRP131729","mouse","sra","data_sources/sra","data_sources",9
"SRP114829","mouse","sra","data_sources/sra","data_sources",6
"SRP139929","mouse","sra","data_sources/sra","data_sources",6
"SRP103829","mouse","sra","data_sources/sra","data_sources",2
"SRP106029","mouse","sra","data_sources/sra","data_sources",36
"SRP168429","mouse","sra","data_sources/sra","data_sources",18
"SRP014029","mouse","sra","data_sources/sra","data_sources",6
"ERP016429","mouse","sra","data_sources/sra","data_sources",8
"SRP145529","mouse","sra","data_sources/sra","data_sources",12
"SRP090129","mouse","sra","data_sources/sra","data_sources",9
"SRP081229","mouse","sra","data_sources/sra","data_sources",6
"SRP185829","mouse","sra","data_sources/sra","data_sources",48
"SRP237329","mouse","sra","data_sources/sra","data_sources",26
"SRP128029","mouse","sra","data_sources/sra","data_sources",8
"SRP017129","mouse","sra","data_sources/sra","data_sources",3
"SRP123529","mouse","sra","data_sources/sra","data_sources",12
"SRP190929","mouse","sra","data_sources/sra","data_sources",24
"SRP184229","mouse","sra","data_sources/sra","data_sources",2
"SRP213629","mouse","sra","data_sources/sra","data_sources",72
"SRP142629","mouse","sra","data_sources/sra","data_sources",442
"SRP033529","mouse","sra","data_sources/sra","data_sources",44
"SRP059329","mouse","sra","data_sources/sra","data_sources",18
"SRP217529","mouse","sra","data_sources/sra","data_sources",4
"SRP119529","mouse","sra","data_sources/sra","data_sources",6
"SRP128129","mouse","sra","data_sources/sra","data_sources",23
"SRP062829","mouse","sra","data_sources/sra","data_sources",140
"ERP107429","mouse","sra","data_sources/sra","data_sources",43
"SRP094829","mouse","sra","data_sources/sra","data_sources",12
"SRP044629","mouse","sra","data_sources/sra","data_sources",4
"SRP063829","mouse","sra","data_sources/sra","data_sources",30
"SRP034629","mouse","sra","data_sources/sra","data_sources",8
"SRP064129","mouse","sra","data_sources/sra","data_sources",6
"SRP074829","mouse","sra","data_sources/sra","data_sources",2
"SRP188729","mouse","sra","data_sources/sra","data_sources",24
"SRP053429","mouse","sra","data_sources/sra","data_sources",10
"SRP097129","mouse","sra","data_sources/sra","data_sources",16
"SRP067829","mouse","sra","data_sources/sra","data_sources",7
"SRP100029","mouse","sra","data_sources/sra","data_sources",4
"SRP084329","mouse","sra","data_sources/sra","data_sources",4
"SRP137729","mouse","sra","data_sources/sra","data_sources",24
"SRP072929","mouse","sra","data_sources/sra","data_sources",2
"ERP107629","mouse","sra","data_sources/sra","data_sources",6
"SRP065329","mouse","sra","data_sources/sra","data_sources",4
"SRP233229","mouse","sra","data_sources/sra","data_sources",6
"SRP096029","mouse","sra","data_sources/sra","data_sources",6
"SRP050429","mouse","sra","data_sources/sra","data_sources",24
"SRP107229","mouse","sra","data_sources/sra","data_sources",12
"SRP045529","mouse","sra","data_sources/sra","data_sources",4
"SRP090329","mouse","sra","data_sources/sra","data_sources",18
"SRP104329","mouse","sra","data_sources/sra","data_sources",22
"SRP115029","mouse","sra","data_sources/sra","data_sources",8
"SRP159229","mouse","sra","data_sources/sra","data_sources",12
"SRP150629","mouse","sra","data_sources/sra","data_sources",14
"SRP095129","mouse","sra","data_sources/sra","data_sources",16
"SRP038929","mouse","sra","data_sources/sra","data_sources",7
"SRP102029","mouse","sra","data_sources/sra","data_sources",75
"SRP166188","mouse","sra","data_sources/sra","data_sources",6
"SRP076088","mouse","sra","data_sources/sra","data_sources",4
"SRP127588","mouse","sra","data_sources/sra","data_sources",24
"SRP017388","mouse","sra","data_sources/sra","data_sources",31
"SRP119688","mouse","sra","data_sources/sra","data_sources",15
"SRP233388","mouse","sra","data_sources/sra","data_sources",30
"SRP200688","mouse","sra","data_sources/sra","data_sources",12
"SRP110288","mouse","sra","data_sources/sra","data_sources",127
"SRP188688","mouse","sra","data_sources/sra","data_sources",12
"SRP049388","mouse","sra","data_sources/sra","data_sources",26
"SRP002888","mouse","sra","data_sources/sra","data_sources",22
"SRP216688","mouse","sra","data_sources/sra","data_sources",4
"SRP093288","mouse","sra","data_sources/sra","data_sources",187
"SRP159288","mouse","sra","data_sources/sra","data_sources",16
"SRP091388","mouse","sra","data_sources/sra","data_sources",11
"SRP072888","mouse","sra","data_sources/sra","data_sources",12
"SRP104388","mouse","sra","data_sources/sra","data_sources",10
"SRP072988","mouse","sra","data_sources/sra","data_sources",108
"SRP126488","mouse","sra","data_sources/sra","data_sources",11
"SRP179488","mouse","sra","data_sources/sra","data_sources",12
"SRP040688","mouse","sra","data_sources/sra","data_sources",2
"SRP100088","mouse","sra","data_sources/sra","data_sources",9
"SRP067888","mouse","sra","data_sources/sra","data_sources",4
"SRP163288","mouse","sra","data_sources/sra","data_sources",81
"SRP061188","mouse","sra","data_sources/sra","data_sources",160
"SRP198488","mouse","sra","data_sources/sra","data_sources",10
"SRP016888","mouse","sra","data_sources/sra","data_sources",4
"SRP083088","mouse","sra","data_sources/sra","data_sources",3
"SRP105288","mouse","sra","data_sources/sra","data_sources",9
"SRP067288","mouse","sra","data_sources/sra","data_sources",141
"SRP185988","mouse","sra","data_sources/sra","data_sources",9
"SRP045688","mouse","sra","data_sources/sra","data_sources",6
"SRP158188","mouse","sra","data_sources/sra","data_sources",16
"SRP165988","mouse","sra","data_sources/sra","data_sources",764
"SRP075888","mouse","sra","data_sources/sra","data_sources",18
"SRP131688","mouse","sra","data_sources/sra","data_sources",32
"SRP074888","mouse","sra","data_sources/sra","data_sources",5
"ERP012788","mouse","sra","data_sources/sra","data_sources",12
"SRP133788","mouse","sra","data_sources/sra","data_sources",22
"SRP013888","mouse","sra","data_sources/sra","data_sources",3
"SRP016088","mouse","sra","data_sources/sra","data_sources",4
"SRP058388","mouse","sra","data_sources/sra","data_sources",12
"SRP096988","mouse","sra","data_sources/sra","data_sources",6
"SRP011988","mouse","sra","data_sources/sra","data_sources",2
"SRP069788","mouse","sra","data_sources/sra","data_sources",4
"DRP004588","mouse","sra","data_sources/sra","data_sources",1
"SRP094888","mouse","sra","data_sources/sra","data_sources",17
"SRP126788","mouse","sra","data_sources/sra","data_sources",288
"DRP004488","mouse","sra","data_sources/sra","data_sources",2
"SRP186988","mouse","sra","data_sources/sra","data_sources",12
"SRP040588","mouse","sra","data_sources/sra","data_sources",20
"SRP201488","mouse","sra","data_sources/sra","data_sources",12
"SRP164888","mouse","sra","data_sources/sra","data_sources",6
"SRP082988","mouse","sra","data_sources/sra","data_sources",12
"SRP070188","mouse","sra","data_sources/sra","data_sources",15
"SRP186388","mouse","sra","data_sources/sra","data_sources",23
"SRP167988","mouse","sra","data_sources/sra","data_sources",18
"SRP067188","mouse","sra","data_sources/sra","data_sources",6
"SRP223888","mouse","sra","data_sources/sra","data_sources",46
"SRP191788","mouse","sra","data_sources/sra","data_sources",33
"SRP047288","mouse","sra","data_sources/sra","data_sources",8
"SRP059688","mouse","sra","data_sources/sra","data_sources",7
"SRP119088","mouse","sra","data_sources/sra","data_sources",8
"SRP094788","mouse","sra","data_sources/sra","data_sources",21
"SRP033088","mouse","sra","data_sources/sra","data_sources",2
"SRP186788","mouse","sra","data_sources/sra","data_sources",3
"SRP109988","mouse","sra","data_sources/sra","data_sources",5
"SRP131388","mouse","sra","data_sources/sra","data_sources",18
"SRP073488","mouse","sra","data_sources/sra","data_sources",6
"ERP006988","mouse","sra","data_sources/sra","data_sources",1
"SRP106488","mouse","sra","data_sources/sra","data_sources",10
"SRP118088","mouse","sra","data_sources/sra","data_sources",4
"SRP126388","mouse","sra","data_sources/sra","data_sources",14
"SRP132888","mouse","sra","data_sources/sra","data_sources",6
"SRP165788","mouse","sra","data_sources/sra","data_sources",7
"SRP133388","mouse","sra","data_sources/sra","data_sources",2
"SRP156888","mouse","sra","data_sources/sra","data_sources",12
"SRP061788","mouse","sra","data_sources/sra","data_sources",18
"SRP019988","mouse","sra","data_sources/sra","data_sources",1
"SRP121188","mouse","sra","data_sources/sra","data_sources",1
"SRP162488","mouse","sra","data_sources/sra","data_sources",12
"SRP233488","mouse","sra","data_sources/sra","data_sources",11
"SRP164788","mouse","sra","data_sources/sra","data_sources",9
"SRP144088","mouse","sra","data_sources/sra","data_sources",8
"SRP090688","mouse","sra","data_sources/sra","data_sources",54
"SRP092788","mouse","sra","data_sources/sra","data_sources",8
"SRP188988","mouse","sra","data_sources/sra","data_sources",55
"SRP200388","mouse","sra","data_sources/sra","data_sources",6
"ERP016988","mouse","sra","data_sources/sra","data_sources",24
"SRP025988","mouse","sra","data_sources/sra","data_sources",3
"SRP118988","mouse","sra","data_sources/sra","data_sources",7
"SRP095488","mouse","sra","data_sources/sra","data_sources",29
"SRP010588","mouse","sra","data_sources/sra","data_sources",27
"SRP135288","mouse","sra","data_sources/sra","data_sources",36
"SRP192588","mouse","sra","data_sources/sra","data_sources",9
"SRP031888","mouse","sra","data_sources/sra","data_sources",36
"SRP077588","mouse","sra","data_sources/sra","data_sources",5
"SRP041888","mouse","sra","data_sources/sra","data_sources",10
"SRP069188","mouse","sra","data_sources/sra","data_sources",15
"SRP151888","mouse","sra","data_sources/sra","data_sources",19
"SRP091788","mouse","sra","data_sources/sra","data_sources",16
"SRP007488","mouse","sra","data_sources/sra","data_sources",4
"SRP159688","mouse","sra","data_sources/sra","data_sources",17
"SRP062588","mouse","sra","data_sources/sra","data_sources",3
"SRP170588","mouse","sra","data_sources/sra","data_sources",4
"SRP134388","mouse","sra","data_sources/sra","data_sources",8
"SRP144388","mouse","sra","data_sources/sra","data_sources",27
"SRP076488","mouse","sra","data_sources/sra","data_sources",9
"SRP110311","mouse","sra","data_sources/sra","data_sources",8
"SRP050511","mouse","sra","data_sources/sra","data_sources",6
"SRP035411","mouse","sra","data_sources/sra","data_sources",4
"SRP018511","mouse","sra","data_sources/sra","data_sources",4
"SRP218011","mouse","sra","data_sources/sra","data_sources",6
"SRP225211","mouse","sra","data_sources/sra","data_sources",6
"SRP078611","mouse","sra","data_sources/sra","data_sources",36
"SRP080111","mouse","sra","data_sources/sra","data_sources",6
"SRP017811","mouse","sra","data_sources/sra","data_sources",2
"SRP170011","mouse","sra","data_sources/sra","data_sources",2
"SRP092911","mouse","sra","data_sources/sra","data_sources",22
"SRP158911","mouse","sra","data_sources/sra","data_sources",13
"SRP150711","mouse","sra","data_sources/sra","data_sources",6
"SRP040711","mouse","sra","data_sources/sra","data_sources",3
"SRP015811","mouse","sra","data_sources/sra","data_sources",4
"SRP113311","mouse","sra","data_sources/sra","data_sources",9
"SRP071311","mouse","sra","data_sources/sra","data_sources",4
"SRP131511","mouse","sra","data_sources/sra","data_sources",40
"SRP097011","mouse","sra","data_sources/sra","data_sources",14
"SRP002811","mouse","sra","data_sources/sra","data_sources",203
"SRP107211","mouse","sra","data_sources/sra","data_sources",20
"SRP065211","mouse","sra","data_sources/sra","data_sources",4
"SRP056711","mouse","sra","data_sources/sra","data_sources",3
"SRP161811","mouse","sra","data_sources/sra","data_sources",16
"SRP064811","mouse","sra","data_sources/sra","data_sources",8
"SRP184211","mouse","sra","data_sources/sra","data_sources",12
"SRP123511","mouse","sra","data_sources/sra","data_sources",12
"SRP121411","mouse","sra","data_sources/sra","data_sources",24
"SRP117311","mouse","sra","data_sources/sra","data_sources",25
"SRP168411","mouse","sra","data_sources/sra","data_sources",12
"SRP237911","mouse","sra","data_sources/sra","data_sources",21
"SRP111011","mouse","sra","data_sources/sra","data_sources",6
"SRP076811","mouse","sra","data_sources/sra","data_sources",15
"SRP111111","mouse","sra","data_sources/sra","data_sources",4
"SRP029911","mouse","sra","data_sources/sra","data_sources",2
"SRP100211","mouse","sra","data_sources/sra","data_sources",6
"SRP062211","mouse","sra","data_sources/sra","data_sources",11
"SRP139811","mouse","sra","data_sources/sra","data_sources",4
"SRP117211","mouse","sra","data_sources/sra","data_sources",4
"SRP183011","mouse","sra","data_sources/sra","data_sources",6
"SRP125711","mouse","sra","data_sources/sra","data_sources",6
"SRP092111","mouse","sra","data_sources/sra","data_sources",12
"ERP023911","mouse","sra","data_sources/sra","data_sources",12
"SRP095811","mouse","sra","data_sources/sra","data_sources",18
"SRP061311","mouse","sra","data_sources/sra","data_sources",9
"SRP142711","mouse","sra","data_sources/sra","data_sources",40
"SRP041011","mouse","sra","data_sources/sra","data_sources",4
"SRP202011","mouse","sra","data_sources/sra","data_sources",6
"SRP074611","mouse","sra","data_sources/sra","data_sources",6
"SRP174411","mouse","sra","data_sources/sra","data_sources",8
"SRP066411","mouse","sra","data_sources/sra","data_sources",12
"SRP039411","mouse","sra","data_sources/sra","data_sources",8
"SRP221611","mouse","sra","data_sources/sra","data_sources",5
"SRP161511","mouse","sra","data_sources/sra","data_sources",12
"SRP100611","mouse","sra","data_sources/sra","data_sources",7
"SRP201011","mouse","sra","data_sources/sra","data_sources",73
"SRP150011","mouse","sra","data_sources/sra","data_sources",32
"SRP111411","mouse","sra","data_sources/sra","data_sources",12
"SRP045911","mouse","sra","data_sources/sra","data_sources",5
"SRP133211","mouse","sra","data_sources/sra","data_sources",12
"SRP157911","mouse","sra","data_sources/sra","data_sources",10
"SRP018811","mouse","sra","data_sources/sra","data_sources",6
"SRP091511","mouse","sra","data_sources/sra","data_sources",18
"SRP052911","mouse","sra","data_sources/sra","data_sources",23
"SRP075711","mouse","sra","data_sources/sra","data_sources",4
"SRP149711","mouse","sra","data_sources/sra","data_sources",384
"SRP026111","mouse","sra","data_sources/sra","data_sources",3
"SRP191711","mouse","sra","data_sources/sra","data_sources",2
"SRP114611","mouse","sra","data_sources/sra","data_sources",21
"SRP043011","mouse","sra","data_sources/sra","data_sources",8
"ERP110111","mouse","sra","data_sources/sra","data_sources",16
"SRP198311","mouse","sra","data_sources/sra","data_sources",19
"SRP033011","mouse","sra","data_sources/sra","data_sources",2
"SRP200011","mouse","sra","data_sources/sra","data_sources",10
"SRP173611","mouse","sra","data_sources/sra","data_sources",8
"SRP094511","mouse","sra","data_sources/sra","data_sources",2
"SRP041311","mouse","sra","data_sources/sra","data_sources",8
"SRP078911","mouse","sra","data_sources/sra","data_sources",12
"SRP128611","mouse","sra","data_sources/sra","data_sources",6
"SRP032811","mouse","sra","data_sources/sra","data_sources",8
"ERP017211","mouse","sra","data_sources/sra","data_sources",5
"SRP115411","mouse","sra","data_sources/sra","data_sources",33
"SRP102411","mouse","sra","data_sources/sra","data_sources",6
"SRP150211","mouse","sra","data_sources/sra","data_sources",12
"ERP010011","mouse","sra","data_sources/sra","data_sources",12
"SRP060511","mouse","sra","data_sources/sra","data_sources",1
"SRP113611","mouse","sra","data_sources/sra","data_sources",9
"SRP071611","mouse","sra","data_sources/sra","data_sources",12
"DRP004311","mouse","sra","data_sources/sra","data_sources",7
"SRP109011","mouse","sra","data_sources/sra","data_sources",768
"SRP148411","mouse","sra","data_sources/sra","data_sources",21
"SRP093711","mouse","sra","data_sources/sra","data_sources",12
"SRP017611","mouse","sra","data_sources/sra","data_sources",9
"SRP144211","mouse","sra","data_sources/sra","data_sources",16
"SRP189311","mouse","sra","data_sources/sra","data_sources",6
"SRP123211","mouse","sra","data_sources/sra","data_sources",2
"SRP108766","mouse","sra","data_sources/sra","data_sources",23
"SRP119466","mouse","sra","data_sources/sra","data_sources",70
"SRP097866","mouse","sra","data_sources/sra","data_sources",11
"SRP026566","mouse","sra","data_sources/sra","data_sources",6
"SRP105166","mouse","sra","data_sources/sra","data_sources",46
"SRP090166","mouse","sra","data_sources/sra","data_sources",14
"SRP080866","mouse","sra","data_sources/sra","data_sources",6
"SRP150466","mouse","sra","data_sources/sra","data_sources",2
"SRP076866","mouse","sra","data_sources/sra","data_sources",10
"SRP227066","mouse","sra","data_sources/sra","data_sources",36
"SRP179766","mouse","sra","data_sources/sra","data_sources",12
"SRP118466","mouse","sra","data_sources/sra","data_sources",4
"SRP096866","mouse","sra","data_sources/sra","data_sources",4
"SRP060366","mouse","sra","data_sources/sra","data_sources",6
"SRP072166","mouse","sra","data_sources/sra","data_sources",8
"SRP200566","mouse","sra","data_sources/sra","data_sources",6
"DRP003666","mouse","sra","data_sources/sra","data_sources",17
"SRP090066","mouse","sra","data_sources/sra","data_sources",9
"SRP062866","mouse","sra","data_sources/sra","data_sources",8
"ERP015466","mouse","sra","data_sources/sra","data_sources",16
"SRP056666","mouse","sra","data_sources/sra","data_sources",48
"SRP107366","mouse","sra","data_sources/sra","data_sources",10
"SRP191066","mouse","sra","data_sources/sra","data_sources",12
"SRP186066","mouse","sra","data_sources/sra","data_sources",8
"SRP151766","mouse","sra","data_sources/sra","data_sources",24
"SRP063066","mouse","sra","data_sources/sra","data_sources",49
"SRP133566","mouse","sra","data_sources/sra","data_sources",7
"SRP040666","mouse","sra","data_sources/sra","data_sources",10
"ERP001766","mouse","sra","data_sources/sra","data_sources",2
"DRP004766","mouse","sra","data_sources/sra","data_sources",8
"ERP115566","mouse","sra","data_sources/sra","data_sources",28
"SRP064266","mouse","sra","data_sources/sra","data_sources",12
"SRP156566","mouse","sra","data_sources/sra","data_sources",16
"SRP049366","mouse","sra","data_sources/sra","data_sources",9
"SRP126566","mouse","sra","data_sources/sra","data_sources",8
"SRP066366","mouse","sra","data_sources/sra","data_sources",24
"SRP017966","mouse","sra","data_sources/sra","data_sources",10
"ERP023066","mouse","sra","data_sources/sra","data_sources",54
"SRP041766","mouse","sra","data_sources/sra","data_sources",4
"SRP233366","mouse","sra","data_sources/sra","data_sources",12
"SRP013166","mouse","sra","data_sources/sra","data_sources",4
"SRP171166","mouse","sra","data_sources/sra","data_sources",8
"SRP155466","mouse","sra","data_sources/sra","data_sources",9
"SRP068466","mouse","sra","data_sources/sra","data_sources",8
"SRP047466","mouse","sra","data_sources/sra","data_sources",12
"ERP015766","mouse","sra","data_sources/sra","data_sources",42
"SRP158666","mouse","sra","data_sources/sra","data_sources",2756
"SRP218566","mouse","sra","data_sources/sra","data_sources",4
"SRP152966","mouse","sra","data_sources/sra","data_sources",72
"ERP001866","mouse","sra","data_sources/sra","data_sources",16
"SRP029466","mouse","sra","data_sources/sra","data_sources",4
"SRP068066","mouse","sra","data_sources/sra","data_sources",101
"SRP216866","mouse","sra","data_sources/sra","data_sources",12
"SRP094566","mouse","sra","data_sources/sra","data_sources",8
"SRP173466","mouse","sra","data_sources/sra","data_sources",36
"SRP134966","mouse","sra","data_sources/sra","data_sources",13
"SRP119866","mouse","sra","data_sources/sra","data_sources",4
"SRP082566","mouse","sra","data_sources/sra","data_sources",11
"SRP148566","mouse","sra","data_sources/sra","data_sources",40
"SRP216266","mouse","sra","data_sources/sra","data_sources",12
"SRP216366","mouse","sra","data_sources/sra","data_sources",9
"SRP192566","mouse","sra","data_sources/sra","data_sources",25
"SRP187466","mouse","sra","data_sources/sra","data_sources",14
"ERP003266","mouse","sra","data_sources/sra","data_sources",12
"SRP201366","mouse","sra","data_sources/sra","data_sources",12
"SRP100466","mouse","sra","data_sources/sra","data_sources",64
"ERP020466","mouse","sra","data_sources/sra","data_sources",850
"SRP094466","mouse","sra","data_sources/sra","data_sources",384
"SRP041266","mouse","sra","data_sources/sra","data_sources",12
"SRP186466","mouse","sra","data_sources/sra","data_sources",8
"DRP005366","mouse","sra","data_sources/sra","data_sources",4
"SRP107766","mouse","sra","data_sources/sra","data_sources",4
"SRP035266","mouse","sra","data_sources/sra","data_sources",1
"SRP164766","mouse","sra","data_sources/sra","data_sources",9
"SRP051966","mouse","sra","data_sources/sra","data_sources",1
"SRP127266","mouse","sra","data_sources/sra","data_sources",4
"ERP108766","mouse","sra","data_sources/sra","data_sources",16
"SRP124966","mouse","sra","data_sources/sra","data_sources",1
"SRP121166","mouse","sra","data_sources/sra","data_sources",1
"SRP069966","mouse","sra","data_sources/sra","data_sources",52
"SRP095666","mouse","sra","data_sources/sra","data_sources",1
"SRP141266","mouse","sra","data_sources/sra","data_sources",128
"ERP111066","mouse","sra","data_sources/sra","data_sources",38
"SRP161566","mouse","sra","data_sources/sra","data_sources",124
"SRP145066","mouse","sra","data_sources/sra","data_sources",6
"SRP181566","mouse","sra","data_sources/sra","data_sources",10
"SRP058766","mouse","sra","data_sources/sra","data_sources",18
"SRP019266","mouse","sra","data_sources/sra","data_sources",41
"SRP060666","mouse","sra","data_sources/sra","data_sources",9
"SRP172666","mouse","sra","data_sources/sra","data_sources",12
"SRP100766","mouse","sra","data_sources/sra","data_sources",95
"SRP133266","mouse","sra","data_sources/sra","data_sources",4
"SRP095766","mouse","sra","data_sources/sra","data_sources",16
"SRP036866","mouse","sra","data_sources/sra","data_sources",12
"SRP130366","mouse","sra","data_sources/sra","data_sources",13
"SRP090566","mouse","sra","data_sources/sra","data_sources",6
"SRP116766","mouse","sra","data_sources/sra","data_sources",6
"SRP131682","mouse","sra","data_sources/sra","data_sources",1911
"SRP111182","mouse","sra","data_sources/sra","data_sources",4
"SRP095282","mouse","sra","data_sources/sra","data_sources",42
"ERP115682","mouse","sra","data_sources/sra","data_sources",1009
"SRP019782","mouse","sra","data_sources/sra","data_sources",11
"SRP148282","mouse","sra","data_sources/sra","data_sources",96
"SRP061982","mouse","sra","data_sources/sra","data_sources",16
"SRP105082","mouse","sra","data_sources/sra","data_sources",37
"SRP127682","mouse","sra","data_sources/sra","data_sources",11
"SRP175082","mouse","sra","data_sources/sra","data_sources",6
"SRP092182","mouse","sra","data_sources/sra","data_sources",31
"SRP167882","mouse","sra","data_sources/sra","data_sources",12
"SRP082982","mouse","sra","data_sources/sra","data_sources",31
"SRP121482","mouse","sra","data_sources/sra","data_sources",20
"SRP110082","mouse","sra","data_sources/sra","data_sources",12
"SRP132682","mouse","sra","data_sources/sra","data_sources",10
"SRP200482","mouse","sra","data_sources/sra","data_sources",6
"SRP065082","mouse","sra","data_sources/sra","data_sources",252
"SRP221982","mouse","sra","data_sources/sra","data_sources",6
"SRP081282","mouse","sra","data_sources/sra","data_sources",14
"SRP144582","mouse","sra","data_sources/sra","data_sources",8124
"SRP166382","mouse","sra","data_sources/sra","data_sources",22
"SRP077282","mouse","sra","data_sources/sra","data_sources",23
"SRP094982","mouse","sra","data_sources/sra","data_sources",18
"SRP214582","mouse","sra","data_sources/sra","data_sources",6
"SRP082382","mouse","sra","data_sources/sra","data_sources",6
"SRP201482","mouse","sra","data_sources/sra","data_sources",12
"SRP059882","mouse","sra","data_sources/sra","data_sources",2
"SRP084282","mouse","sra","data_sources/sra","data_sources",6
"SRP117182","mouse","sra","data_sources/sra","data_sources",14
"SRP176282","mouse","sra","data_sources/sra","data_sources",2
"ERP015782","mouse","sra","data_sources/sra","data_sources",7
"SRP049982","mouse","sra","data_sources/sra","data_sources",4
"SRP043682","mouse","sra","data_sources/sra","data_sources",5
"SRP064982","mouse","sra","data_sources/sra","data_sources",10
"SRP016882","mouse","sra","data_sources/sra","data_sources",36
"SRP149082","mouse","sra","data_sources/sra","data_sources",12
"SRP105282","mouse","sra","data_sources/sra","data_sources",12
"SRP067282","mouse","sra","data_sources/sra","data_sources",6
"SRP136782","mouse","sra","data_sources/sra","data_sources",12
"SRP068582","mouse","sra","data_sources/sra","data_sources",14
"SRP126482","mouse","sra","data_sources/sra","data_sources",8
"SRP113282","mouse","sra","data_sources/sra","data_sources",10
"SRP102582","mouse","sra","data_sources/sra","data_sources",6
"SRP009882","mouse","sra","data_sources/sra","data_sources",4
"SRP133182","mouse","sra","data_sources/sra","data_sources",6
"SRP189982","mouse","sra","data_sources/sra","data_sources",14
"SRP099882","mouse","sra","data_sources/sra","data_sources",31
"SRP090682","mouse","sra","data_sources/sra","data_sources",4
"SRP201982","mouse","sra","data_sources/sra","data_sources",25
"ERP006082","mouse","sra","data_sources/sra","data_sources",47
"SRP157082","mouse","sra","data_sources/sra","data_sources",4
"SRP182682","mouse","sra","data_sources/sra","data_sources",24
"SRP222582","mouse","sra","data_sources/sra","data_sources",16
"SRP135882","mouse","sra","data_sources/sra","data_sources",12
"DRP003182","mouse","sra","data_sources/sra","data_sources",2
"SRP121282","mouse","sra","data_sources/sra","data_sources",6
"SRP078982","mouse","sra","data_sources/sra","data_sources",22
"SRP110682","mouse","sra","data_sources/sra","data_sources",6
"SRP055882","mouse","sra","data_sources/sra","data_sources",37
"SRP152982","mouse","sra","data_sources/sra","data_sources",2
"SRP098982","mouse","sra","data_sources/sra","data_sources",6
"SRP125082","mouse","sra","data_sources/sra","data_sources",17
"SRP134382","mouse","sra","data_sources/sra","data_sources",400
"SRP158682","mouse","sra","data_sources/sra","data_sources",72
"SRP079382","mouse","sra","data_sources/sra","data_sources",9
"SRP040982","mouse","sra","data_sources/sra","data_sources",2
"SRP045182","mouse","sra","data_sources/sra","data_sources",25
"SRP076482","mouse","sra","data_sources/sra","data_sources",9
"SRP069082","mouse","sra","data_sources/sra","data_sources",6
"SRP091782","mouse","sra","data_sources/sra","data_sources",12
"SRP079982","mouse","sra","data_sources/sra","data_sources",8
"SRP133082","mouse","sra","data_sources/sra","data_sources",45
"SRP212082","mouse","sra","data_sources/sra","data_sources",6
"SRP113782","mouse","sra","data_sources/sra","data_sources",4
"SRP102682","mouse","sra","data_sources/sra","data_sources",10
"SRP223682","mouse","sra","data_sources/sra","data_sources",14
"SRP091582","mouse","sra","data_sources/sra","data_sources",15
"SRP055082","mouse","sra","data_sources/sra","data_sources",8
"ERP006382","mouse","sra","data_sources/sra","data_sources",1
"SRP015482","mouse","sra","data_sources/sra","data_sources",2
"SRP108382","mouse","sra","data_sources/sra","data_sources",6
"SRP193682","mouse","sra","data_sources/sra","data_sources",3
"SRP162582","mouse","sra","data_sources/sra","data_sources",8
"SRP154882","mouse","sra","data_sources/sra","data_sources",8
"SRP069882","mouse","sra","data_sources/sra","data_sources",16
"SRP070582","mouse","sra","data_sources/sra","data_sources",6
"SRP043082","mouse","sra","data_sources/sra","data_sources",8
"SRP197582","mouse","sra","data_sources/sra","data_sources",26
"SRP156882","mouse","sra","data_sources/sra","data_sources",15
"SRP121182","mouse","sra","data_sources/sra","data_sources",1
"SRP108282","mouse","sra","data_sources/sra","data_sources",39
"SRP119182","mouse","sra","data_sources/sra","data_sources",12
"SRP128582","mouse","sra","data_sources/sra","data_sources",300
"SRP145082","mouse","sra","data_sources/sra","data_sources",8
"SRP140882","mouse","sra","data_sources/sra","data_sources",14
"SRP022882","mouse","sra","data_sources/sra","data_sources",2
"SRP129582","mouse","sra","data_sources/sra","data_sources",3
"SRP050982","mouse","sra","data_sources/sra","data_sources",7
"SRP126282","mouse","sra","data_sources/sra","data_sources",44
"SRP192782","mouse","sra","data_sources/sra","data_sources",2942
"SRP052882","mouse","sra","data_sources/sra","data_sources",7
"SRP106582","mouse","sra","data_sources/sra","data_sources",2
"SRP117682","mouse","sra","data_sources/sra","data_sources",48
"SRP150182","mouse","sra","data_sources/sra","data_sources",224
"SRP051382","mouse","sra","data_sources/sra","data_sources",24
"SRP108882","mouse","sra","data_sources/sra","data_sources",2
"ERP013947","mouse","sra","data_sources/sra","data_sources",30
"SRP145047","mouse","sra","data_sources/sra","data_sources",16
"SRP055147","mouse","sra","data_sources/sra","data_sources",21
"DRP003847","mouse","sra","data_sources/sra","data_sources",37
"SRP185747","mouse","sra","data_sources/sra","data_sources",6
"SRP188147","mouse","sra","data_sources/sra","data_sources",20
"ERP022747","mouse","sra","data_sources/sra","data_sources",9
"SRP121147","mouse","sra","data_sources/sra","data_sources",1
"SRP065547","mouse","sra","data_sources/sra","data_sources",12
"SRP092547","mouse","sra","data_sources/sra","data_sources",2
"ERP017147","mouse","sra","data_sources/sra","data_sources",6
"SRP144047","mouse","sra","data_sources/sra","data_sources",14
"SRP090547","mouse","sra","data_sources/sra","data_sources",4
"SRP119047","mouse","sra","data_sources/sra","data_sources",21
"SRP153147","mouse","sra","data_sources/sra","data_sources",47
"SRP060647","mouse","sra","data_sources/sra","data_sources",4
"SRP170747","mouse","sra","data_sources/sra","data_sources",10
"SRP150047","mouse","sra","data_sources/sra","data_sources",14
"SRP075747","mouse","sra","data_sources/sra","data_sources",4
"ERP005247","mouse","sra","data_sources/sra","data_sources",6
"SRP140947","mouse","sra","data_sources/sra","data_sources",21
"SRP168247","mouse","sra","data_sources/sra","data_sources",6
"SRP046047","mouse","sra","data_sources/sra","data_sources",3
"SRP093647","mouse","sra","data_sources/sra","data_sources",24
"SRP172447","mouse","sra","data_sources/sra","data_sources",12
"SRP136847","mouse","sra","data_sources/sra","data_sources",9
"SRP095547","mouse","sra","data_sources/sra","data_sources",6
"SRP118847","mouse","sra","data_sources/sra","data_sources",6
"SRP112747","mouse","sra","data_sources/sra","data_sources",32
"SRP094547","mouse","sra","data_sources/sra","data_sources",8
"SRP116547","mouse","sra","data_sources/sra","data_sources",6
"SRP128647","mouse","sra","data_sources/sra","data_sources",2
"SRP136247","mouse","sra","data_sources/sra","data_sources",28
"SRP029447","mouse","sra","data_sources/sra","data_sources",6
"SRP166447","mouse","sra","data_sources/sra","data_sources",570
"SRP191447","mouse","sra","data_sources/sra","data_sources",8
"SRP078847","mouse","sra","data_sources/sra","data_sources",5
"SRP188347","mouse","sra","data_sources/sra","data_sources",6
"SRP133147","mouse","sra","data_sources/sra","data_sources",10
"SRP150347","mouse","sra","data_sources/sra","data_sources",16
"SRP028547","mouse","sra","data_sources/sra","data_sources",21
"SRP069147","mouse","sra","data_sources/sra","data_sources",4
"SRP154147","mouse","sra","data_sources/sra","data_sources",96
"SRP080147","mouse","sra","data_sources/sra","data_sources",19
"SRP154547","mouse","sra","data_sources/sra","data_sources",24
"SRP070847","mouse","sra","data_sources/sra","data_sources",36
"SRP106347","mouse","sra","data_sources/sra","data_sources",6
"SRP051547","mouse","sra","data_sources/sra","data_sources",4
"SRP094047","mouse","sra","data_sources/sra","data_sources",24
"SRP050547","mouse","sra","data_sources/sra","data_sources",17
"SRP116047","mouse","sra","data_sources/sra","data_sources",28
"SRP119747","mouse","sra","data_sources/sra","data_sources",2
"SRP090247","mouse","sra","data_sources/sra","data_sources",16
"SRP108547","mouse","sra","data_sources/sra","data_sources",11
"SRP110247","mouse","sra","data_sources/sra","data_sources",9
"SRP012147","mouse","sra","data_sources/sra","data_sources",6
"SRP133447","mouse","sra","data_sources/sra","data_sources",40
"SRP174347","mouse","sra","data_sources/sra","data_sources",6
"SRP219147","mouse","sra","data_sources/sra","data_sources",6
"SRP093247","mouse","sra","data_sources/sra","data_sources",12
"SRP072847","mouse","sra","data_sources/sra","data_sources",15
"SRP101947","mouse","sra","data_sources/sra","data_sources",4
"SRP044747","mouse","sra","data_sources/sra","data_sources",16
"SRP055447","mouse","sra","data_sources/sra","data_sources",28
"SRP150447","mouse","sra","data_sources/sra","data_sources",3
"SRP163147","mouse","sra","data_sources/sra","data_sources",6
"SRP060247","mouse","sra","data_sources/sra","data_sources",6
"SRP110047","mouse","sra","data_sources/sra","data_sources",12
"ERP013647","mouse","sra","data_sources/sra","data_sources",28
"SRP097847","mouse","sra","data_sources/sra","data_sources",24
"SRP158047","mouse","sra","data_sources/sra","data_sources",4
"SRP102847","mouse","sra","data_sources/sra","data_sources",6
"SRP045747","mouse","sra","data_sources/sra","data_sources",16
"SRP105147","mouse","sra","data_sources/sra","data_sources",15
"SRP068647","mouse","sra","data_sources/sra","data_sources",12
"SRP128047","mouse","sra","data_sources/sra","data_sources",11
"SRP187847","mouse","sra","data_sources/sra","data_sources",24
"SRP074247","mouse","sra","data_sources/sra","data_sources",9
"SRP125747","mouse","sra","data_sources/sra","data_sources",8
"SRP056447","mouse","sra","data_sources/sra","data_sources",20
"SRP080947","mouse","sra","data_sources/sra","data_sources",14
"SRP110147","mouse","sra","data_sources/sra","data_sources",4
"SRP198647","mouse","sra","data_sources/sra","data_sources",16
"SRP102347","mouse","sra","data_sources/sra","data_sources",4
"SRP114947","mouse","sra","data_sources/sra","data_sources",77
"SRP013847","mouse","sra","data_sources/sra","data_sources",6
"SRP058347","mouse","sra","data_sources/sra","data_sources",12
"SRP124747","mouse","sra","data_sources/sra","data_sources",25
"SRP075247","mouse","sra","data_sources/sra","data_sources",12
"SRP145447","mouse","sra","data_sources/sra","data_sources",24
"SRP181147","mouse","sra","data_sources/sra","data_sources",48
"SRP052230","mouse","sra","data_sources/sra","data_sources",20
"SRP121130","mouse","sra","data_sources/sra","data_sources",1
"SRP153030","mouse","sra","data_sources/sra","data_sources",10
"SRP109830","mouse","sra","data_sources/sra","data_sources",24
"SRP101630","mouse","sra","data_sources/sra","data_sources",18
"DRP005130","mouse","sra","data_sources/sra","data_sources",47
"SRP127230","mouse","sra","data_sources/sra","data_sources",5
"ERP012930","mouse","sra","data_sources/sra","data_sources",36
"SRP106530","mouse","sra","data_sources/sra","data_sources",5
"SRP156230","mouse","sra","data_sources/sra","data_sources",29
"SRP095630","mouse","sra","data_sources/sra","data_sources",6
"SRP172730","mouse","sra","data_sources/sra","data_sources",20
"SRP185730","mouse","sra","data_sources/sra","data_sources",6
"SRP030030","mouse","sra","data_sources/sra","data_sources",29
"SRP187730","mouse","sra","data_sources/sra","data_sources",24
"ERP114930","mouse","sra","data_sources/sra","data_sources",6
"SRP193630","mouse","sra","data_sources/sra","data_sources",33
"SRP059630","mouse","sra","data_sources/sra","data_sources",2
"SRP199930","mouse","sra","data_sources/sra","data_sources",12
"SRP151030","mouse","sra","data_sources/sra","data_sources",9
"SRP070530","mouse","sra","data_sources/sra","data_sources",4
"SRP011430","mouse","sra","data_sources/sra","data_sources",18
"SRP108130","mouse","sra","data_sources/sra","data_sources",4
"ERP015330","mouse","sra","data_sources/sra","data_sources",184
"SRP098930","mouse","sra","data_sources/sra","data_sources",10
"SRP122930","mouse","sra","data_sources/sra","data_sources",8
"SRP144330","mouse","sra","data_sources/sra","data_sources",7
"SRP068030","mouse","sra","data_sources/sra","data_sources",28
"SRP078330","mouse","sra","data_sources/sra","data_sources",4
"SRP159630","mouse","sra","data_sources/sra","data_sources",12
"SRP082530","mouse","sra","data_sources/sra","data_sources",7
"SRP051030","mouse","sra","data_sources/sra","data_sources",4
"SRP131130","mouse","sra","data_sources/sra","data_sources",12
"SRP119930","mouse","sra","data_sources/sra","data_sources",4
"SRP086630","mouse","sra","data_sources/sra","data_sources",6
"SRP131030","mouse","sra","data_sources/sra","data_sources",2
"SRP049630","mouse","sra","data_sources/sra","data_sources",56
"SRP007530","mouse","sra","data_sources/sra","data_sources",4
"SRP200930","mouse","sra","data_sources/sra","data_sources",6
"SRP158730","mouse","sra","data_sources/sra","data_sources",10
"SRP123230","mouse","sra","data_sources/sra","data_sources",10
"SRP055930","mouse","sra","data_sources/sra","data_sources",6
"DRP004930","mouse","sra","data_sources/sra","data_sources",18
"SRP101430","mouse","sra","data_sources/sra","data_sources",8
"SRP153630","mouse","sra","data_sources/sra","data_sources",8
"DRP003430","mouse","sra","data_sources/sra","data_sources",4
"SRP189730","mouse","sra","data_sources/sra","data_sources",24
"SRP161930","mouse","sra","data_sources/sra","data_sources",16
"SRP056630","mouse","sra","data_sources/sra","data_sources",10
"SRP136730","mouse","sra","data_sources/sra","data_sources",8
"SRP137730","mouse","sra","data_sources/sra","data_sources",18
"DRP004730","mouse","sra","data_sources/sra","data_sources",10
"SRP219030","mouse","sra","data_sources/sra","data_sources",40
"ERP012530","mouse","sra","data_sources/sra","data_sources",15
"SRP180930","mouse","sra","data_sources/sra","data_sources",6
"SRP100030","mouse","sra","data_sources/sra","data_sources",10
"SRP084330","mouse","sra","data_sources/sra","data_sources",8
"SRP150630","mouse","sra","data_sources/sra","data_sources",73
"SRP234030","mouse","sra","data_sources/sra","data_sources",12
"ERP005430","mouse","sra","data_sources/sra","data_sources",36
"SRP162930","mouse","sra","data_sources/sra","data_sources",6
"SRP189630","mouse","sra","data_sources/sra","data_sources",6
"SRP186330","mouse","sra","data_sources/sra","data_sources",20
"SRP184230","mouse","sra","data_sources/sra","data_sources",48
"SRP074330","mouse","sra","data_sources/sra","data_sources",6
"SRP149330","mouse","sra","data_sources/sra","data_sources",9
"DRP004430","mouse","sra","data_sources/sra","data_sources",6
"SRP174130","mouse","sra","data_sources/sra","data_sources",4
"SRP064030","mouse","sra","data_sources/sra","data_sources",27
"SRP223230","mouse","sra","data_sources/sra","data_sources",24
"ERP021330","mouse","sra","data_sources/sra","data_sources",18
"SRP218930","mouse","sra","data_sources/sra","data_sources",14
"DRP002730","mouse","sra","data_sources/sra","data_sources",5
"SRP089730","mouse","sra","data_sources/sra","data_sources",10
"SRP111130","mouse","sra","data_sources/sra","data_sources",6
"SRP032530","mouse","sra","data_sources/sra","data_sources",4
"SRP061930","mouse","sra","data_sources/sra","data_sources",7
"ERP005730","mouse","sra","data_sources/sra","data_sources",32
"SRP080330","mouse","sra","data_sources/sra","data_sources",12
"SRP069730","mouse","sra","data_sources/sra","data_sources",2
"SRP229630","mouse","sra","data_sources/sra","data_sources",28
"SRP100830","mouse","sra","data_sources/sra","data_sources",36
"SRP045630","mouse","sra","data_sources/sra","data_sources",18
"SRP125730","mouse","sra","data_sources/sra","data_sources",8
"SRP056430","mouse","sra","data_sources/sra","data_sources",6
"SRP108630","mouse","sra","data_sources/sra","data_sources",9
"SRP182030","mouse","sra","data_sources/sra","data_sources",4
"SRP173330","mouse","sra","data_sources/sra","data_sources",28
"SRP096330","mouse","sra","data_sources/sra","data_sources",4
"SRP174208","mouse","sra","data_sources/sra","data_sources",74
"SRP049208","mouse","sra","data_sources/sra","data_sources",4
"SRP145608","mouse","sra","data_sources/sra","data_sources",96
"SRP115108","mouse","sra","data_sources/sra","data_sources",30
"SRP221008","mouse","sra","data_sources/sra","data_sources",6
"SRP143508","mouse","sra","data_sources/sra","data_sources",10
"SRP097108","mouse","sra","data_sources/sra","data_sources",4
"SRP150708","mouse","sra","data_sources/sra","data_sources",8
"DRP000508","mouse","sra","data_sources/sra","data_sources",6
"SRP031608","mouse","sra","data_sources/sra","data_sources",3
"SRP106908","mouse","sra","data_sources/sra","data_sources",3186
"SRP159908","mouse","sra","data_sources/sra","data_sources",24
"SRP166008","mouse","sra","data_sources/sra","data_sources",10
"SRP105208","mouse","sra","data_sources/sra","data_sources",8
"SRP090208","mouse","sra","data_sources/sra","data_sources",3
"SRP081108","mouse","sra","data_sources/sra","data_sources",30
"SRP017208","mouse","sra","data_sources/sra","data_sources",2
"SRP116008","mouse","sra","data_sources/sra","data_sources",6
"SRP125508","mouse","sra","data_sources/sra","data_sources",8
"SRP092208","mouse","sra","data_sources/sra","data_sources",4
"SRP107208","mouse","sra","data_sources/sra","data_sources",167
"SRP074108","mouse","sra","data_sources/sra","data_sources",77
"SRP017308","mouse","sra","data_sources/sra","data_sources",2
"SRP175308","mouse","sra","data_sources/sra","data_sources",6
"SRP106808","mouse","sra","data_sources/sra","data_sources",18
"SRP110208","mouse","sra","data_sources/sra","data_sources",10
"SRP094108","mouse","sra","data_sources/sra","data_sources",277
"SRP187108","mouse","sra","data_sources/sra","data_sources",16
"SRP179508","mouse","sra","data_sources/sra","data_sources",9
"SRP126508","mouse","sra","data_sources/sra","data_sources",12
"SRP112908","mouse","sra","data_sources/sra","data_sources",18
"SRP008508","mouse","sra","data_sources/sra","data_sources",10
"SRP173808","mouse","sra","data_sources/sra","data_sources",15
"SRP044708","mouse","sra","data_sources/sra","data_sources",12
"SRP102208","mouse","sra","data_sources/sra","data_sources",14
"SRP150408","mouse","sra","data_sources/sra","data_sources",8
"SRP191908","mouse","sra","data_sources/sra","data_sources",18
"SRP040508","mouse","sra","data_sources/sra","data_sources",1
"SRP063308","mouse","sra","data_sources/sra","data_sources",4
"SRP132608","mouse","sra","data_sources/sra","data_sources",12
"SRP043408","mouse","sra","data_sources/sra","data_sources",8
"SRP096208","mouse","sra","data_sources/sra","data_sources",24
"SRP090108","mouse","sra","data_sources/sra","data_sources",43
"SRP045708","mouse","sra","data_sources/sra","data_sources",32
"SRP105108","mouse","sra","data_sources/sra","data_sources",15
"SRP083308","mouse","sra","data_sources/sra","data_sources",4
"SRP116208","mouse","sra","data_sources/sra","data_sources",12
"SRP018708","mouse","sra","data_sources/sra","data_sources",1
"SRP092108","mouse","sra","data_sources/sra","data_sources",1419
"SRP175008","mouse","sra","data_sources/sra","data_sources",6
"SRP108608","mouse","sra","data_sources/sra","data_sources",6
"SRP127608","mouse","sra","data_sources/sra","data_sources",18
"SRP197108","mouse","sra","data_sources/sra","data_sources",96
"SRP165908","mouse","sra","data_sources/sra","data_sources",55
"SRP033508","mouse","sra","data_sources/sra","data_sources",6
"SRP173308","mouse","sra","data_sources/sra","data_sources",12
"SRP089708","mouse","sra","data_sources/sra","data_sources",5
"SRP164908","mouse","sra","data_sources/sra","data_sources",74
"SRP212708","mouse","sra","data_sources/sra","data_sources",32
"SRP075208","mouse","sra","data_sources/sra","data_sources",96
"SRP239108","mouse","sra","data_sources/sra","data_sources",4
"SRP108808","mouse","sra","data_sources/sra","data_sources",10
"SRP068908","mouse","sra","data_sources/sra","data_sources",44
"SRP050308","mouse","sra","data_sources/sra","data_sources",6
"SRP063608","mouse","sra","data_sources/sra","data_sources",6
"SRP110508","mouse","sra","data_sources/sra","data_sources",11
"SRP033108","mouse","sra","data_sources/sra","data_sources",8
"SRP061708","mouse","sra","data_sources/sra","data_sources",123
"SRP099008","mouse","sra","data_sources/sra","data_sources",2
"SRP169108","mouse","sra","data_sources/sra","data_sources",4
"SRP139608","mouse","sra","data_sources/sra","data_sources",8
"SRP026008","mouse","sra","data_sources/sra","data_sources",6
"SRP065508","mouse","sra","data_sources/sra","data_sources",12
"SRP158408","mouse","sra","data_sources/sra","data_sources",18
"SRP004708","mouse","sra","data_sources/sra","data_sources",18
"SRP200008","mouse","sra","data_sources/sra","data_sources",10
"ERP006908","mouse","sra","data_sources/sra","data_sources",4
"SRP111408","mouse","sra","data_sources/sra","data_sources",8
"SRP100708","mouse","sra","data_sources/sra","data_sources",6
"SRP131308","mouse","sra","data_sources/sra","data_sources",4
"SRP167708","mouse","sra","data_sources/sra","data_sources",24
"SRP055008","mouse","sra","data_sources/sra","data_sources",18
"SRP049508","mouse","sra","data_sources/sra","data_sources",200
"SRP165608","mouse","sra","data_sources/sra","data_sources",48
"SRP147008","mouse","sra","data_sources/sra","data_sources",6
"SRP130908","mouse","sra","data_sources/sra","data_sources",20
"SRP082708","mouse","sra","data_sources/sra","data_sources",24
"SRP044108","mouse","sra","data_sources/sra","data_sources",3
"ERP010108","mouse","sra","data_sources/sra","data_sources",112
"SRP217808","mouse","sra","data_sources/sra","data_sources",6
"SRP161608","mouse","sra","data_sources/sra","data_sources",4
"SRP212008","mouse","sra","data_sources/sra","data_sources",6
"SRP073608","mouse","sra","data_sources/sra","data_sources",24
"SRP063508","mouse","sra","data_sources/sra","data_sources",14
"SRP110608","mouse","sra","data_sources/sra","data_sources",2
"SRP050008","mouse","sra","data_sources/sra","data_sources",32
"SRP137808","mouse","sra","data_sources/sra","data_sources",44
"SRP087708","mouse","sra","data_sources/sra","data_sources",8
"SRP122908","mouse","sra","data_sources/sra","data_sources",4
"SRP108108","mouse","sra","data_sources/sra","data_sources",4
"SRP134208","mouse","sra","data_sources/sra","data_sources",8
"SRP125108","mouse","sra","data_sources/sra","data_sources",25
"SRP047108","mouse","sra","data_sources/sra","data_sources",8
"SRP151308","mouse","sra","data_sources/sra","data_sources",101
"SRP184508","mouse","sra","data_sources/sra","data_sources",7
"SRP078808","mouse","sra","data_sources/sra","data_sources",12
"SRP172508","mouse","sra","data_sources/sra","data_sources",16
"SRP131008","mouse","sra","data_sources/sra","data_sources",9
"SRP053008","mouse","sra","data_sources/sra","data_sources",27
"SRP044008","mouse","sra","data_sources/sra","data_sources",24
"SRP077508","mouse","sra","data_sources/sra","data_sources",20
"DRP004308","mouse","sra","data_sources/sra","data_sources",7
"SRP106708","mouse","sra","data_sources/sra","data_sources",6
"SRP101791","mouse","sra","data_sources/sra","data_sources",10
"SRP099191","mouse","sra","data_sources/sra","data_sources",68
"SRP164691","mouse","sra","data_sources/sra","data_sources",12
"SRP056191","mouse","sra","data_sources/sra","data_sources",12
"SRP018291","mouse","sra","data_sources/sra","data_sources",6
"ERP005291","mouse","sra","data_sources/sra","data_sources",140
"SRP130991","mouse","sra","data_sources/sra","data_sources",1
"ERP109691","mouse","sra","data_sources/sra","data_sources",6
"SRP097691","mouse","sra","data_sources/sra","data_sources",8
"SRP042091","mouse","sra","data_sources/sra","data_sources",7
"SRP125891","mouse","sra","data_sources/sra","data_sources",24
"SRP131391","mouse","sra","data_sources/sra","data_sources",6
"SRP086591","mouse","sra","data_sources/sra","data_sources",4
"SRP068991","mouse","sra","data_sources/sra","data_sources",4
"SRP113491","mouse","sra","data_sources/sra","data_sources",96
"SRP102791","mouse","sra","data_sources/sra","data_sources",7
"SRP039491","mouse","sra","data_sources/sra","data_sources",2
"SRP167691","mouse","sra","data_sources/sra","data_sources",38
"SRP109291","mouse","sra","data_sources/sra","data_sources",42
"SRP108291","mouse","sra","data_sources/sra","data_sources",52
"SRP143991","mouse","sra","data_sources/sra","data_sources",6
"SRP067491","mouse","sra","data_sources/sra","data_sources",68
"SRP087491","mouse","sra","data_sources/sra","data_sources",17
"SRP121191","mouse","sra","data_sources/sra","data_sources",1
"SRP043191","mouse","sra","data_sources/sra","data_sources",6
"SRP034891","mouse","sra","data_sources/sra","data_sources",6
"SRP050391","mouse","sra","data_sources/sra","data_sources",4
"ERP013391","mouse","sra","data_sources/sra","data_sources",58
"ERP013191","mouse","sra","data_sources/sra","data_sources",8
"SRP119391","mouse","sra","data_sources/sra","data_sources",8
"SRP074491","mouse","sra","data_sources/sra","data_sources",22
"SRP148491","mouse","sra","data_sources/sra","data_sources",65
"SRP069191","mouse","sra","data_sources/sra","data_sources",13
"SRP014791","mouse","sra","data_sources/sra","data_sources",6
"SRP126091","mouse","sra","data_sources/sra","data_sources",24
"SRP055391","mouse","sra","data_sources/sra","data_sources",4
"ERP023591","mouse","sra","data_sources/sra","data_sources",20
"SRP102591","mouse","sra","data_sources/sra","data_sources",8
"SRP131091","mouse","sra","data_sources/sra","data_sources",6
"SRP120291","mouse","sra","data_sources/sra","data_sources",64
"SRP053191","mouse","sra","data_sources/sra","data_sources",18
"SRP187591","mouse","sra","data_sources/sra","data_sources",8
"SRP014691","mouse","sra","data_sources/sra","data_sources",7
"SRP058491","mouse","sra","data_sources/sra","data_sources",2
"SRP158691","mouse","sra","data_sources/sra","data_sources",27
"SRP076491","mouse","sra","data_sources/sra","data_sources",6
"SRP057991","mouse","sra","data_sources/sra","data_sources",60
"SRP110691","mouse","sra","data_sources/sra","data_sources",6
"SRP066991","mouse","sra","data_sources/sra","data_sources",21
"SRP132491","mouse","sra","data_sources/sra","data_sources",384
"SRP050491","mouse","sra","data_sources/sra","data_sources",71
"SRP106891","mouse","sra","data_sources/sra","data_sources",10
"SRP049991","mouse","sra","data_sources/sra","data_sources",2
"SRP067391","mouse","sra","data_sources/sra","data_sources",12
"SRP092291","mouse","sra","data_sources/sra","data_sources",16
"SRP083191","mouse","sra","data_sources/sra","data_sources",8
"SRP108591","mouse","sra","data_sources/sra","data_sources",16
"SRP057791","mouse","sra","data_sources/sra","data_sources",35
"SRP107891","mouse","sra","data_sources/sra","data_sources",7
"SRP065891","mouse","sra","data_sources/sra","data_sources",12
"SRP133491","mouse","sra","data_sources/sra","data_sources",6
"SRP095191","mouse","sra","data_sources/sra","data_sources",180
"SRP067991","mouse","sra","data_sources/sra","data_sources",9
"SRP111291","mouse","sra","data_sources/sra","data_sources",16
"SRP226891","mouse","sra","data_sources/sra","data_sources",6
"SRP015991","mouse","sra","data_sources/sra","data_sources",2
"SRP128991","mouse","sra","data_sources/sra","data_sources",8
"SRP032791","mouse","sra","data_sources/sra","data_sources",2
"SRP095091","mouse","sra","data_sources/sra","data_sources",18
"SRP087891","mouse","sra","data_sources/sra","data_sources",18
"SRP116091","mouse","sra","data_sources/sra","data_sources",55
"SRP125591","mouse","sra","data_sources/sra","data_sources",6
"SRP079691","mouse","sra","data_sources/sra","data_sources",7
"SRP045491","mouse","sra","data_sources/sra","data_sources",1342
"ERP011491","mouse","sra","data_sources/sra","data_sources",19
"SRP099691","mouse","sra","data_sources/sra","data_sources",508
"SRP096191","mouse","sra","data_sources/sra","data_sources",16
"SRP064991","mouse","sra","data_sources/sra","data_sources",36
"SRP063091","mouse","sra","data_sources/sra","data_sources",8
"SRP190891","mouse","sra","data_sources/sra","data_sources",8
"SRP067091","mouse","sra","data_sources/sra","data_sources",8
"SRP076391","mouse","sra","data_sources/sra","data_sources",15
"ERP021891","mouse","sra","data_sources/sra","data_sources",14
"SRP102991","mouse","sra","data_sources/sra","data_sources",6
"SRP107191","mouse","sra","data_sources/sra","data_sources",7
"SRP135491","mouse","sra","data_sources/sra","data_sources",14
"SRP148291","mouse","sra","data_sources/sra","data_sources",12
"SRP212791","mouse","sra","data_sources/sra","data_sources",2212
"SRP120491","mouse","sra","data_sources/sra","data_sources",11
"SRP131791","mouse","sra","data_sources/sra","data_sources",6
"SRP101991","mouse","sra","data_sources/sra","data_sources",16
"SRP082391","mouse","sra","data_sources/sra","data_sources",17
"SRP185891","mouse","sra","data_sources/sra","data_sources",6
"SRP062991","mouse","sra","data_sources/sra","data_sources",34
"SRP186391","mouse","sra","data_sources/sra","data_sources",18
"SRP198791","mouse","sra","data_sources/sra","data_sources",15
"SRP151491","mouse","sra","data_sources/sra","data_sources",9
"SRP029602","mouse","sra","data_sources/sra","data_sources",7
"SRP068202","mouse","sra","data_sources/sra","data_sources",3
"ERP110102","mouse","sra","data_sources/sra","data_sources",6
"SRP200002","mouse","sra","data_sources/sra","data_sources",16
"SRP233502","mouse","sra","data_sources/sra","data_sources",7
"SRP095702","mouse","sra","data_sources/sra","data_sources",10
"SRP102602","mouse","sra","data_sources/sra","data_sources",4
"SRP118002","mouse","sra","data_sources/sra","data_sources",40
"SRP058702","mouse","sra","data_sources/sra","data_sources",12
"SRP159502","mouse","sra","data_sources/sra","data_sources",19
"SRP145002","mouse","sra","data_sources/sra","data_sources",9
"SRP055102","mouse","sra","data_sources/sra","data_sources",8
"SRP039402","mouse","sra","data_sources/sra","data_sources",40
"ERP010202","mouse","sra","data_sources/sra","data_sources",7
"SRP062602","mouse","sra","data_sources/sra","data_sources",4
"SRP124902","mouse","sra","data_sources/sra","data_sources",12
"SRP096702","mouse","sra","data_sources/sra","data_sources",4
"SRP021902","mouse","sra","data_sources/sra","data_sources",6
"SRP131802","mouse","sra","data_sources/sra","data_sources",16
"SRP158702","mouse","sra","data_sources/sra","data_sources",161
"SRP134202","mouse","sra","data_sources/sra","data_sources",12
"SRP152802","mouse","sra","data_sources/sra","data_sources",20
"SRP144202","mouse","sra","data_sources/sra","data_sources",20
"SRP008802","mouse","sra","data_sources/sra","data_sources",2
"SRP043302","mouse","sra","data_sources/sra","data_sources",23
"SRP153202","mouse","sra","data_sources/sra","data_sources",8
"SRP162602","mouse","sra","data_sources/sra","data_sources",28
"SRP150302","mouse","sra","data_sources/sra","data_sources",28
"SRP069102","mouse","sra","data_sources/sra","data_sources",1
"SRP057202","mouse","sra","data_sources/sra","data_sources",25
"SRP153902","mouse","sra","data_sources/sra","data_sources",8
"SRP057302","mouse","sra","data_sources/sra","data_sources",6
"SRP115402","mouse","sra","data_sources/sra","data_sources",6
"SRP086702","mouse","sra","data_sources/sra","data_sources",7
"SRP023102","mouse","sra","data_sources/sra","data_sources",12
"SRP090702","mouse","sra","data_sources/sra","data_sources",7
"SRP098902","mouse","sra","data_sources/sra","data_sources",6
"SRP048702","mouse","sra","data_sources/sra","data_sources",9
"ERP105602","mouse","sra","data_sources/sra","data_sources",24
"SRP107202","mouse","sra","data_sources/sra","data_sources",1
"SRP026702","mouse","sra","data_sources/sra","data_sources",8
"SRP136602","mouse","sra","data_sources/sra","data_sources",9
"SRP043602","mouse","sra","data_sources/sra","data_sources",1
"SRP194302","mouse","sra","data_sources/sra","data_sources",4
"SRP163302","mouse","sra","data_sources/sra","data_sources",9
"SRP095102","mouse","sra","data_sources/sra","data_sources",14
"SRP098702","mouse","sra","data_sources/sra","data_sources",6
"SRP120602","mouse","sra","data_sources/sra","data_sources",20
"SRP167102","mouse","sra","data_sources/sra","data_sources",6
"SRP110802","mouse","sra","data_sources/sra","data_sources",30
"SRP072802","mouse","sra","data_sources/sra","data_sources",4
"SRP179502","mouse","sra","data_sources/sra","data_sources",18
"SRP049302","mouse","sra","data_sources/sra","data_sources",12
"SRP064202","mouse","sra","data_sources/sra","data_sources",7
"SRP159202","mouse","sra","data_sources/sra","data_sources",12
"SRP093302","mouse","sra","data_sources/sra","data_sources",24
"SRP231902","mouse","sra","data_sources/sra","data_sources",16
"SRP049202","mouse","sra","data_sources/sra","data_sources",24
"SRP214602","mouse","sra","data_sources/sra","data_sources",12
"SRP107902","mouse","sra","data_sources/sra","data_sources",6
"SRP133502","mouse","sra","data_sources/sra","data_sources",1049
"SRP095002","mouse","sra","data_sources/sra","data_sources",16
"SRP061102","mouse","sra","data_sources/sra","data_sources",7
"SRP127402","mouse","sra","data_sources/sra","data_sources",12
"ERP006402","mouse","sra","data_sources/sra","data_sources",168
"SRP071802","mouse","sra","data_sources/sra","data_sources",21
"SRP048202","mouse","sra","data_sources/sra","data_sources",9
"SRP182002","mouse","sra","data_sources/sra","data_sources",9
"SRP074202","mouse","sra","data_sources/sra","data_sources",24
"SRP116202","mouse","sra","data_sources/sra","data_sources",7
"SRP102902","mouse","sra","data_sources/sra","data_sources",7
"SRP125702","mouse","sra","data_sources/sra","data_sources",4
"SRP220202","mouse","sra","data_sources/sra","data_sources",38
"SRP198602","mouse","sra","data_sources/sra","data_sources",4
"SRP132702","mouse","sra","data_sources/sra","data_sources",6
"SRP115902","mouse","sra","data_sources/sra","data_sources",3
"ERP113502","mouse","sra","data_sources/sra","data_sources",43
"SRP149802","mouse","sra","data_sources/sra","data_sources",276
"SRP218802","mouse","sra","data_sources/sra","data_sources",7
"SRP101802","mouse","sra","data_sources/sra","data_sources",12
"SRP103802","mouse","sra","data_sources/sra","data_sources",6
"ERP104402","mouse","sra","data_sources/sra","data_sources",62
"ERP117602","mouse","sra","data_sources/sra","data_sources",3
"SRP078502","mouse","sra","data_sources/sra","data_sources",6
"SRP083902","mouse","sra","data_sources/sra","data_sources",6
"SRP060202","mouse","sra","data_sources/sra","data_sources",10
"SRP187302","mouse","sra","data_sources/sra","data_sources",45
"SRP051602","mouse","sra","data_sources/sra","data_sources",10
"SRP133602","mouse","sra","data_sources/sra","data_sources",12
"SRP040502","mouse","sra","data_sources/sra","data_sources",8
"SRP173202","mouse","sra","data_sources/sra","data_sources",192
"SRP140702","mouse","sra","data_sources/sra","data_sources",29
"SRP148902","mouse","sra","data_sources/sra","data_sources",35
"SRP052702","mouse","sra","data_sources/sra","data_sources",19
"SRP045702","mouse","sra","data_sources/sra","data_sources",6
"SRP100902","mouse","sra","data_sources/sra","data_sources",6
"SRP189775","mouse","sra","data_sources/sra","data_sources",3
"SRP096175","mouse","sra","data_sources/sra","data_sources",12
"SRP186075","mouse","sra","data_sources/sra","data_sources",96
"SRP091875","mouse","sra","data_sources/sra","data_sources",92
"SRP083075","mouse","sra","data_sources/sra","data_sources",29
"SRP105275","mouse","sra","data_sources/sra","data_sources",16
"SRP104275","mouse","sra","data_sources/sra","data_sources",12
"DRP004775","mouse","sra","data_sources/sra","data_sources",4
"ERP109175","mouse","sra","data_sources/sra","data_sources",11
"SRP064375","mouse","sra","data_sources/sra","data_sources",39
"SRP058175","mouse","sra","data_sources/sra","data_sources",6
"SRP100075","mouse","sra","data_sources/sra","data_sources",8
"SRP023475","mouse","sra","data_sources/sra","data_sources",111
"SRP071275","mouse","sra","data_sources/sra","data_sources",4
"SRP102075","mouse","sra","data_sources/sra","data_sources",30
"ERP009875","mouse","sra","data_sources/sra","data_sources",3
"ERP005475","mouse","sra","data_sources/sra","data_sources",88
"ERP109075","mouse","sra","data_sources/sra","data_sources",13
"SRP144775","mouse","sra","data_sources/sra","data_sources",9
"SRP194975","mouse","sra","data_sources/sra","data_sources",8
"SRP119675","mouse","sra","data_sources/sra","data_sources",144
"SRP227875","mouse","sra","data_sources/sra","data_sources",40
"SRP066975","mouse","sra","data_sources/sra","data_sources",6
"SRP198775","mouse","sra","data_sources/sra","data_sources",8
"SRP165875","mouse","sra","data_sources/sra","data_sources",587
"SRP077875","mouse","sra","data_sources/sra","data_sources",2
"ERP013675","mouse","sra","data_sources/sra","data_sources",479
"SRP167975","mouse","sra","data_sources/sra","data_sources",757
"SRP116375","mouse","sra","data_sources/sra","data_sources",132
"SRP045775","mouse","sra","data_sources/sra","data_sources",420
"SRP214575","mouse","sra","data_sources/sra","data_sources",12
"SRP057575","mouse","sra","data_sources/sra","data_sources",4
"SRP159075","mouse","sra","data_sources/sra","data_sources",24
"SRP061875","mouse","sra","data_sources/sra","data_sources",6
"SRP163175","mouse","sra","data_sources/sra","data_sources",48
"SRP221275","mouse","sra","data_sources/sra","data_sources",4
"SRP051775","mouse","sra","data_sources/sra","data_sources",12
"SRP029975","mouse","sra","data_sources/sra","data_sources",18
"SRP062275","mouse","sra","data_sources/sra","data_sources",2
"SRP192375","mouse","sra","data_sources/sra","data_sources",24
"SRP117275","mouse","sra","data_sources/sra","data_sources",6
"SRP093175","mouse","sra","data_sources/sra","data_sources",6
"SRP044675","mouse","sra","data_sources/sra","data_sources",6
"SRP126675","mouse","sra","data_sources/sra","data_sources",9
"SRP185975","mouse","sra","data_sources/sra","data_sources",13
"SRP018775","mouse","sra","data_sources/sra","data_sources",5
"ERP105575","mouse","sra","data_sources/sra","data_sources",14
"SRP173375","mouse","sra","data_sources/sra","data_sources",26
"SRP167875","mouse","sra","data_sources/sra","data_sources",10
"SRP140675","mouse","sra","data_sources/sra","data_sources",12
"SRP132775","mouse","sra","data_sources/sra","data_sources",3
"SRP013275","mouse","sra","data_sources/sra","data_sources",22
"SRP121175","mouse","sra","data_sources/sra","data_sources",1
"SRP069975","mouse","sra","data_sources/sra","data_sources",4
"SRP132375","mouse","sra","data_sources/sra","data_sources",847
"ERP004375","mouse","sra","data_sources/sra","data_sources",1279
"SRP045275","mouse","sra","data_sources/sra","data_sources",32
"SRP114775","mouse","sra","data_sources/sra","data_sources",8
"SRP055175","mouse","sra","data_sources/sra","data_sources",4
"SRP174475","mouse","sra","data_sources/sra","data_sources",18
"DRP003875","mouse","sra","data_sources/sra","data_sources",5
"SRP082675","mouse","sra","data_sources/sra","data_sources",10
"SRP133375","mouse","sra","data_sources/sra","data_sources",28
"SRP062675","mouse","sra","data_sources/sra","data_sources",6
"SRP098075","mouse","sra","data_sources/sra","data_sources",5
"SRP113475","mouse","sra","data_sources/sra","data_sources",8
"SRP003475","mouse","sra","data_sources/sra","data_sources",8
"SRP111475","mouse","sra","data_sources/sra","data_sources",18
"SRP100775","mouse","sra","data_sources/sra","data_sources",11
"SRP150075","mouse","sra","data_sources/sra","data_sources",16
"SRP128475","mouse","sra","data_sources/sra","data_sources",13
"SRP158475","mouse","sra","data_sources/sra","data_sources",16
"SRP050275","mouse","sra","data_sources/sra","data_sources",12
"SRP173675","mouse","sra","data_sources/sra","data_sources",24
"SRP189075","mouse","sra","data_sources/sra","data_sources",36
"SRP153375","mouse","sra","data_sources/sra","data_sources",12
"SRP171575","mouse","sra","data_sources/sra","data_sources",7
"SRP070775","mouse","sra","data_sources/sra","data_sources",96
"SRP162775","mouse","sra","data_sources/sra","data_sources",48
"SRP173475","mouse","sra","data_sources/sra","data_sources",3
"SRP055875","mouse","sra","data_sources/sra","data_sources",6
"SRP101575","mouse","sra","data_sources/sra","data_sources",23
"SRP024275","mouse","sra","data_sources/sra","data_sources",6
"SRP134375","mouse","sra","data_sources/sra","data_sources",16
"SRP056375","mouse","sra","data_sources/sra","data_sources",4
"ERP009675","mouse","sra","data_sources/sra","data_sources",6
"SRP036075","mouse","sra","data_sources/sra","data_sources",6
"SRP214375","mouse","sra","data_sources/sra","data_sources",60
"SRP041975","mouse","sra","data_sources/sra","data_sources",3
"SRP075575","mouse","sra","data_sources/sra","data_sources",23
"SRP117575","mouse","sra","data_sources/sra","data_sources",3
"SRP136875","mouse","sra","data_sources/sra","data_sources",2
"SRP217875","mouse","sra","data_sources/sra","data_sources",18
"SRP170575","mouse","sra","data_sources/sra","data_sources",4
"SRP102575","mouse","sra","data_sources/sra","data_sources",4
"ERP015875","mouse","sra","data_sources/sra","data_sources",6
"SRP161775","mouse","sra","data_sources/sra","data_sources",18
"ERP005175","mouse","sra","data_sources/sra","data_sources",17
"SRP145275","mouse","sra","data_sources/sra","data_sources",9
"SRP178075","mouse","sra","data_sources/sra","data_sources",10
"SRP120975","mouse","sra","data_sources/sra","data_sources",116
"SRP107775","mouse","sra","data_sources/sra","data_sources",3
"SRP063475","mouse","sra","data_sources/sra","data_sources",24
"SRP057875","mouse","sra","data_sources/sra","data_sources",12
"SRP135875","mouse","sra","data_sources/sra","data_sources",12
"SRP186475","mouse","sra","data_sources/sra","data_sources",26
"DRP003496","mouse","sra","data_sources/sra","data_sources",6
"SRP059196","mouse","sra","data_sources/sra","data_sources",10
"ERP004596","mouse","sra","data_sources/sra","data_sources",32
"SRP065396","mouse","sra","data_sources/sra","data_sources",13
"SRP068596","mouse","sra","data_sources/sra","data_sources",5
"SRP067296","mouse","sra","data_sources/sra","data_sources",32
"SRP045496","mouse","sra","data_sources/sra","data_sources",19
"SRP072996","mouse","sra","data_sources/sra","data_sources",4
"SRP066296","mouse","sra","data_sources/sra","data_sources",14
"SRP165196","mouse","sra","data_sources/sra","data_sources",36
"SRP057696","mouse","sra","data_sources/sra","data_sources",9
"SRP073396","mouse","sra","data_sources/sra","data_sources",90
"SRP098696","mouse","sra","data_sources/sra","data_sources",8
"ERP023196","mouse","sra","data_sources/sra","data_sources",34
"SRP131496","mouse","sra","data_sources/sra","data_sources",6
"SRP107896","mouse","sra","data_sources/sra","data_sources",1
"SRP182996","mouse","sra","data_sources/sra","data_sources",10
"ERP113696","mouse","sra","data_sources/sra","data_sources",12
"SRP111296","mouse","sra","data_sources/sra","data_sources",6
"ERP105696","mouse","sra","data_sources/sra","data_sources",39
"SRP119696","mouse","sra","data_sources/sra","data_sources",6
"SRP035596","mouse","sra","data_sources/sra","data_sources",2
"SRP193096","mouse","sra","data_sources/sra","data_sources",33
"SRP017396","mouse","sra","data_sources/sra","data_sources",133
"SRP161896","mouse","sra","data_sources/sra","data_sources",14
"SRP222096","mouse","sra","data_sources/sra","data_sources",6
"ERP022096","mouse","sra","data_sources/sra","data_sources",56
"SRP165896","mouse","sra","data_sources/sra","data_sources",6
"SRP197096","mouse","sra","data_sources/sra","data_sources",126
"SRP186396","mouse","sra","data_sources/sra","data_sources",800
"SRP148996","mouse","sra","data_sources/sra","data_sources",7
"SRP233196","mouse","sra","data_sources/sra","data_sources",24
"SRP222296","mouse","sra","data_sources/sra","data_sources",8
"SRP115896","mouse","sra","data_sources/sra","data_sources",4
"SRP072096","mouse","sra","data_sources/sra","data_sources",35
"ERP112496","mouse","sra","data_sources/sra","data_sources",10
"SRP059296","mouse","sra","data_sources/sra","data_sources",6
"SRP116396","mouse","sra","data_sources/sra","data_sources",8
"SRP127796","mouse","sra","data_sources/sra","data_sources",11
"ERP009096","mouse","sra","data_sources/sra","data_sources",6
"SRP104196","mouse","sra","data_sources/sra","data_sources",1
"SRP174196","mouse","sra","data_sources/sra","data_sources",6
"SRP225196","mouse","sra","data_sources/sra","data_sources",20
"SRP166996","mouse","sra","data_sources/sra","data_sources",9
"SRP095396","mouse","sra","data_sources/sra","data_sources",40
"SRP073096","mouse","sra","data_sources/sra","data_sources",16
"SRP193896","mouse","sra","data_sources/sra","data_sources",6
"SRP199796","mouse","sra","data_sources/sra","data_sources",16
"SRP060296","mouse","sra","data_sources/sra","data_sources",36
"SRP074896","mouse","sra","data_sources/sra","data_sources",27
"ERP023396","mouse","sra","data_sources/sra","data_sources",11
"SRP114996","mouse","sra","data_sources/sra","data_sources",14
"SRP058396","mouse","sra","data_sources/sra","data_sources",48
"SRP028396","mouse","sra","data_sources/sra","data_sources",2
"SRP226196","mouse","sra","data_sources/sra","data_sources",12
"SRP107196","mouse","sra","data_sources/sra","data_sources",10
"SRP119596","mouse","sra","data_sources/sra","data_sources",45
"SRP108696","mouse","sra","data_sources/sra","data_sources",9
"SRP173396","mouse","sra","data_sources/sra","data_sources",18
"SRP219896","mouse","sra","data_sources/sra","data_sources",9
"SRP121196","mouse","sra","data_sources/sra","data_sources",1
"SRP094696","mouse","sra","data_sources/sra","data_sources",16
"SRP149696","mouse","sra","data_sources/sra","data_sources",11
"SRP134096","mouse","sra","data_sources/sra","data_sources",31
"SRP009096","mouse","sra","data_sources/sra","data_sources",6
"SRP114796","mouse","sra","data_sources/sra","data_sources",4
"SRP067496","mouse","sra","data_sources/sra","data_sources",4
"SRP128596","mouse","sra","data_sources/sra","data_sources",69
"SRP022896","mouse","sra","data_sources/sra","data_sources",6
"SRP167696","mouse","sra","data_sources/sra","data_sources",6
"SRP075696","mouse","sra","data_sources/sra","data_sources",21
"SRP174496","mouse","sra","data_sources/sra","data_sources",72
"SRP165796","mouse","sra","data_sources/sra","data_sources",94
"SRP045896","mouse","sra","data_sources/sra","data_sources",31
"SRP051396","mouse","sra","data_sources/sra","data_sources",6
"SRP155996","mouse","sra","data_sources/sra","data_sources",12
"SRP113496","mouse","sra","data_sources/sra","data_sources",65
"SRP125996","mouse","sra","data_sources/sra","data_sources",16
"SRP053396","mouse","sra","data_sources/sra","data_sources",158
"SRP102696","mouse","sra","data_sources/sra","data_sources",16
"SRP188096","mouse","sra","data_sources/sra","data_sources",12
"SRP234696","mouse","sra","data_sources/sra","data_sources",12
"DRP004096","mouse","sra","data_sources/sra","data_sources",8
"SRP139796","mouse","sra","data_sources/sra","data_sources",36
"SRP127396","mouse","sra","data_sources/sra","data_sources",16
"SRP065496","mouse","sra","data_sources/sra","data_sources",18
"SRP033096","mouse","sra","data_sources/sra","data_sources",12
"SRP179996","mouse","sra","data_sources/sra","data_sources",24
"SRP094796","mouse","sra","data_sources/sra","data_sources",64
"SRP171796","mouse","sra","data_sources/sra","data_sources",19
"SRP124896","mouse","sra","data_sources/sra","data_sources",9
"ERP022496","mouse","sra","data_sources/sra","data_sources",2
"SRP072696","mouse","sra","data_sources/sra","data_sources",18
"SRP173496","mouse","sra","data_sources/sra","data_sources",75
"SRP195796","mouse","sra","data_sources/sra","data_sources",546
"SRP056396","mouse","sra","data_sources/sra","data_sources",4
"SRP024296","mouse","sra","data_sources/sra","data_sources",1
"SRP229196","mouse","sra","data_sources/sra","data_sources",12
"SRP215396","mouse","sra","data_sources/sra","data_sources",12
"SRP118296","mouse","sra","data_sources/sra","data_sources",13
"SRP131096","mouse","sra","data_sources/sra","data_sources",8
"SRP053096","mouse","sra","data_sources/sra","data_sources",12
"SRP056896","mouse","sra","data_sources/sra","data_sources",8
"SRP100496","mouse","sra","data_sources/sra","data_sources",9
"SRP165596","mouse","sra","data_sources/sra","data_sources",36
"SRP082496","mouse","sra","data_sources/sra","data_sources",6
"SRP064796","mouse","sra","data_sources/sra","data_sources",2
"SRP091696","mouse","sra","data_sources/sra","data_sources",12
"SRP066696","mouse","sra","data_sources/sra","data_sources",1
"SRP015796","mouse","sra","data_sources/sra","data_sources",5
"SRP155196","mouse","sra","data_sources/sra","data_sources",6
"SRP045096","mouse","sra","data_sources/sra","data_sources",2
"SRP059596","mouse","sra","data_sources/sra","data_sources",22
"SRP158796","mouse","sra","data_sources/sra","data_sources",8
"SRP125196","mouse","sra","data_sources/sra","data_sources",36
"ERP002178","mouse","sra","data_sources/sra","data_sources",6
"SRP217078","mouse","sra","data_sources/sra","data_sources",32
"SRP047278","mouse","sra","data_sources/sra","data_sources",6
"SRP065478","mouse","sra","data_sources/sra","data_sources",23
"SRP166778","mouse","sra","data_sources/sra","data_sources",10
"SRP090578","mouse","sra","data_sources/sra","data_sources",13
"SRP045378","mouse","sra","data_sources/sra","data_sources",6
"SRP201078","mouse","sra","data_sources/sra","data_sources",21
"SRP100778","mouse","sra","data_sources/sra","data_sources",12
"SRP111478","mouse","sra","data_sources/sra","data_sources",5
"SRP157978","mouse","sra","data_sources/sra","data_sources",18
"ERP001078","mouse","sra","data_sources/sra","data_sources",2
"SRP042078","mouse","sra","data_sources/sra","data_sources",10
"SRP188178","mouse","sra","data_sources/sra","data_sources",7
"SRP125978","mouse","sra","data_sources/sra","data_sources",2
"SRP161578","mouse","sra","data_sources/sra","data_sources",9
"SRP068978","mouse","sra","data_sources/sra","data_sources",6
"SRP174478","mouse","sra","data_sources/sra","data_sources",22
"SRP214078","mouse","sra","data_sources/sra","data_sources",96
"SRP014578","mouse","sra","data_sources/sra","data_sources",12
"SRP144078","mouse","sra","data_sources/sra","data_sources",7
"SRP158578","mouse","sra","data_sources/sra","data_sources",6
"SRP056078","mouse","sra","data_sources/sra","data_sources",4
"SRP143978","mouse","sra","data_sources/sra","data_sources",6
"SRP094678","mouse","sra","data_sources/sra","data_sources",15
"SRP121178","mouse","sra","data_sources/sra","data_sources",1
"SRP186478","mouse","sra","data_sources/sra","data_sources",224
"SRP074478","mouse","sra","data_sources/sra","data_sources",18
"SRP188978","mouse","sra","data_sources/sra","data_sources",30
"SRP107778","mouse","sra","data_sources/sra","data_sources",112
"ERP016378","mouse","sra","data_sources/sra","data_sources",11
"SRP200978","mouse","sra","data_sources/sra","data_sources",12
"SRP185578","mouse","sra","data_sources/sra","data_sources",8
"SRP212178","mouse","sra","data_sources/sra","data_sources",6
"SRP042278","mouse","sra","data_sources/sra","data_sources",18
"SRP189878","mouse","sra","data_sources/sra","data_sources",10
"SRP183778","mouse","sra","data_sources/sra","data_sources",7
"SRP091778","mouse","sra","data_sources/sra","data_sources",4
"SRP144378","mouse","sra","data_sources/sra","data_sources",12
"SRP158678","mouse","sra","data_sources/sra","data_sources",67
"SRP182778","mouse","sra","data_sources/sra","data_sources",2
"SRP098978","mouse","sra","data_sources/sra","data_sources",8
"SRP017778","mouse","sra","data_sources/sra","data_sources",31
"DRP004878","mouse","sra","data_sources/sra","data_sources",4
"SRP094578","mouse","sra","data_sources/sra","data_sources",22
"SRP173478","mouse","sra","data_sources/sra","data_sources",14
"SRP135978","mouse","sra","data_sources/sra","data_sources",10
"SRP043678","mouse","sra","data_sources/sra","data_sources",9
"SRP151678","mouse","sra","data_sources/sra","data_sources",4
"SRP111878","mouse","sra","data_sources/sra","data_sources",48
"SRP159278","mouse","sra","data_sources/sra","data_sources",4
"SRP093278","mouse","sra","data_sources/sra","data_sources",12
"SRP163378","mouse","sra","data_sources/sra","data_sources",38
"SRP065878","mouse","sra","data_sources/sra","data_sources",9
"SRP172178","mouse","sra","data_sources/sra","data_sources",13
"SRP032778","mouse","sra","data_sources/sra","data_sources",6
"SRP118778","mouse","sra","data_sources/sra","data_sources",48
"SRP135678","mouse","sra","data_sources/sra","data_sources",24
"SRP167078","mouse","sra","data_sources/sra","data_sources",6
"SRP083078","mouse","sra","data_sources/sra","data_sources",12
"SRP033778","mouse","sra","data_sources/sra","data_sources",18
"SRP064978","mouse","sra","data_sources/sra","data_sources",2
"SRP101278","mouse","sra","data_sources/sra","data_sources",6
"SRP149278","mouse","sra","data_sources/sra","data_sources",6
"SRP059378","mouse","sra","data_sources/sra","data_sources",12
"SRP182078","mouse","sra","data_sources/sra","data_sources",54
"SRP185978","mouse","sra","data_sources/sra","data_sources",7
"SRP044678","mouse","sra","data_sources/sra","data_sources",3
"SRP126678","mouse","sra","data_sources/sra","data_sources",16
"SRP101878","mouse","sra","data_sources/sra","data_sources",18
"SRP011978","mouse","sra","data_sources/sra","data_sources",2
"SRP124778","mouse","sra","data_sources/sra","data_sources",8
"SRP058378","mouse","sra","data_sources/sra","data_sources",63
"SRP166878","mouse","sra","data_sources/sra","data_sources",32
"SRP149878","mouse","sra","data_sources/sra","data_sources",2
"SRP199678","mouse","sra","data_sources/sra","data_sources",155
"SRP120478","mouse","sra","data_sources/sra","data_sources",7
"SRP166978","mouse","sra","data_sources/sra","data_sources",8
"SRP094978","mouse","sra","data_sources/sra","data_sources",2
"SRP055478","mouse","sra","data_sources/sra","data_sources",6
"SRP127778","mouse","sra","data_sources/sra","data_sources",9
"SRP105178","mouse","sra","data_sources/sra","data_sources",12
"SRP125678","mouse","sra","data_sources/sra","data_sources",3
"SRP060878","mouse","sra","data_sources/sra","data_sources",23
"SRP074378","mouse","sra","data_sources/sra","data_sources",9
"SRP132678","mouse","sra","data_sources/sra","data_sources",48
"SRP155972","mouse","sra","data_sources/sra","data_sources",12
"SRP051372","mouse","sra","data_sources/sra","data_sources",6
"SRP108872","mouse","sra","data_sources/sra","data_sources",12
"ERP023772","mouse","sra","data_sources/sra","data_sources",19
"SRP113472","mouse","sra","data_sources/sra","data_sources",4
"SRP154372","mouse","sra","data_sources/sra","data_sources",4
"SRP078072","mouse","sra","data_sources/sra","data_sources",26
"SRP174472","mouse","sra","data_sources/sra","data_sources",4
"SRP159572","mouse","sra","data_sources/sra","data_sources",6
"SRP052872","mouse","sra","data_sources/sra","data_sources",8
"SRP119172","mouse","sra","data_sources/sra","data_sources",18
"SRP164772","mouse","sra","data_sources/sra","data_sources",4
"SRP089972","mouse","sra","data_sources/sra","data_sources",6
"SRP047372","mouse","sra","data_sources/sra","data_sources",5
"SRP158572","mouse","sra","data_sources/sra","data_sources",6
"SRP155372","mouse","sra","data_sources/sra","data_sources",10
"SRP099072","mouse","sra","data_sources/sra","data_sources",12
"SRP019972","mouse","sra","data_sources/sra","data_sources",33
"SRP121172","mouse","sra","data_sources/sra","data_sources",1
"SRP130272","mouse","sra","data_sources/sra","data_sources",13
"SRP179872","mouse","sra","data_sources/sra","data_sources",4
"DRP001272","mouse","sra","data_sources/sra","data_sources",3
"SRP154872","mouse","sra","data_sources/sra","data_sources",136
"SRP096672","mouse","sra","data_sources/sra","data_sources",157
"SRP090572","mouse","sra","data_sources/sra","data_sources",104
"SRP158472","mouse","sra","data_sources/sra","data_sources",32
"ERP114372","mouse","sra","data_sources/sra","data_sources",25
"SRP083772","mouse","sra","data_sources/sra","data_sources",9
"SRP092472","mouse","sra","data_sources/sra","data_sources",6
"SRP017572","mouse","sra","data_sources/sra","data_sources",5
"ERP015172","mouse","sra","data_sources/sra","data_sources",6
"SRP046272","mouse","sra","data_sources/sra","data_sources",8
"SRP216072","mouse","sra","data_sources/sra","data_sources",9
"ERP013872","mouse","sra","data_sources/sra","data_sources",23
"SRP211972","mouse","sra","data_sources/sra","data_sources",3
"SRP042072","mouse","sra","data_sources/sra","data_sources",17
"SRP212272","mouse","sra","data_sources/sra","data_sources",3
"SRP051072","mouse","sra","data_sources/sra","data_sources",4
"ERP113272","mouse","sra","data_sources/sra","data_sources",4
"SRP071772","mouse","sra","data_sources/sra","data_sources",12
"SRP131172","mouse","sra","data_sources/sra","data_sources",6
"DRP004272","mouse","sra","data_sources/sra","data_sources",3
"SRP109172","mouse","sra","data_sources/sra","data_sources",18
"SRP082572","mouse","sra","data_sources/sra","data_sources",7
"SRP024272","mouse","sra","data_sources/sra","data_sources",4
"ERP004072","mouse","sra","data_sources/sra","data_sources",18
"SRP125072","mouse","sra","data_sources/sra","data_sources",6
"SRP144372","mouse","sra","data_sources/sra","data_sources",6
"SRP105772","mouse","sra","data_sources/sra","data_sources",2
"SRP136272","mouse","sra","data_sources/sra","data_sources",36
"SRP186572","mouse","sra","data_sources/sra","data_sources",9
"SRP198172","mouse","sra","data_sources/sra","data_sources",96
"SRP151272","mouse","sra","data_sources/sra","data_sources",6
"SRP135872","mouse","sra","data_sources/sra","data_sources",9
"ERP022572","mouse","sra","data_sources/sra","data_sources",39
"SRP009272","mouse","sra","data_sources/sra","data_sources",2
"SRP074472","mouse","sra","data_sources/sra","data_sources",2
"SRP224672","mouse","sra","data_sources/sra","data_sources",157
"SRP008272","mouse","sra","data_sources/sra","data_sources",7
"SRP041872","mouse","sra","data_sources/sra","data_sources",22
"SRP131072","mouse","sra","data_sources/sra","data_sources",11
"SRP054972","mouse","sra","data_sources/sra","data_sources",6
"ERP021472","mouse","sra","data_sources/sra","data_sources",19
"ERP109172","mouse","sra","data_sources/sra","data_sources",12
"SRP057672","mouse","sra","data_sources/sra","data_sources",12
"SRP134672","mouse","sra","data_sources/sra","data_sources",8
"SRP056672","mouse","sra","data_sources/sra","data_sources",7
"SRP149072","mouse","sra","data_sources/sra","data_sources",16
"SRP017272","mouse","sra","data_sources/sra","data_sources",2
"SRP067272","mouse","sra","data_sources/sra","data_sources",8
"SRP091872","mouse","sra","data_sources/sra","data_sources",9
"SRP200772","mouse","sra","data_sources/sra","data_sources",21
"SRP200672","mouse","sra","data_sources/sra","data_sources",16
"SRP106872","mouse","sra","data_sources/sra","data_sources",2
"SRP166172","mouse","sra","data_sources/sra","data_sources",20
"SRP180272","mouse","sra","data_sources/sra","data_sources",12
"SRP194972","mouse","sra","data_sources/sra","data_sources",8
"SRP105372","mouse","sra","data_sources/sra","data_sources",4
"SRP056772","mouse","sra","data_sources/sra","data_sources",4
"SRP125472","mouse","sra","data_sources/sra","data_sources",6
"SRP082172","mouse","sra","data_sources/sra","data_sources",5
"SRP066372","mouse","sra","data_sources/sra","data_sources",12
"SRP228572","mouse","sra","data_sources/sra","data_sources",362
"DRP004672","mouse","sra","data_sources/sra","data_sources",74
"SRP172072","mouse","sra","data_sources/sra","data_sources",12
"SRP201672","mouse","sra","data_sources/sra","data_sources",4
"SRP150672","mouse","sra","data_sources/sra","data_sources",6
"SRP131772","mouse","sra","data_sources/sra","data_sources",20
"DRP004472","mouse","sra","data_sources/sra","data_sources",24
"ERP014572","mouse","sra","data_sources/sra","data_sources",16
"SRP018672","mouse","sra","data_sources/sra","data_sources",2
"ERP114772","mouse","sra","data_sources/sra","data_sources",40
"SRP045772","mouse","sra","data_sources/sra","data_sources",24
"ERP116672","mouse","sra","data_sources/sra","data_sources",24
"SRP136472","mouse","sra","data_sources/sra","data_sources",32
"SRP148972","mouse","sra","data_sources/sra","data_sources",18
"SRP072072","mouse","sra","data_sources/sra","data_sources",12
"SRP151472","mouse","sra","data_sources/sra","data_sources",24
"SRP173372","mouse","sra","data_sources/sra","data_sources",127
"SRP063272","mouse","sra","data_sources/sra","data_sources",4
"SRP072172","mouse","sra","data_sources/sra","data_sources",5
"SRP220272","mouse","sra","data_sources/sra","data_sources",18
"SRP070072","mouse","sra","data_sources/sra","data_sources",5
"SRP045672","mouse","sra","data_sources/sra","data_sources",7
"SRP174072","mouse","sra","data_sources/sra","data_sources",12
"ERP109372","mouse","sra","data_sources/sra","data_sources",96
"SRP069772","mouse","sra","data_sources/sra","data_sources",21
"SRP063872","mouse","sra","data_sources/sra","data_sources",8
"SRP083872","mouse","sra","data_sources/sra","data_sources",24
"SRP060372","mouse","sra","data_sources/sra","data_sources",12
"SRP062272","mouse","sra","data_sources/sra","data_sources",6
"SRP149505","mouse","sra","data_sources/sra","data_sources",8
"SRP119205","mouse","sra","data_sources/sra","data_sources",6
"SRP063505","mouse","sra","data_sources/sra","data_sources",288
"SRP078905","mouse","sra","data_sources/sra","data_sources",18
"ERP105805","mouse","sra","data_sources/sra","data_sources",95
"SRP106605","mouse","sra","data_sources/sra","data_sources",49
"SRP126105","mouse","sra","data_sources/sra","data_sources",4
"SRP151805","mouse","sra","data_sources/sra","data_sources",6
"SRP181605","mouse","sra","data_sources/sra","data_sources",23
"SRP151905","mouse","sra","data_sources/sra","data_sources",2
"ERP016305","mouse","sra","data_sources/sra","data_sources",11
"SRP167405","mouse","sra","data_sources/sra","data_sources",8
"SRP223505","mouse","sra","data_sources/sra","data_sources",12
"SRP136905","mouse","sra","data_sources/sra","data_sources",2
"SRP098205","mouse","sra","data_sources/sra","data_sources",32
"SRP217905","mouse","sra","data_sources/sra","data_sources",10
"SRP113605","mouse","sra","data_sources/sra","data_sources",92
"SRP137905","mouse","sra","data_sources/sra","data_sources",26
"SRP059505","mouse","sra","data_sources/sra","data_sources",2
"SRP193505","mouse","sra","data_sources/sra","data_sources",12
"SRP127005","mouse","sra","data_sources/sra","data_sources",15
"SRP178205","mouse","sra","data_sources/sra","data_sources",41
"SRP068305","mouse","sra","data_sources/sra","data_sources",8
"SRP026005","mouse","sra","data_sources/sra","data_sources",14
"SRP018305","mouse","sra","data_sources/sra","data_sources",14
"SRP041005","mouse","sra","data_sources/sra","data_sources",7
"SRP132305","mouse","sra","data_sources/sra","data_sources",8
"SRP072505","mouse","sra","data_sources/sra","data_sources",8
"SRP154905","mouse","sra","data_sources/sra","data_sources",146
"SRP189105","mouse","sra","data_sources/sra","data_sources",67
"SRP060705","mouse","sra","data_sources/sra","data_sources",38
"SRP221605","mouse","sra","data_sources/sra","data_sources",6
"SRP045805","mouse","sra","data_sources/sra","data_sources",31
"SRP172705","mouse","sra","data_sources/sra","data_sources",8
"SRP075605","mouse","sra","data_sources/sra","data_sources",32
"SRP115705","mouse","sra","data_sources/sra","data_sources",12
"SRP145005","mouse","sra","data_sources/sra","data_sources",16
"SRP069305","mouse","sra","data_sources/sra","data_sources",4
"SRP078005","mouse","sra","data_sources/sra","data_sources",9
"SRP145105","mouse","sra","data_sources/sra","data_sources",20
"SRP104505","mouse","sra","data_sources/sra","data_sources",48
"SRP099105","mouse","sra","data_sources/sra","data_sources",16
"SRP151005","mouse","sra","data_sources/sra","data_sources",6
"SRP063705","mouse","sra","data_sources/sra","data_sources",8
"SRP068205","mouse","sra","data_sources/sra","data_sources",5
"SRP045305","mouse","sra","data_sources/sra","data_sources",9
"SRP185805","mouse","sra","data_sources/sra","data_sources",84
"SRP166305","mouse","sra","data_sources/sra","data_sources",18
"SRP045705","mouse","sra","data_sources/sra","data_sources",4
"SRP038105","mouse","sra","data_sources/sra","data_sources",20
"SRP173205","mouse","sra","data_sources/sra","data_sources",6
"SRP200405","mouse","sra","data_sources/sra","data_sources",100
"SRP061205","mouse","sra","data_sources/sra","data_sources",2
"DRP002705","mouse","sra","data_sources/sra","data_sources",20
"SRP049105","mouse","sra","data_sources/sra","data_sources",14
"ERP022805","mouse","sra","data_sources/sra","data_sources",42
"SRP058205","mouse","sra","data_sources/sra","data_sources",22
"SRP186905","mouse","sra","data_sources/sra","data_sources",6
"SRP075305","mouse","sra","data_sources/sra","data_sources",4
"SRP057505","mouse","sra","data_sources/sra","data_sources",4
"SRP066005","mouse","sra","data_sources/sra","data_sources",18
"SRP222905","mouse","sra","data_sources/sra","data_sources",4
"SRP174005","mouse","sra","data_sources/sra","data_sources",13
"SRP114905","mouse","sra","data_sources/sra","data_sources",8
"SRP237805","mouse","sra","data_sources/sra","data_sources",3
"ERP002405","mouse","sra","data_sources/sra","data_sources",14
"SRP151505","mouse","sra","data_sources/sra","data_sources",8
"SRP158105","mouse","sra","data_sources/sra","data_sources",24
"SRP149205","mouse","sra","data_sources/sra","data_sources",2
"SRP125705","mouse","sra","data_sources/sra","data_sources",57
"SRP108605","mouse","sra","data_sources/sra","data_sources",12
"SRP067005","mouse","sra","data_sources/sra","data_sources",4
"SRP010905","mouse","sra","data_sources/sra","data_sources",24
"SRP166005","mouse","sra","data_sources/sra","data_sources",15
"SRP125505","mouse","sra","data_sources/sra","data_sources",4
"ERP002605","mouse","sra","data_sources/sra","data_sources",22
"SRP200705","mouse","sra","data_sources/sra","data_sources",12
"SRP063005","mouse","sra","data_sources/sra","data_sources",8
"SRP142505","mouse","sra","data_sources/sra","data_sources",18
"SRP071205","mouse","sra","data_sources/sra","data_sources",16
"ERP115405","mouse","sra","data_sources/sra","data_sources",6
"SRP145605","mouse","sra","data_sources/sra","data_sources",375
"SRP195805","mouse","sra","data_sources/sra","data_sources",34
"SRP162805","mouse","sra","data_sources/sra","data_sources",6
"SRP100105","mouse","sra","data_sources/sra","data_sources",11
"SRP092805","mouse","sra","data_sources/sra","data_sources",10
"SRP143405","mouse","sra","data_sources/sra","data_sources",4
"SRP162305","mouse","sra","data_sources/sra","data_sources",12
"SRP151605","mouse","sra","data_sources/sra","data_sources",9
"SRP107205","mouse","sra","data_sources/sra","data_sources",83
"SRP161805","mouse","sra","data_sources/sra","data_sources",23
"SRP067305","mouse","sra","data_sources/sra","data_sources",6
"SRP139105","mouse","sra","data_sources/sra","data_sources",16
"SRP212937","mouse","sra","data_sources/sra","data_sources",6
"SRP125337","mouse","sra","data_sources/sra","data_sources",10
"SRP092537","mouse","sra","data_sources/sra","data_sources",12
"SRP065537","mouse","sra","data_sources/sra","data_sources",9
"SRP158537","mouse","sra","data_sources/sra","data_sources",2
"SRP151137","mouse","sra","data_sources/sra","data_sources",264
"SRP154937","mouse","sra","data_sources/sra","data_sources",6
"SRP186637","mouse","sra","data_sources/sra","data_sources",140
"SRP121137","mouse","sra","data_sources/sra","data_sources",1
"SRP221637","mouse","sra","data_sources/sra","data_sources",32
"SRP199237","mouse","sra","data_sources/sra","data_sources",90
"SRP045837","mouse","sra","data_sources/sra","data_sources",8
"SRP049437","mouse","sra","data_sources/sra","data_sources",19
"SRP106537","mouse","sra","data_sources/sra","data_sources",16
"DRP003837","mouse","sra","data_sources/sra","data_sources",7
"SRP091437","mouse","sra","data_sources/sra","data_sources",18
"SRP091537","mouse","sra","data_sources/sra","data_sources",9
"DRP004037","mouse","sra","data_sources/sra","data_sources",520
"SRP014437","mouse","sra","data_sources/sra","data_sources",12
"SRP156337","mouse","sra","data_sources/sra","data_sources",5
"SRP058637","mouse","sra","data_sources/sra","data_sources",4
"SRP216037","mouse","sra","data_sources/sra","data_sources",34
"SRP040137","mouse","sra","data_sources/sra","data_sources",11
"SRP125837","mouse","sra","data_sources/sra","data_sources",22
"SRP212237","mouse","sra","data_sources/sra","data_sources",3
"SRP108937","mouse","sra","data_sources/sra","data_sources",4
"SRP132237","mouse","sra","data_sources/sra","data_sources",24
"SRP162537","mouse","sra","data_sources/sra","data_sources",112
"SRP116737","mouse","sra","data_sources/sra","data_sources",6
"SRP048537","mouse","sra","data_sources/sra","data_sources",16
"SRP067537","mouse","sra","data_sources/sra","data_sources",24
"SRP015437","mouse","sra","data_sources/sra","data_sources",18
"ERP108637","mouse","sra","data_sources/sra","data_sources",14
"SRP067737","mouse","sra","data_sources/sra","data_sources",10
"SRP098937","mouse","sra","data_sources/sra","data_sources",7
"SRP092637","mouse","sra","data_sources/sra","data_sources",2
"SRP153337","mouse","sra","data_sources/sra","data_sources",6
"SRP061437","mouse","sra","data_sources/sra","data_sources",9
"SRP131137","mouse","sra","data_sources/sra","data_sources",16
"SRP056937","mouse","sra","data_sources/sra","data_sources",340
"SRP095537","mouse","sra","data_sources/sra","data_sources",6
"SRP133037","mouse","sra","data_sources/sra","data_sources",2
"SRP219537","mouse","sra","data_sources/sra","data_sources",900
"SRP214337","mouse","sra","data_sources/sra","data_sources",2
"ERP112937","mouse","sra","data_sources/sra","data_sources",41
"ERP016337","mouse","sra","data_sources/sra","data_sources",11
"SRP174637","mouse","sra","data_sources/sra","data_sources",20
"SRP136937","mouse","sra","data_sources/sra","data_sources",6
"SRP095437","mouse","sra","data_sources/sra","data_sources",4
"SRP161737","mouse","sra","data_sources/sra","data_sources",4
"SRP070637","mouse","sra","data_sources/sra","data_sources",19
"SRP061537","mouse","sra","data_sources/sra","data_sources",18
"SRP121337","mouse","sra","data_sources/sra","data_sources",6
"SRP072737","mouse","sra","data_sources/sra","data_sources",24
"SRP168937","mouse","sra","data_sources/sra","data_sources",12
"SRP184537","mouse","sra","data_sources/sra","data_sources",12
"SRP056237","mouse","sra","data_sources/sra","data_sources",2
"SRP090637","mouse","sra","data_sources/sra","data_sources",5
"ERP116137","mouse","sra","data_sources/sra","data_sources",1
"SRP226737","mouse","sra","data_sources/sra","data_sources",12
"SRP107337","mouse","sra","data_sources/sra","data_sources",6
"SRP162237","mouse","sra","data_sources/sra","data_sources",10
"SRP158937","mouse","sra","data_sources/sra","data_sources",2
"SRP071237","mouse","sra","data_sources/sra","data_sources",18
"SRP030637","mouse","sra","data_sources/sra","data_sources",8
"SRP182837","mouse","sra","data_sources/sra","data_sources",28
"SRP051537","mouse","sra","data_sources/sra","data_sources",6
"SRP070837","mouse","sra","data_sources/sra","data_sources",6
"SRP000937","mouse","sra","data_sources/sra","data_sources",3
"SRP126537","mouse","sra","data_sources/sra","data_sources",14
"SRP093237","mouse","sra","data_sources/sra","data_sources",24
"SRP048937","mouse","sra","data_sources/sra","data_sources",4
"SRP102037","mouse","sra","data_sources/sra","data_sources",6
"SRP233337","mouse","sra","data_sources/sra","data_sources",6
"SRP227837","mouse","sra","data_sources/sra","data_sources",10
"SRP116137","mouse","sra","data_sources/sra","data_sources",36
"SRP158037","mouse","sra","data_sources/sra","data_sources",6
"SRP059237","mouse","sra","data_sources/sra","data_sources",116
"ERP004637","mouse","sra","data_sources/sra","data_sources",4
"SRP024437","mouse","sra","data_sources/sra","data_sources",3
"SRP200437","mouse","sra","data_sources/sra","data_sources",48
"SRP220337","mouse","sra","data_sources/sra","data_sources",42
"SRP073037","mouse","sra","data_sources/sra","data_sources",4
"SRP122537","mouse","sra","data_sources/sra","data_sources",12
"SRP133637","mouse","sra","data_sources/sra","data_sources",6
"SRP124637","mouse","sra","data_sources/sra","data_sources",15
"SRP096837","mouse","sra","data_sources/sra","data_sources",12
"SRP103837","mouse","sra","data_sources/sra","data_sources",9
"SRP094937","mouse","sra","data_sources/sra","data_sources",34
"SRP063837","mouse","sra","data_sources/sra","data_sources",4
"SRP032537","mouse","sra","data_sources/sra","data_sources",5
"ERP113537","mouse","sra","data_sources/sra","data_sources",25
"SRP059937","mouse","sra","data_sources/sra","data_sources",8
"SRP164937","mouse","sra","data_sources/sra","data_sources",19
"DRP003637","mouse","sra","data_sources/sra","data_sources",12
"SRP075837","mouse","sra","data_sources/sra","data_sources",9
"SRP028937","mouse","sra","data_sources/sra","data_sources",4
"SRP119537","mouse","sra","data_sources/sra","data_sources",6
"SRP182037","mouse","sra","data_sources/sra","data_sources",10
"SRP059337","mouse","sra","data_sources/sra","data_sources",51
"SRP015137","mouse","sra","data_sources/sra","data_sources",1
"SRP045637","mouse","sra","data_sources/sra","data_sources",6
"DRP002840","mouse","sra","data_sources/sra","data_sources",4
"SRP134040","mouse","sra","data_sources/sra","data_sources",4
"SRP212940","mouse","sra","data_sources/sra","data_sources",6
"SRP076740","mouse","sra","data_sources/sra","data_sources",8
"SRP128540","mouse","sra","data_sources/sra","data_sources",16
"SRP087440","mouse","sra","data_sources/sra","data_sources",6
"SRP121140","mouse","sra","data_sources/sra","data_sources",1
"SRP070440","mouse","sra","data_sources/sra","data_sources",96
"SRP189140","mouse","sra","data_sources/sra","data_sources",6
"SRP220640","mouse","sra","data_sources/sra","data_sources",5
"SRP095640","mouse","sra","data_sources/sra","data_sources",5
"SRP097740","mouse","sra","data_sources/sra","data_sources",9
"SRP055140","mouse","sra","data_sources/sra","data_sources",8
"SRP104440","mouse","sra","data_sources/sra","data_sources",54
"SRP052840","mouse","sra","data_sources/sra","data_sources",11
"DRP003840","mouse","sra","data_sources/sra","data_sources",3
"SRP020940","mouse","sra","data_sources/sra","data_sources",10
"SRP165740","mouse","sra","data_sources/sra","data_sources",9
"SRP049440","mouse","sra","data_sources/sra","data_sources",91
"SRP058740","mouse","sra","data_sources/sra","data_sources",6
"SRP069240","mouse","sra","data_sources/sra","data_sources",8
"SRP039540","mouse","sra","data_sources/sra","data_sources",7
"SRP091540","mouse","sra","data_sources/sra","data_sources",10
"SRP221740","mouse","sra","data_sources/sra","data_sources",33
"SRP113540","mouse","sra","data_sources/sra","data_sources",7
"SRP044940","mouse","sra","data_sources/sra","data_sources",27
"SRP020240","mouse","sra","data_sources/sra","data_sources",7
"SRP189040","mouse","sra","data_sources/sra","data_sources",4
"SRP079140","mouse","sra","data_sources/sra","data_sources",33
"SRP026140","mouse","sra","data_sources/sra","data_sources",5
"ERP009440","mouse","sra","data_sources/sra","data_sources",34
"SRP089840","mouse","sra","data_sources/sra","data_sources",16
"ERP004040","mouse","sra","data_sources/sra","data_sources",120
"SRP059440","mouse","sra","data_sources/sra","data_sources",8
"SRP067740","mouse","sra","data_sources/sra","data_sources",9
"SRP132040","mouse","sra","data_sources/sra","data_sources",7
"SRP214940","mouse","sra","data_sources/sra","data_sources",6
"ERP113240","mouse","sra","data_sources/sra","data_sources",16
"SRP131140","mouse","sra","data_sources/sra","data_sources",2
"SRP126140","mouse","sra","data_sources/sra","data_sources",12
"SRP044140","mouse","sra","data_sources/sra","data_sources",1
"SRP078340","mouse","sra","data_sources/sra","data_sources",12
"ERP016240","mouse","sra","data_sources/sra","data_sources",166
"SRP041840","mouse","sra","data_sources/sra","data_sources",11
"SRP113640","mouse","sra","data_sources/sra","data_sources",8
"SRP078840","mouse","sra","data_sources/sra","data_sources",45
"SRP050140","mouse","sra","data_sources/sra","data_sources",7
"SRP065740","mouse","sra","data_sources/sra","data_sources",2
"SRP149440","mouse","sra","data_sources/sra","data_sources",25
"SRP218440","mouse","sra","data_sources/sra","data_sources",4
"SRP108440","mouse","sra","data_sources/sra","data_sources",6
"SRP056640","mouse","sra","data_sources/sra","data_sources",9
"SRP045440","mouse","sra","data_sources/sra","data_sources",6
"SRP103140","mouse","sra","data_sources/sra","data_sources",27
"SRP012040","mouse","sra","data_sources/sra","data_sources",125
"SRP113240","mouse","sra","data_sources/sra","data_sources",4
"SRP053440","mouse","sra","data_sources/sra","data_sources",12
"SRP080140","mouse","sra","data_sources/sra","data_sources",17
"SRP049240","mouse","sra","data_sources/sra","data_sources",4
"SRP106340","mouse","sra","data_sources/sra","data_sources",36
"ERP003740","mouse","sra","data_sources/sra","data_sources",146
"SRP050440","mouse","sra","data_sources/sra","data_sources",22
"SRP093840","mouse","sra","data_sources/sra","data_sources",10
"SRP105340","mouse","sra","data_sources/sra","data_sources",22
"SRP047440","mouse","sra","data_sources/sra","data_sources",8
"SRP193040","mouse","sra","data_sources/sra","data_sources",6
"SRP017340","mouse","sra","data_sources/sra","data_sources",4
"SRP017140","mouse","sra","data_sources/sra","data_sources",2
"SRP170940","mouse","sra","data_sources/sra","data_sources",6
"SRP136440","mouse","sra","data_sources/sra","data_sources",4
"SRP100940","mouse","sra","data_sources/sra","data_sources",3
"SRP142640","mouse","sra","data_sources/sra","data_sources",380
"SRP167940","mouse","sra","data_sources/sra","data_sources",8
"SRP140740","mouse","sra","data_sources/sra","data_sources",1
"SRP184240","mouse","sra","data_sources/sra","data_sources",5
"SRP150440","mouse","sra","data_sources/sra","data_sources",9
"SRP095340","mouse","sra","data_sources/sra","data_sources",20
"SRP114840","mouse","sra","data_sources/sra","data_sources",12
"SRP199740","mouse","sra","data_sources/sra","data_sources",24
"SRP227040","mouse","sra","data_sources/sra","data_sources",24
"SRP063940","mouse","sra","data_sources/sra","data_sources",12
"SRP049140","mouse","sra","data_sources/sra","data_sources",2
"ERP115740","mouse","sra","data_sources/sra","data_sources",9
"SRP216540","mouse","sra","data_sources/sra","data_sources",12
"SRP126640","mouse","sra","data_sources/sra","data_sources",25
"SRP044640","mouse","sra","data_sources/sra","data_sources",5
"SRP179640","mouse","sra","data_sources/sra","data_sources",28
"SRP060340","mouse","sra","data_sources/sra","data_sources",25
"SRP218840","mouse","sra","data_sources/sra","data_sources",8
"SRP059940","mouse","sra","data_sources/sra","data_sources",14
"ERP001540","mouse","sra","data_sources/sra","data_sources",6
"SRP076940","mouse","sra","data_sources/sra","data_sources",138
"ERP021240","mouse","sra","data_sources/sra","data_sources",14
"SRP219840","mouse","sra","data_sources/sra","data_sources",27
"SRP096340","mouse","sra","data_sources/sra","data_sources",12
"SRP061340","mouse","sra","data_sources/sra","data_sources",10
"SRP231140","mouse","sra","data_sources/sra","data_sources",2
"SRP136540","mouse","sra","data_sources/sra","data_sources",4
"ERP006640","mouse","sra","data_sources/sra","data_sources",14
"SRP074240","mouse","sra","data_sources/sra","data_sources",4
"SRP158140","mouse","sra","data_sources/sra","data_sources",24
"SRP226861","mouse","sra","data_sources/sra","data_sources",8
"SRP143461","mouse","sra","data_sources/sra","data_sources",17
"SRP093261","mouse","sra","data_sources/sra","data_sources",6
"SRP035561","mouse","sra","data_sources/sra","data_sources",28
"SRP217661","mouse","sra","data_sources/sra","data_sources",7
"SRP068461","mouse","sra","data_sources/sra","data_sources",6
"SRP128261","mouse","sra","data_sources/sra","data_sources",6
"SRP045561","mouse","sra","data_sources/sra","data_sources",3
"SRP067361","mouse","sra","data_sources/sra","data_sources",6
"SRP140561","mouse","sra","data_sources/sra","data_sources",18
"SRP066961","mouse","sra","data_sources/sra","data_sources",14
"SRP072261","mouse","sra","data_sources/sra","data_sources",4
"SRP039961","mouse","sra","data_sources/sra","data_sources",40
"SRP123761","mouse","sra","data_sources/sra","data_sources",12
"SRP064961","mouse","sra","data_sources/sra","data_sources",8
"SRP197361","mouse","sra","data_sources/sra","data_sources",11
"ERP015661","mouse","sra","data_sources/sra","data_sources",11
"SRP156461","mouse","sra","data_sources/sra","data_sources",17
"SRP049261","mouse","sra","data_sources/sra","data_sources",14
"SRP028161","mouse","sra","data_sources/sra","data_sources",16
"SRP098661","mouse","sra","data_sources/sra","data_sources",9
"SRP115361","mouse","sra","data_sources/sra","data_sources",9
"SRP063861","mouse","sra","data_sources/sra","data_sources",12
"SRP125761","mouse","sra","data_sources/sra","data_sources",8
"SRP218261","mouse","sra","data_sources/sra","data_sources",6
"SRP127661","mouse","sra","data_sources/sra","data_sources",14
"SRP033561","mouse","sra","data_sources/sra","data_sources",24
"SRP151561","mouse","sra","data_sources/sra","data_sources",85
"SRP173361","mouse","sra","data_sources/sra","data_sources",24
"SRP200561","mouse","sra","data_sources/sra","data_sources",14
"SRP080961","mouse","sra","data_sources/sra","data_sources",72
"SRP077961","mouse","sra","data_sources/sra","data_sources",12
"ERP019861","mouse","sra","data_sources/sra","data_sources",11
"SRP211761","mouse","sra","data_sources/sra","data_sources",8
"SRP151461","mouse","sra","data_sources/sra","data_sources",8
"SRP198761","mouse","sra","data_sources/sra","data_sources",6
"SRP121461","mouse","sra","data_sources/sra","data_sources",8
"SRP219961","mouse","sra","data_sources/sra","data_sources",4
"SRP202561","mouse","sra","data_sources/sra","data_sources",6
"SRP165861","mouse","sra","data_sources/sra","data_sources",9
"SRP220361","mouse","sra","data_sources/sra","data_sources",4
"SRP010861","mouse","sra","data_sources/sra","data_sources",12
"SRP125661","mouse","sra","data_sources/sra","data_sources",16
"SRP074361","mouse","sra","data_sources/sra","data_sources",24
"SRP075361","mouse","sra","data_sources/sra","data_sources",4
"SRP066161","mouse","sra","data_sources/sra","data_sources",24
"SRP126761","mouse","sra","data_sources/sra","data_sources",6
"SRP055461","mouse","sra","data_sources/sra","data_sources",18
"ERP010761","mouse","sra","data_sources/sra","data_sources",6
"SRP150461","mouse","sra","data_sources/sra","data_sources",4
"SRP223261","mouse","sra","data_sources/sra","data_sources",21
"SRP166961","mouse","sra","data_sources/sra","data_sources",9
"SRP018861","mouse","sra","data_sources/sra","data_sources",11
"SRP161461","mouse","sra","data_sources/sra","data_sources",96
"SRP091561","mouse","sra","data_sources/sra","data_sources",8
"SRP176461","mouse","sra","data_sources/sra","data_sources",4
"SRP064461","mouse","sra","data_sources/sra","data_sources",5
"SRP075761","mouse","sra","data_sources/sra","data_sources",6
"SRP130961","mouse","sra","data_sources/sra","data_sources",35
"SRP165661","mouse","sra","data_sources/sra","data_sources",4
"SRP178361","mouse","sra","data_sources/sra","data_sources",9
"SRP189061","mouse","sra","data_sources/sra","data_sources",48
"SRP186761","mouse","sra","data_sources/sra","data_sources",8
"SRP036861","mouse","sra","data_sources/sra","data_sources",8
"SRP069861","mouse","sra","data_sources/sra","data_sources",26
"SRP228861","mouse","sra","data_sources/sra","data_sources",5
"ERP011261","mouse","sra","data_sources/sra","data_sources",36
"SRP121161","mouse","sra","data_sources/sra","data_sources",1
"DRP003261","mouse","sra","data_sources/sra","data_sources",3
"SRP128561","mouse","sra","data_sources/sra","data_sources",12
"SRP029761","mouse","sra","data_sources/sra","data_sources",6
"SRP131861","mouse","sra","data_sources/sra","data_sources",12
"SRP075661","mouse","sra","data_sources/sra","data_sources",15
"SRP078061","mouse","sra","data_sources/sra","data_sources",12
"SRP022861","mouse","sra","data_sources/sra","data_sources",2
"SRP080761","mouse","sra","data_sources/sra","data_sources",12
"SRP120161","mouse","sra","data_sources/sra","data_sources",12
"SRP223761","mouse","sra","data_sources/sra","data_sources",66
"SRP071661","mouse","sra","data_sources/sra","data_sources",6
"SRP187461","mouse","sra","data_sources/sra","data_sources",96
"SRP126061","mouse","sra","data_sources/sra","data_sources",14
"SRP057261","mouse","sra","data_sources/sra","data_sources",23
"SRP158761","mouse","sra","data_sources/sra","data_sources",17
"SRP042961","mouse","sra","data_sources/sra","data_sources",2
"SRP059561","mouse","sra","data_sources/sra","data_sources",4
"SRP152861","mouse","sra","data_sources/sra","data_sources",12
"SRP041261","mouse","sra","data_sources/sra","data_sources",14
"SRP094461","mouse","sra","data_sources/sra","data_sources",8
"SRP110761","mouse","sra","data_sources/sra","data_sources",4
"SRP200261","mouse","sra","data_sources/sra","data_sources",8
"SRP140161","mouse","sra","data_sources/sra","data_sources",15
"SRP022161","mouse","sra","data_sources/sra","data_sources",8
"ERP022461","mouse","sra","data_sources/sra","data_sources",4
"DRP003161","mouse","sra","data_sources/sra","data_sources",8
"SRP112761","mouse","sra","data_sources/sra","data_sources",6
"SRP189261","mouse","sra","data_sources/sra","data_sources",6
"SRP070761","mouse","sra","data_sources/sra","data_sources",5
"SRP087761","mouse","sra","data_sources/sra","data_sources",15
"ERP113861","mouse","sra","data_sources/sra","data_sources",15
"SRP076461","mouse","sra","data_sources/sra","data_sources",6
"SRP114461","mouse","sra","data_sources/sra","data_sources",10
"SRP116561","mouse","sra","data_sources/sra","data_sources",6
"SRP065661","mouse","sra","data_sources/sra","data_sources",406
"SRP149561","mouse","sra","data_sources/sra","data_sources",18
"SRP159661","mouse","sra","data_sources/sra","data_sources",12
"SRP126161","mouse","sra","data_sources/sra","data_sources",93
"SRP012561","mouse","sra","data_sources/sra","data_sources",7
"SRP113761","mouse","sra","data_sources/sra","data_sources",12
"SRP053316","mouse","sra","data_sources/sra","data_sources",7
"SRP145116","mouse","sra","data_sources/sra","data_sources",12
"SRP237716","mouse","sra","data_sources/sra","data_sources",8
"SRP131916","mouse","sra","data_sources/sra","data_sources",12
"SRP154816","mouse","sra","data_sources/sra","data_sources",12
"ERP002116","mouse","sra","data_sources/sra","data_sources",134
"SRP034916","mouse","sra","data_sources/sra","data_sources",13
"ERP110016","mouse","sra","data_sources/sra","data_sources",12
"SRP019916","mouse","sra","data_sources/sra","data_sources",8
"SRP142316","mouse","sra","data_sources/sra","data_sources",8
"SRP072516","mouse","sra","data_sources/sra","data_sources",6
"SRP169116","mouse","sra","data_sources/sra","data_sources",6
"SRP029716","mouse","sra","data_sources/sra","data_sources",4
"SRP148616","mouse","sra","data_sources/sra","data_sources",6
"SRP131016","mouse","sra","data_sources/sra","data_sources",38
"SRP141016","mouse","sra","data_sources/sra","data_sources",80
"SRP051116","mouse","sra","data_sources/sra","data_sources",42
"SRP095416","mouse","sra","data_sources/sra","data_sources",6
"SRP100416","mouse","sra","data_sources/sra","data_sources",13
"SRP082416","mouse","sra","data_sources/sra","data_sources",18
"SRP154116","mouse","sra","data_sources/sra","data_sources",6
"SRP028516","mouse","sra","data_sources/sra","data_sources",2
"SRP139416","mouse","sra","data_sources/sra","data_sources",2
"SRP081516","mouse","sra","data_sources/sra","data_sources",22
"ERP009716","mouse","sra","data_sources/sra","data_sources",12
"SRP029516","mouse","sra","data_sources/sra","data_sources",6
"SRP098816","mouse","sra","data_sources/sra","data_sources",21
"SRP125116","mouse","sra","data_sources/sra","data_sources",16
"SRP056216","mouse","sra","data_sources/sra","data_sources",4
"SRP200316","mouse","sra","data_sources/sra","data_sources",65
"SRP151316","mouse","sra","data_sources/sra","data_sources",2
"SRP147916","mouse","sra","data_sources/sra","data_sources",16
"SRP087616","mouse","sra","data_sources/sra","data_sources",4
"SRP078916","mouse","sra","data_sources/sra","data_sources",6
"ERP105216","mouse","sra","data_sources/sra","data_sources",3
"ERP114116","mouse","sra","data_sources/sra","data_sources",6
"SRP076416","mouse","sra","data_sources/sra","data_sources",12
"SRP136216","mouse","sra","data_sources/sra","data_sources",6
"ERP008616","mouse","sra","data_sources/sra","data_sources",138
"SRP151816","mouse","sra","data_sources/sra","data_sources",4
"SRP219516","mouse","sra","data_sources/sra","data_sources",78
"SRP153916","mouse","sra","data_sources/sra","data_sources",6
"SRP071316","mouse","sra","data_sources/sra","data_sources",4
"SRP064216","mouse","sra","data_sources/sra","data_sources",166
"SRP075116","mouse","sra","data_sources/sra","data_sources",20
"SRP227216","mouse","sra","data_sources/sra","data_sources",9
"SRP232916","mouse","sra","data_sources/sra","data_sources",141
"SRP191116","mouse","sra","data_sources/sra","data_sources",10
"SRP086916","mouse","sra","data_sources/sra","data_sources",416
"SRP103116","mouse","sra","data_sources/sra","data_sources",18
"SRP106916","mouse","sra","data_sources/sra","data_sources",9
"SRP043716","mouse","sra","data_sources/sra","data_sources",6
"SRP096116","mouse","sra","data_sources/sra","data_sources",12
"SRP162216","mouse","sra","data_sources/sra","data_sources",4
"SRP066816","mouse","sra","data_sources/sra","data_sources",8
"SRP132516","mouse","sra","data_sources/sra","data_sources",18
"SRP108416","mouse","sra","data_sources/sra","data_sources",46
"SRP067216","mouse","sra","data_sources/sra","data_sources",6
"SRP126416","mouse","sra","data_sources/sra","data_sources",14
"SRP049216","mouse","sra","data_sources/sra","data_sources",6
"SRP118716","mouse","sra","data_sources/sra","data_sources",6
"SRP090816","mouse","sra","data_sources/sra","data_sources",4
"SRP071216","mouse","sra","data_sources/sra","data_sources",2
"SRP164916","mouse","sra","data_sources/sra","data_sources",24
"SRP062216","mouse","sra","data_sources/sra","data_sources",6
"SRP073116","mouse","sra","data_sources/sra","data_sources",4
"SRP111116","mouse","sra","data_sources/sra","data_sources",5
"SRP103916","mouse","sra","data_sources/sra","data_sources",6
"SRP061916","mouse","sra","data_sources/sra","data_sources",8
"SRP155716","mouse","sra","data_sources/sra","data_sources",4
"SRP193316","mouse","sra","data_sources/sra","data_sources",15
"SRP119516","mouse","sra","data_sources/sra","data_sources",8
"ERP112516","mouse","sra","data_sources/sra","data_sources",40
"ERP002416","mouse","sra","data_sources/sra","data_sources",3
"SRP140616","mouse","sra","data_sources/sra","data_sources",8
"SRP061216","mouse","sra","data_sources/sra","data_sources",8
"SRP033416","mouse","sra","data_sources/sra","data_sources",6
"SRP041516","mouse","sra","data_sources/sra","data_sources",8
"SRP123516","mouse","sra","data_sources/sra","data_sources",21
"SRP144516","mouse","sra","data_sources/sra","data_sources",16
"SRP168416","mouse","sra","data_sources/sra","data_sources",8
"SRP034716","mouse","sra","data_sources/sra","data_sources",18
"SRP006816","mouse","sra","data_sources/sra","data_sources",11
"SRP117085","mouse","sra","data_sources/sra","data_sources",6
"SRP112885","mouse","sra","data_sources/sra","data_sources",18
"SRP135685","mouse","sra","data_sources/sra","data_sources",4
"SRP118785","mouse","sra","data_sources/sra","data_sources",8
"SRP073385","mouse","sra","data_sources/sra","data_sources",18
"SRP023485","mouse","sra","data_sources/sra","data_sources",2
"SRP113285","mouse","sra","data_sources/sra","data_sources",80
"SRP159985","mouse","sra","data_sources/sra","data_sources",9
"SRP151785","mouse","sra","data_sources/sra","data_sources",36
"SRP227985","mouse","sra","data_sources/sra","data_sources",26
"SRP079685","mouse","sra","data_sources/sra","data_sources",14
"SRP155485","mouse","sra","data_sources/sra","data_sources",22
"SRP090385","mouse","sra","data_sources/sra","data_sources",6
"ERP107785","mouse","sra","data_sources/sra","data_sources",8
"SRP096085","mouse","sra","data_sources/sra","data_sources",10
"SRP092885","mouse","sra","data_sources/sra","data_sources",2
"SRP185085","mouse","sra","data_sources/sra","data_sources",15
"SRP067985","mouse","sra","data_sources/sra","data_sources",4
"SRP090985","mouse","sra","data_sources/sra","data_sources",1
"SRP093285","mouse","sra","data_sources/sra","data_sources",4
"SRP117185","mouse","sra","data_sources/sra","data_sources",12
"SRP162985","mouse","sra","data_sources/sra","data_sources",6
"SRP044785","mouse","sra","data_sources/sra","data_sources",15
"SRP101985","mouse","sra","data_sources/sra","data_sources",32
"SRP082385","mouse","sra","data_sources/sra","data_sources",8
"SRP165285","mouse","sra","data_sources/sra","data_sources",12
"SRP194185","mouse","sra","data_sources/sra","data_sources",6
"SRP102285","mouse","sra","data_sources/sra","data_sources",6
"DRP002785","mouse","sra","data_sources/sra","data_sources",4
"SRP188485","mouse","sra","data_sources/sra","data_sources",6
"SRP149985","mouse","sra","data_sources/sra","data_sources",6
"SRP120485","mouse","sra","data_sources/sra","data_sources",18
"SRP059885","mouse","sra","data_sources/sra","data_sources",24
"SRP082985","mouse","sra","data_sources/sra","data_sources",24
"SRP075985","mouse","sra","data_sources/sra","data_sources",3
"SRP217485","mouse","sra","data_sources/sra","data_sources",6
"SRP119485","mouse","sra","data_sources/sra","data_sources",8
"SRP105185","mouse","sra","data_sources/sra","data_sources",7
"SRP127685","mouse","sra","data_sources/sra","data_sources",1
"SRP193385","mouse","sra","data_sources/sra","data_sources",12
"SRP017085","mouse","sra","data_sources/sra","data_sources",7
"SRP167885","mouse","sra","data_sources/sra","data_sources",15
"SRP115985","mouse","sra","data_sources/sra","data_sources",16
"SRP186285","mouse","sra","data_sources/sra","data_sources",6
"SRP074885","mouse","sra","data_sources/sra","data_sources",12
"SRP166885","mouse","sra","data_sources/sra","data_sources",6
"SRP029985","mouse","sra","data_sources/sra","data_sources",12
"SRP225085","mouse","sra","data_sources/sra","data_sources",6
"SRP186885","mouse","sra","data_sources/sra","data_sources",19
"SRP117285","mouse","sra","data_sources/sra","data_sources",6
"SRP061985","mouse","sra","data_sources/sra","data_sources",10
"SRP159185","mouse","sra","data_sources/sra","data_sources",132
"SRP124785","mouse","sra","data_sources/sra","data_sources",6
"SRP181185","mouse","sra","data_sources/sra","data_sources",8
"SRP028385","mouse","sra","data_sources/sra","data_sources",2
"SRP145085","mouse","sra","data_sources/sra","data_sources",8
"SRP132985","mouse","sra","data_sources/sra","data_sources",6
"SRP050985","mouse","sra","data_sources/sra","data_sources",5
"SRP156285","mouse","sra","data_sources/sra","data_sources",24
"SRP185785","mouse","sra","data_sources/sra","data_sources",9
"SRP172785","mouse","sra","data_sources/sra","data_sources",8
"SRP111585","mouse","sra","data_sources/sra","data_sources",21
"SRP035885","mouse","sra","data_sources/sra","data_sources",4
"SRP102785","mouse","sra","data_sources/sra","data_sources",15
"SRP113485","mouse","sra","data_sources/sra","data_sources",14
"SRP153085","mouse","sra","data_sources/sra","data_sources",2
"SRP061785","mouse","sra","data_sources/sra","data_sources",18
"SRP121185","mouse","sra","data_sources/sra","data_sources",1
"SRP056085","mouse","sra","data_sources/sra","data_sources",3
"SRP134085","mouse","sra","data_sources/sra","data_sources",6
"SRP128585","mouse","sra","data_sources/sra","data_sources",9
"SRP068285","mouse","sra","data_sources/sra","data_sources",16
"SRP224585","mouse","sra","data_sources/sra","data_sources",12
"SRP113585","mouse","sra","data_sources/sra","data_sources",27
"SRP097685","mouse","sra","data_sources/sra","data_sources",12
"SRP042085","mouse","sra","data_sources/sra","data_sources",16
"SRP229985","mouse","sra","data_sources/sra","data_sources",16
"SRP069085","mouse","sra","data_sources/sra","data_sources",10
"SRP115485","mouse","sra","data_sources/sra","data_sources",14
"SRP159685","mouse","sra","data_sources/sra","data_sources",8
"SRP106685","mouse","sra","data_sources/sra","data_sources",14
"SRP111685","mouse","sra","data_sources/sra","data_sources",9
"SRP053185","mouse","sra","data_sources/sra","data_sources",31
"SRP173485","mouse","sra","data_sources/sra","data_sources",112
"SRP137885","mouse","sra","data_sources/sra","data_sources",5
"SRP059485","mouse","sra","data_sources/sra","data_sources",8
"SRP144385","mouse","sra","data_sources/sra","data_sources",14
"DRP005285","mouse","sra","data_sources/sra","data_sources",7
"SRP068185","mouse","sra","data_sources/sra","data_sources",8
"SRP149485","mouse","sra","data_sources/sra","data_sources",6
"SRP094485","mouse","sra","data_sources/sra","data_sources",12
"SRP135885","mouse","sra","data_sources/sra","data_sources",144
"SRP097585","mouse","sra","data_sources/sra","data_sources",24
"SRP199085","mouse","sra","data_sources/sra","data_sources",4
"SRP069185","mouse","sra","data_sources/sra","data_sources",18
"SRP068724","mouse","sra","data_sources/sra","data_sources",9
"SRP187824","mouse","sra","data_sources/sra","data_sources",6
"SRP222324","mouse","sra","data_sources/sra","data_sources",20
"SRP072124","mouse","sra","data_sources/sra","data_sources",13
"SRP153424","mouse","sra","data_sources/sra","data_sources",12
"SRP096324","mouse","sra","data_sources/sra","data_sources",8
"SRP052624","mouse","sra","data_sources/sra","data_sources",2
"SRP075824","mouse","sra","data_sources/sra","data_sources",12
"ERP021224","mouse","sra","data_sources/sra","data_sources",21
"DRP004424","mouse","sra","data_sources/sra","data_sources",4
"ERP117624","mouse","sra","data_sources/sra","data_sources",45
"SRP165224","mouse","sra","data_sources/sra","data_sources",32
"SRP186924","mouse","sra","data_sources/sra","data_sources",24
"SRP133624","mouse","sra","data_sources/sra","data_sources",12
"SRP150424","mouse","sra","data_sources/sra","data_sources",12
"SRP059824","mouse","sra","data_sources/sra","data_sources",12
"SRP075924","mouse","sra","data_sources/sra","data_sources",39
"SRP102824","mouse","sra","data_sources/sra","data_sources",6
"SRP067124","mouse","sra","data_sources/sra","data_sources",743
"SRP223824","mouse","sra","data_sources/sra","data_sources",4
"SRP169624","mouse","sra","data_sources/sra","data_sources",14
"SRP136624","mouse","sra","data_sources/sra","data_sources",6
"SRP047424","mouse","sra","data_sources/sra","data_sources",10
"SRP149124","mouse","sra","data_sources/sra","data_sources",12
"SRP002224","mouse","sra","data_sources/sra","data_sources",4
"SRP189624","mouse","sra","data_sources/sra","data_sources",6
"SRP159824","mouse","sra","data_sources/sra","data_sources",2
"SRP096024","mouse","sra","data_sources/sra","data_sources",15
"SRP120624","mouse","sra","data_sources/sra","data_sources",24
"SRP090924","mouse","sra","data_sources/sra","data_sources",737
"SRP073224","mouse","sra","data_sources/sra","data_sources",8
"SRP162924","mouse","sra","data_sources/sra","data_sources",6
"SRP028124","mouse","sra","data_sources/sra","data_sources",12
"ERP021024","mouse","sra","data_sources/sra","data_sources",72
"SRP093924","mouse","sra","data_sources/sra","data_sources",11
"SRP142524","mouse","sra","data_sources/sra","data_sources",45
"SRP049824","mouse","sra","data_sources/sra","data_sources",19
"SRP123624","mouse","sra","data_sources/sra","data_sources",6
"SRP227924","mouse","sra","data_sources/sra","data_sources",50
"SRP158324","mouse","sra","data_sources/sra","data_sources",2
"SRP056624","mouse","sra","data_sources/sra","data_sources",4
"SRP111924","mouse","sra","data_sources/sra","data_sources",24
"SRP045424","mouse","sra","data_sources/sra","data_sources",2
"SRP068524","mouse","sra","data_sources/sra","data_sources",6
"SRP018124","mouse","sra","data_sources/sra","data_sources",15
"SRP151324","mouse","sra","data_sources/sra","data_sources",6
"SRP186424","mouse","sra","data_sources/sra","data_sources",12
"SRP212124","mouse","sra","data_sources/sra","data_sources",12
"SRP170424","mouse","sra","data_sources/sra","data_sources",9
"SRP069024","mouse","sra","data_sources/sra","data_sources",4
"SRP151824","mouse","sra","data_sources/sra","data_sources",12
"SRP044124","mouse","sra","data_sources/sra","data_sources",8
"SRP091724","mouse","sra","data_sources/sra","data_sources",6
"SRP126124","mouse","sra","data_sources/sra","data_sources",64
"SRP064624","mouse","sra","data_sources/sra","data_sources",1
"SRP093624","mouse","sra","data_sources/sra","data_sources",21
"SRP079924","mouse","sra","data_sources/sra","data_sources",3
"SRP215924","mouse","sra","data_sources/sra","data_sources",184
"SRP133024","mouse","sra","data_sources/sra","data_sources",12
"SRP152324","mouse","sra","data_sources/sra","data_sources",8
"SRP131124","mouse","sra","data_sources/sra","data_sources",78
"SRP113724","mouse","sra","data_sources/sra","data_sources",12
"SRP153324","mouse","sra","data_sources/sra","data_sources",4
"SRP061424","mouse","sra","data_sources/sra","data_sources",8
"SRP092624","mouse","sra","data_sources/sra","data_sources",4
"ERP108424","mouse","sra","data_sources/sra","data_sources",24
"SRP090724","mouse","sra","data_sources/sra","data_sources",6
"SRP045324","mouse","sra","data_sources/sra","data_sources",24
"SRP149724","mouse","sra","data_sources/sra","data_sources",4
"SRP101724","mouse","sra","data_sources/sra","data_sources",8
"ERP020724","mouse","sra","data_sources/sra","data_sources",20
"SRP200024","mouse","sra","data_sources/sra","data_sources",15
"SRP173624","mouse","sra","data_sources/sra","data_sources",18
"SRP195524","mouse","sra","data_sources/sra","data_sources",6
"SRP198324","mouse","sra","data_sources/sra","data_sources",29
"SRP124824","mouse","sra","data_sources/sra","data_sources",8
"SRP020224","mouse","sra","data_sources/sra","data_sources",36
"SRP120024","mouse","sra","data_sources/sra","data_sources",18
"SRP097624","mouse","sra","data_sources/sra","data_sources",1
"SRP102624","mouse","sra","data_sources/sra","data_sources",10
"SRP230424","mouse","sra","data_sources/sra","data_sources",6
"SRP150024","mouse","sra","data_sources/sra","data_sources",14
"SRP130924","mouse","sra","data_sources/sra","data_sources",908
"SRP052924","mouse","sra","data_sources/sra","data_sources",6
"SRP077724","mouse","sra","data_sources/sra","data_sources",4
"SRP192724","mouse","sra","data_sources/sra","data_sources",9
"SRP010724","mouse","sra","data_sources/sra","data_sources",4
"SRP155924","mouse","sra","data_sources/sra","data_sources",405
"SRP194424","mouse","sra","data_sources/sra","data_sources",9
"SRP185724","mouse","sra","data_sources/sra","data_sources",6
"SRP125924","mouse","sra","data_sources/sra","data_sources",2
"SRP131224","mouse","sra","data_sources/sra","data_sources",16
"SRP097724","mouse","sra","data_sources/sra","data_sources",1
"SRP042124","mouse","sra","data_sources/sra","data_sources",4
"SRP171624","mouse","sra","data_sources/sra","data_sources",40
"SRP202024","mouse","sra","data_sources/sra","data_sources",202
"SRP121124","mouse","sra","data_sources/sra","data_sources",1
"SRP154924","mouse","sra","data_sources/sra","data_sources",6
"SRP173724","mouse","sra","data_sources/sra","data_sources",36
"SRP101624","mouse","sra","data_sources/sra","data_sources",11
"SRP072524","mouse","sra","data_sources/sra","data_sources",4
"SRP133924","mouse","sra","data_sources/sra","data_sources",8
"SRP189153","mouse","sra","data_sources/sra","data_sources",24
"SRP121153","mouse","sra","data_sources/sra","data_sources",1
"SRP043153","mouse","sra","data_sources/sra","data_sources",22
"SRP220653","mouse","sra","data_sources/sra","data_sources",356
"SRP094653","mouse","sra","data_sources/sra","data_sources",14
"ERP114253","mouse","sra","data_sources/sra","data_sources",10
"SRP125353","mouse","sra","data_sources/sra","data_sources",11
"SRP108253","mouse","sra","data_sources/sra","data_sources",12
"SRP212953","mouse","sra","data_sources/sra","data_sources",6
"SRP059753","mouse","sra","data_sources/sra","data_sources",6
"SRP178253","mouse","sra","data_sources/sra","data_sources",16
"SRP029753","mouse","sra","data_sources/sra","data_sources",6
"ERP017153","mouse","sra","data_sources/sra","data_sources",10
"SRP104453","mouse","sra","data_sources/sra","data_sources",24
"SRP167653","mouse","sra","data_sources/sra","data_sources",6
"SRP075653","mouse","sra","data_sources/sra","data_sources",8
"SRP025153","mouse","sra","data_sources/sra","data_sources",8
"SRP120053","mouse","sra","data_sources/sra","data_sources",8
"SRP100753","mouse","sra","data_sources/sra","data_sources",32
"SRP095753","mouse","sra","data_sources/sra","data_sources",6
"SRP058653","mouse","sra","data_sources/sra","data_sources",4
"SRP137053","mouse","sra","data_sources/sra","data_sources",16
"DRP004053","mouse","sra","data_sources/sra","data_sources",36
"ERP012853","mouse","sra","data_sources/sra","data_sources",19
"SRP144153","mouse","sra","data_sources/sra","data_sources",24
"ERP017053","mouse","sra","data_sources/sra","data_sources",12
"SRP229353","mouse","sra","data_sources/sra","data_sources",16
"SRP051853","mouse","sra","data_sources/sra","data_sources",6
"SRP043053","mouse","sra","data_sources/sra","data_sources",12
"SRP061653","mouse","sra","data_sources/sra","data_sources",5
"SRP087753","mouse","sra","data_sources/sra","data_sources",6
"SRP149553","mouse","sra","data_sources/sra","data_sources",6
"SRP158653","mouse","sra","data_sources/sra","data_sources",7
"SRP218553","mouse","sra","data_sources/sra","data_sources",20
"SRP076453","mouse","sra","data_sources/sra","data_sources",6
"SRP166553","mouse","sra","data_sources/sra","data_sources",12
"ERP019553","mouse","sra","data_sources/sra","data_sources",12
"SRP115453","mouse","sra","data_sources/sra","data_sources",87
"SRP151853","mouse","sra","data_sources/sra","data_sources",15
"SRP159653","mouse","sra","data_sources/sra","data_sources",12
"SRP106653","mouse","sra","data_sources/sra","data_sources",4
"SRP051053","mouse","sra","data_sources/sra","data_sources",3
"ERP107953","mouse","sra","data_sources/sra","data_sources",36
"SRP172453","mouse","sra","data_sources/sra","data_sources",25
"SRP060453","mouse","sra","data_sources/sra","data_sources",2
"SRP102453","mouse","sra","data_sources/sra","data_sources",10
"SRP113753","mouse","sra","data_sources/sra","data_sources",8
"ERP001253","mouse","sra","data_sources/sra","data_sources",4
"ERP015853","mouse","sra","data_sources/sra","data_sources",8
"SRP009853","mouse","sra","data_sources/sra","data_sources",6
"SRP102553","mouse","sra","data_sources/sra","data_sources",35
"SRP071653","mouse","sra","data_sources/sra","data_sources",8
"SRP073753","mouse","sra","data_sources/sra","data_sources",19
"SRP192553","mouse","sra","data_sources/sra","data_sources",15
"SRP093753","mouse","sra","data_sources/sra","data_sources",8
"SRP135253","mouse","sra","data_sources/sra","data_sources",10
"SRP167453","mouse","sra","data_sources/sra","data_sources",39
"SRP036153","mouse","sra","data_sources/sra","data_sources",1
"SRP126053","mouse","sra","data_sources/sra","data_sources",1708
"SRP068153","mouse","sra","data_sources/sra","data_sources",10
"SRP127053","mouse","sra","data_sources/sra","data_sources",43
"ERP001953","mouse","sra","data_sources/sra","data_sources",5
"SRP188953","mouse","sra","data_sources/sra","data_sources",10
"SRP063453","mouse","sra","data_sources/sra","data_sources",13
"SRP101453","mouse","sra","data_sources/sra","data_sources",20
"DRP001153","mouse","sra","data_sources/sra","data_sources",2
"ERP022553","mouse","sra","data_sources/sra","data_sources",9
"SRP087653","mouse","sra","data_sources/sra","data_sources",14
"SRP142553","mouse","sra","data_sources/sra","data_sources",6
"SRP066853","mouse","sra","data_sources/sra","data_sources",8
"SRP132553","mouse","sra","data_sources/sra","data_sources",9
"SRP128353","mouse","sra","data_sources/sra","data_sources",12
"SRP081153","mouse","sra","data_sources/sra","data_sources",12
"SRP067253","mouse","sra","data_sources/sra","data_sources",18
"SRP055753","mouse","sra","data_sources/sra","data_sources",12
"SRP049253","mouse","sra","data_sources/sra","data_sources",44
"SRP075053","mouse","sra","data_sources/sra","data_sources",8
"SRP070853","mouse","sra","data_sources/sra","data_sources",6
"SRP111353","mouse","sra","data_sources/sra","data_sources",6
"SRP143553","mouse","sra","data_sources/sra","data_sources",11
"SRP143453","mouse","sra","data_sources/sra","data_sources",20
"SRP174353","mouse","sra","data_sources/sra","data_sources",192
"SRP105353","mouse","sra","data_sources/sra","data_sources",4
"SRP139153","mouse","sra","data_sources/sra","data_sources",3
"SRP068453","mouse","sra","data_sources/sra","data_sources",28
"SRP181853","mouse","sra","data_sources/sra","data_sources",24
"SRP121653","mouse","sra","data_sources/sra","data_sources",6
"SRP052753","mouse","sra","data_sources/sra","data_sources",16
"ERP110553","mouse","sra","data_sources/sra","data_sources",3
"DRP003753","mouse","sra","data_sources/sra","data_sources",1
"SRP059253","mouse","sra","data_sources/sra","data_sources",9
"SRP187953","mouse","sra","data_sources/sra","data_sources",40
"SRP229753","mouse","sra","data_sources/sra","data_sources",9
"SRP095953","mouse","sra","data_sources/sra","data_sources",5
"SRP104153","mouse","sra","data_sources/sra","data_sources",18
"SRP066153","mouse","sra","data_sources/sra","data_sources",3
"SRP057553","mouse","sra","data_sources/sra","data_sources",6
"SRP103853","mouse","sra","data_sources/sra","data_sources",34
"SRP075353","mouse","sra","data_sources/sra","data_sources",13
"SRP106053","mouse","sra","data_sources/sra","data_sources",18
"SRP076853","mouse","sra","data_sources/sra","data_sources",12
"SRP040553","mouse","sra","data_sources/sra","data_sources",9
"SRP083953","mouse","sra","data_sources/sra","data_sources",36
"SRP212753","mouse","sra","data_sources/sra","data_sources",40
"SRP114953","mouse","sra","data_sources/sra","data_sources",10
"SRP061953","mouse","sra","data_sources/sra","data_sources",8
"SRP063853","mouse","sra","data_sources/sra","data_sources",5
"SRP101853","mouse","sra","data_sources/sra","data_sources",6
"SRP094853","mouse","sra","data_sources/sra","data_sources",48
"SRP173953","mouse","sra","data_sources/sra","data_sources",6
"SRP214453","mouse","sra","data_sources/sra","data_sources",6
"SRP169553","mouse","sra","data_sources/sra","data_sources",17
"SRP144453","mouse","sra","data_sources/sra","data_sources",6
"SRP096353","mouse","sra","data_sources/sra","data_sources",6
"SRP099453","mouse","sra","data_sources/sra","data_sources",48
"ERP022353","mouse","sra","data_sources/sra","data_sources",6
"SRP057159","mouse","sra","data_sources/sra","data_sources",9
"SRP102659","mouse","sra","data_sources/sra","data_sources",4
"SRP018859","mouse","sra","data_sources/sra","data_sources",6
"SRP098159","mouse","sra","data_sources/sra","data_sources",6
"SRP111459","mouse","sra","data_sources/sra","data_sources",20
"SRP068859","mouse","sra","data_sources/sra","data_sources",133
"SRP132259","mouse","sra","data_sources/sra","data_sources",24
"SRP126959","mouse","sra","data_sources/sra","data_sources",13
"SRP154859","mouse","sra","data_sources/sra","data_sources",33
"SRP045359","mouse","sra","data_sources/sra","data_sources",12
"SRP090559","mouse","sra","data_sources/sra","data_sources",7
"SRP226459","mouse","sra","data_sources/sra","data_sources",12
"SRP083759","mouse","sra","data_sources/sra","data_sources",8
"SRP048459","mouse","sra","data_sources/sra","data_sources",12
"SRP127259","mouse","sra","data_sources/sra","data_sources",91
"SRP114759","mouse","sra","data_sources/sra","data_sources",20
"SRP213359","mouse","sra","data_sources/sra","data_sources",120
"SRP156859","mouse","sra","data_sources/sra","data_sources",18
"SRP121159","mouse","sra","data_sources/sra","data_sources",1
"SRP043159","mouse","sra","data_sources/sra","data_sources",6
"SRP200159","mouse","sra","data_sources/sra","data_sources",12
"SRP132359","mouse","sra","data_sources/sra","data_sources",26
"SRP023259","mouse","sra","data_sources/sra","data_sources",20
"SRP095659","mouse","sra","data_sources/sra","data_sources",1
"SRP214059","mouse","sra","data_sources/sra","data_sources",18
"DRP004159","mouse","sra","data_sources/sra","data_sources",4
"SRP091459","mouse","sra","data_sources/sra","data_sources",12
"SRP058759","mouse","sra","data_sources/sra","data_sources",16
"SRP219659","mouse","sra","data_sources/sra","data_sources",6
"SRP118359","mouse","sra","data_sources/sra","data_sources",12
"SRP042359","mouse","sra","data_sources/sra","data_sources",9
"SRP161759","mouse","sra","data_sources/sra","data_sources",23
"SRP191459","mouse","sra","data_sources/sra","data_sources",6
"SRP068159","mouse","sra","data_sources/sra","data_sources",4
"SRP182659","mouse","sra","data_sources/sra","data_sources",7
"SRP119259","mouse","sra","data_sources/sra","data_sources",12
"SRP178159","mouse","sra","data_sources/sra","data_sources",10
"SRP151259","mouse","sra","data_sources/sra","data_sources",22
"SRP055859","mouse","sra","data_sources/sra","data_sources",4
"SRP169859","mouse","sra","data_sources/sra","data_sources",13
"SRP095559","mouse","sra","data_sources/sra","data_sources",12
"SRP187559","mouse","sra","data_sources/sra","data_sources",16
"SRP058459","mouse","sra","data_sources/sra","data_sources",4
"SRP017959","mouse","sra","data_sources/sra","data_sources",9
"ERP003759","mouse","sra","data_sources/sra","data_sources",3
"SRP151659","mouse","sra","data_sources/sra","data_sources",8
"SRP162359","mouse","sra","data_sources/sra","data_sources",16
"SRP171159","mouse","sra","data_sources/sra","data_sources",10
"SRP049959","mouse","sra","data_sources/sra","data_sources",19
"SRP067359","mouse","sra","data_sources/sra","data_sources",12
"ERP107759","mouse","sra","data_sources/sra","data_sources",65
"SRP193059","mouse","sra","data_sources/sra","data_sources",3
"SRP035559","mouse","sra","data_sources/sra","data_sources",4
"SRP158259","mouse","sra","data_sources/sra","data_sources",24
"SRP149159","mouse","sra","data_sources/sra","data_sources",52
"SRP119759","mouse","sra","data_sources/sra","data_sources",63
"SRP174859","mouse","sra","data_sources/sra","data_sources",4
"SRP016859","mouse","sra","data_sources/sra","data_sources",60
"SRP171059","mouse","sra","data_sources/sra","data_sources",6
"SRP100059","mouse","sra","data_sources/sra","data_sources",9
"SRP071259","mouse","sra","data_sources/sra","data_sources",2
"SRP199459","mouse","sra","data_sources/sra","data_sources",9
"SRP117059","mouse","sra","data_sources/sra","data_sources",8
"ERP104759","mouse","sra","data_sources/sra","data_sources",12
"ERP005559","mouse","sra","data_sources/sra","data_sources",7
"SRP007359","mouse","sra","data_sources/sra","data_sources",5
"SRP049059","mouse","sra","data_sources/sra","data_sources",7
"SRP124759","mouse","sra","data_sources/sra","data_sources",6
"SRP078459","mouse","sra","data_sources/sra","data_sources",8
"SRP168559","mouse","sra","data_sources/sra","data_sources",6
"SRP055559","mouse","sra","data_sources/sra","data_sources",12
"DRP002659","mouse","sra","data_sources/sra","data_sources",2
"SRP102359","mouse","sra","data_sources/sra","data_sources",6
"SRP194059","mouse","sra","data_sources/sra","data_sources",5
"ERP109959","mouse","sra","data_sources/sra","data_sources",40
"SRP005859","mouse","sra","data_sources/sra","data_sources",2
"SRP142759","mouse","sra","data_sources/sra","data_sources",1
"SRP219859","mouse","sra","data_sources/sra","data_sources",23
"SRP010959","mouse","sra","data_sources/sra","data_sources",9
"SRP090059","mouse","sra","data_sources/sra","data_sources",6
"SRP193359","mouse","sra","data_sources/sra","data_sources",6
"SRP125759","mouse","sra","data_sources/sra","data_sources",21
"SRP102859","mouse","sra","data_sources/sra","data_sources",1
"SRP108759","mouse","sra","data_sources/sra","data_sources",24
"SRP076259","mouse","sra","data_sources/sra","data_sources",2
"SRP148959","mouse","sra","data_sources/sra","data_sources",32
"SRP165859","mouse","sra","data_sources/sra","data_sources",15
"SRP184259","mouse","sra","data_sources/sra","data_sources",5
"SRP173259","mouse","sra","data_sources/sra","data_sources",24
"SRP095359","mouse","sra","data_sources/sra","data_sources",12
"SRP150459","mouse","sra","data_sources/sra","data_sources",32
"SRP194159","mouse","sra","data_sources/sra","data_sources",10
"SRP083959","mouse","sra","data_sources/sra","data_sources",16
"SRP098559","mouse","sra","data_sources/sra","data_sources",24
"ERP010759","mouse","sra","data_sources/sra","data_sources",24
"SRP103859","mouse","sra","data_sources/sra","data_sources",6
